[ok] ranking_total: 100 works (unique so far 100)
[ok] ranking_year: 100 works (unique so far 185)
[ok] ranking_voice_total: 100 works (unique so far 277)
[ok] ranking_voice_year: 100 works (unique so far 364)
[ok] ranking_game_total: 100 works (unique so far 369)
[ok] ranking_game_year: 100 works (unique so far 380)
[ok] ranking_comic_total: 99 works (unique so far 472)
[ok] ranking_comic_year: 99 works (unique so far 553)
[ok] ranking_illust_total: 100 works (unique so far 553)
[ok] ranking_illust_year: 100 works (unique so far 553)
[ok] bestsellers_dl: 74 works (unique so far 603)
[ok] bestsellers_voice: 98 works (unique so far 644)
[ok] bestsellers_game: 70 works (unique so far 673)
[ok] bestsellers_comic: 45 works (unique so far 686)
[ok] bestsellers_sou: 98 works (unique so far 686)
[ok] bestsellers_rpg: 32 works (unique so far 687)
[ok] bestsellers_adv: 34 works (unique so far 717)
[ok] bestsellers_sim: 36 works (unique so far 717)
[ok] bestsellers_icg: 46 works (unique so far 742)
[ok] bestsellers_mng: 23 works (unique so far 742)
[ok] home_ranking_total: 100 works (unique so far 810)
[ok] home_ranking_year: 100 works (unique so far 872)
[ok] ranking_month: 100 works (unique so far 928)
[ok] ranking_week: 99 works (unique so far 971)
[ok] ranking_day: 100 works (unique so far 983)
[ok] ranking_voice_month: 100 works (unique so far 1034)
[ok] ranking_voice_week: 100 works (unique so far 1072)
[ok] ranking_voice_day: 100 works (unique so far 1086)
[ok] ranking_game_month: 99 works (unique so far 1100)
[ok] ranking_game_week: 98 works (unique so far 1116)
[ok] ranking_game_day: 98 works (unique so far 1122)
[ok] ranking_comic_month: 100 works (unique so far 1182)
[ok] ranking_comic_week: 100 works (unique so far 1223)
[ok] ranking_comic_day: 100 works (unique so far 1252)
[ok] trend: 64 works (unique so far 1257)
[ok] trend_voice: 44 works (unique so far 1260)
[ok] trend_game: 27 works (unique so far 1260)
[ok] sale_discount: 74 works (unique so far 1260)
[ok] maniax_new: 91 works (unique so far 1339)
[ok] home_ranking_month: 100 works (unique so far 1376)
[ok] home_ranking_week: 100 works (unique so far 1393)
[ok] home_ranking_day: 100 works (unique so far 1393)
[ok] bestsellers_dl_p2: 74 works (unique so far 1393)
[ok] bestsellers_voice_p2: 97 works (unique so far 1445)
[ok] bestsellers_game_p2: 72 works (unique so far 1497)
[ok] bestsellers_comic_p2: 39 works (unique so far 1530)
[ok] bestsellers_sou_p2: 97 works (unique so far 1530)
[ok] bestsellers_rpg100: 70 works (unique so far 1535)
[ok] bestsellers_adv100: 69 works (unique so far 1570)
[ok] bestsellers_sim100: 74 works (unique so far 1570)
[ok] bestsellers_icg100: 92 works (unique so far 1615)
[ok] bestsellers_mng100: 45 works (unique so far 1615)
[ok] bestsellers_mov: 90 works (unique so far 1702)
[ok] release_new: 55 works (unique so far 1741)
[ok] release_voice: 97 works (unique so far 1812)
[ok] release_game: 70 works (unique so far 1866)
[ok] release_comic: 25 works (unique so far 1869)
[ok] trend_p2: 74 works (unique so far 1884)
[ok] trend_voice100: 84 works (unique so far 1893)
[ok] trend_game100: 58 works (unique so far 1893)
[ok] sale_discount_p2: 74 works (unique so far 1893)
[ok] sale_trend: 64 works (unique so far 1893)
[ok] ranking_illust_month: 100 works (unique so far 1893)
[ok] ranking_illust_week: 99 works (unique so far 1893)
[ok] home_bestsellers_dl: 92 works (unique so far 1903)
[ok] home_bestsellers_dl_p2: 88 works (unique so far 1963)
[ok] home_new: 14 works (unique so far 1966)
[ok] price_desc: 28 works (unique so far 1992)
[ok] price_voice: 43 works (unique so far 2032)
[ok] bestsellers_dl_p3: 69 works (unique so far 2033)
[ok] bestsellers_voice_p3: 88 works (unique so far 2108)
[ok] bestsellers_game_p3: 76 works (unique so far 2166)
[ok] bestsellers_comic_p3: 47 works (unique so far 2204)
[ok] bestsellers_sou_p3: 88 works (unique so far 2204)
[ok] bestsellers_rpg_p2: 80 works (unique so far 2243)
[ok] bestsellers_adv_p2: 71 works (unique so far 2313)
[ok] bestsellers_sim_p2: 74 works (unique so far 2313)
[ok] bestsellers_icg_p2: 92 works (unique so far 2404)
[ok] bestsellers_mng_p2: 39 works (unique so far 2404)
[ok] bestsellers_mov_p2: 96 works (unique so far 2500)
[ok] release_new_p2: 39 works (unique so far 2505)
[ok] release_voice_p2: 94 works (unique so far 2573)
[ok] release_game_p2: 68 works (unique so far 2630)
[ok] release_comic_p2: 36 works (unique so far 2663)
[ok] trend_p3: 73 works (unique so far 2681)
[ok] trend_voice_p2: 83 works (unique so far 2718)
[ok] trend_game_p2: 67 works (unique so far 2745)
[ok] sale_discount_p3: 69 works (unique so far 2745)
[ok] sale_voice: 98 works (unique so far 2745)
[ok] sale_game: 70 works (unique so far 2745)
[ok] sale_comic: 45 works (unique so far 2745)
[ok] home_bestsellers_dl_p3: 92 works (unique so far 2816)
[ok] home_trend: 92 works (unique so far 2843)
[ok] home_release: 87 works (unique so far 2897)
[ok] price_sou100: 82 works (unique so far 2935)
[ok] price_game100: 8 works (unique so far 2941)
[ok] price_mng100: 11 works (unique so far 2950)
[ok] price_icg100: 57 works (unique so far 3006)
[ok] ranking_illust_day: 100 works (unique so far 3006)
[ok] bestsellers_dl_p4: 72 works (unique so far 3007)
[ok] bestsellers_dl_p5: 71 works (unique so far 3007)
[ok] bestsellers_voice_p4: 93 works (unique so far 3081)
[ok] bestsellers_voice_p5: 95 works (unique so far 3158)
[ok] bestsellers_game_p4: 82 works (unique so far 3189)
[ok] bestsellers_game_p5: 76 works (unique so far 3250)
[ok] bestsellers_comic_p4: 47 works (unique so far 3289)
[ok] bestsellers_comic_p5: 41 works (unique so far 3327)
[ok] bestsellers_sou_p4: 93 works (unique so far 3327)
[ok] bestsellers_sou_p5: 95 works (unique so far 3327)
[ok] bestsellers_rpg_p3: 81 works (unique so far 3361)
[ok] bestsellers_adv_p3: 72 works (unique so far 3433)
[ok] bestsellers_sim_p3: 69 works (unique so far 3433)
[ok] bestsellers_icg_p3: 94 works (unique so far 3526)
[ok] bestsellers_mng_p3: 47 works (unique so far 3526)
[ok] bestsellers_mov_p3: 92 works (unique so far 3617)
[ok] bestsellers_tool: 74 works (unique so far 3617)
[ok] bestsellers_mus: 93 works (unique so far 3708)
[ok] bestsellers_voice_type: 74 works (unique so far 3708)
[ok] release_new_p3: 37 works (unique so far 3726)
[ok] release_new_p4: 62 works (unique so far 3757)
[ok] release_voice_p3: 90 works (unique so far 3832)
[ok] release_game_p3: 68 works (unique so far 3889)
[ok] release_comic_p3: 63 works (unique so far 3940)
[ok] trend_p4: 74 works (unique so far 3955)
[ok] trend_voice_p3: 93 works (unique so far 4015)
[ok] trend_game_p3: 66 works (unique so far 4045)
[ok] sale_discount_p4: 72 works (unique so far 4045)
[ok] sale_voice_p2: 97 works (unique so far 4045)
[ok] sale_game_p2: 72 works (unique so far 4045)
[ok] sale_comic_p2: 39 works (unique so far 4045)
[ok] home_bestsellers_dl_p4: 97 works (unique so far 4120)
[ok] home_trend_p2: 87 works (unique so far 4164)
[ok] home_release_p2: 94 works (unique so far 4214)
[ok] price_sou_p2: 73 works (unique so far 4287)
[ok] price_game_p2: 4 works (unique so far 4291)
[ok] price_mng_p2: 19 works (unique so far 4308)
[ok] price_icg_p2: 41 works (unique so far 4349)
[ok] bestsellers_act: 74 works (unique so far 4349)
[ok] bestsellers_sln: 78 works (unique so far 4349)
[ok] bestsellers_tbl: 84 works (unique so far 4432)
[ok] price_asc_voice: 97 works (unique so far 4432)
[ok] price_asc_game: 70 works (unique so far 4432)
[ok] bestsellers_dl_p6: 75 works (unique so far 4432)
[ok] bestsellers_dl_p7: 66 works (unique so far 4432)
[ok] bestsellers_dl_p8: 71 works (unique so far 4432)
[ok] bestsellers_voice_p6: 96 works (unique so far 4515)
[ok] bestsellers_voice_p7: 93 works (unique so far 4592)
[ok] bestsellers_voice_p8: 91 works (unique so far 4667)
[ok] bestsellers_game_p6: 78 works (unique so far 4696)
[ok] bestsellers_game_p7: 80 works (unique so far 4759)
[ok] bestsellers_game_p8: 81 works (unique so far 4826)
[ok] bestsellers_comic_p6: 41 works (unique so far 4866)
[ok] bestsellers_comic_p7: 48 works (unique so far 4911)
[ok] bestsellers_sou_p6: 96 works (unique so far 4911)
[ok] bestsellers_sou_p7: 93 works (unique so far 4911)
[ok] bestsellers_sou_p8: 91 works (unique so far 4911)
[ok] bestsellers_rpg_p4: 88 works (unique so far 4911)
[ok] bestsellers_rpg_p5: 84 works (unique so far 4979)
[ok] bestsellers_adv_p4: 73 works (unique so far 5052)
[ok] bestsellers_adv_p5: 70 works (unique so far 5122)
[ok] bestsellers_sim_p4: 72 works (unique so far 5122)
[ok] bestsellers_icg_p4: 87 works (unique so far 5209)
[ok] bestsellers_icg_p5: 88 works (unique so far 5297)
[ok] bestsellers_mng_p4: 47 works (unique so far 5297)
[ok] bestsellers_mng_p5: 41 works (unique so far 5297)
[ok] bestsellers_mov_p4: 91 works (unique so far 5387)
[ok] bestsellers_act_p2: 74 works (unique so far 5387)
[ok] bestsellers_sln_p2: 76 works (unique so far 5387)
[ok] bestsellers_tbl_p2: 74 works (unique so far 5460)
[ok] bestsellers_tool_p2: 74 works (unique so far 5460)
[ok] bestsellers_mus_p2: 92 works (unique so far 5551)
[ok] bestsellers_voice_type_p2: 74 works (unique so far 5551)
[ok] release_new_p5: 59 works (unique so far 5581)
[ok] release_new_p6: 68 works (unique so far 5613)
[ok] release_voice_p4: 96 works (unique so far 5695)
[ok] release_voice_p5: 91 works (unique so far 5771)
[ok] release_game_p4: 83 works (unique so far 5841)
[ok] release_game_p5: 69 works (unique so far 5894)
[ok] release_comic_p4: 63 works (unique so far 5949)
[ok] trend_p5: 76 works (unique so far 5967)
[ok] trend_p6: 74 works (unique so far 5983)
[ok] trend_voice_p4: 88 works (unique so far 6037)
[ok] trend_game_p4: 68 works (unique so far 6068)
[ok] sale_discount_p5: 71 works (unique so far 6068)
[ok] sale_discount_p6: 75 works (unique so far 6068)
[ok] sale_voice_p3: 88 works (unique so far 6068)
[ok] sale_game_p3: 76 works (unique so far 6068)
[ok] sale_comic_p3: 47 works (unique so far 6068)
[ok] home_bestsellers_dl_p5: 96 works (unique so far 6150)
[ok] home_bestsellers_dl_p6: 94 works (unique so far 6235)
[ok] home_trend_p3: 84 works (unique so far 6286)
[ok] home_release_p3: 91 works (unique so far 6357)
[ok] price_sou_p3: 93 works (unique so far 6443)
[ok] price_game_p3: 8 works (unique so far 6447)
[ok] price_mng_p3: 4 works (unique so far 6451)
[ok] price_icg_p3: 73 works (unique so far 6523)
[ok] price_asc_voice_p2: 94 works (unique so far 6523)
[ok] price_asc_game_p2: 68 works (unique so far 6523)
[ok] review_sou: 97 works (unique so far 6537)
[ok] review_game: 76 works (unique so far 6537)
[ok] review_comic: 77 works (unique so far 6585)
[ok] review_sou_p2: 89 works (unique so far 6598)
[ok] review_game_p2: 84 works (unique so far 6600)
[ok] bestsellers_dl_p9: 67 works (unique so far 6600)
[ok] bestsellers_dl_p10: 74 works (unique so far 6600)
[ok] bestsellers_voice_p9: 96 works (unique so far 6683)
[ok] bestsellers_game_p9: 79 works (unique so far 6712)
[ok] books_ranking_total: 0 works (unique so far 6712)
[ok] books_ranking_year: 0 works (unique so far 6712)
[ok] books_ranking_month: 0 works (unique so far 6712)
[ok] pro_ranking_total: 0 works (unique so far 6712)
[ok] pro_ranking_year: 0 works (unique so far 6712)
[ok] pro_ranking_month: 0 works (unique so far 6712)
[ok] girls_ranking_total: 99 works (unique so far 6811)
[ok] girls_ranking_year: 99 works (unique so far 6880)
[ok] bl_ranking_total: 100 works (unique so far 6980)
[ok] bl_ranking_year: 100 works (unique so far 7047)
[ok] bestsellers_dl_p11: 72 works (unique so far 7047)
[ok] bestsellers_dl_p12: 70 works (unique so far 7048)
[ok] bestsellers_dl_p13: 76 works (unique so far 7048)
[ok] bestsellers_dl_p14: 72 works (unique so far 7049)
[ok] bestsellers_dl_p15: 77 works (unique so far 7049)
[ok] bestsellers_voice_p10: 97 works (unique so far 7129)
[ok] bestsellers_voice_p11: 92 works (unique so far 7213)
[ok] bestsellers_voice_p12: 92 works (unique so far 7296)
[ok] bestsellers_voice_p13: 93 works (unique so far 7372)
[ok] bestsellers_game_p10: 80 works (unique so far 7408)
[ok] bestsellers_game_p11: 82 works (unique so far 7481)
[ok] bestsellers_game_p12: 86 works (unique so far 7549)
[ok] bestsellers_game_p13: 79 works (unique so far 7612)
[ok] bestsellers_sou_p9: 96 works (unique so far 7612)
[ok] bestsellers_sou_p10: 97 works (unique so far 7612)
[ok] bestsellers_sou_p11: 92 works (unique so far 7612)
[ok] bestsellers_sou_p12: 92 works (unique so far 7612)
[ok] bestsellers_comic_p8: 41 works (unique so far 7651)
[ok] bestsellers_comic_p9: 55 works (unique so far 7703)
[ok] bestsellers_comic_p10: 49 works (unique so far 7750)
[ok] bestsellers_rpg_p6: 83 works (unique so far 7751)
[ok] bestsellers_rpg_p7: 88 works (unique so far 7766)
[ok] bestsellers_adv_p6: 74 works (unique so far 7840)
[ok] bestsellers_adv_p7: 72 works (unique so far 7912)
[ok] bestsellers_sim_p5: 71 works (unique so far 7912)
[ok] bestsellers_sim_p6: 75 works (unique so far 7912)
[ok] bestsellers_icg_p6: 91 works (unique so far 8002)
[ok] bestsellers_mng_p6: 41 works (unique so far 8002)
[ok] bestsellers_act_p3: 69 works (unique so far 8002)
[ok] bestsellers_sln_p3: 77 works (unique so far 8002)
[ok] bestsellers_mov_p5: 83 works (unique so far 8085)
[ok] bestsellers_mus_p3: 90 works (unique so far 8175)
[ok] bestsellers_voice_type_p3: 69 works (unique so far 8175)
[ok] release_new_p7: 58 works (unique so far 8175)
[ok] release_new_p8: 62 works (unique so far 8194)
[ok] release_voice_p6: 88 works (unique so far 8257)
[ok] release_voice_p7: 97 works (unique so far 8336)
[ok] release_game_p6: 76 works (unique so far 8400)
[ok] release_game_p7: 75 works (unique so far 8466)
[ok] release_comic_p5: 45 works (unique so far 8486)
[ok] trend_p7: 71 works (unique so far 8503)
[ok] trend_p8: 75 works (unique so far 8529)
[ok] trend_voice_p5: 91 works (unique so far 8570)
[ok] trend_game_p5: 61 works (unique so far 8590)
[ok] sale_discount_p7: 66 works (unique so far 8590)
[ok] sale_discount_p8: 71 works (unique so far 8590)
[ok] sale_voice_p4: 93 works (unique so far 8590)
[ok] sale_game_p4: 82 works (unique so far 8590)
[ok] review_sou_p3: 96 works (unique so far 8626)
[ok] review_sou_p4: 96 works (unique so far 8674)
[ok] review_game_p3: 86 works (unique so far 8674)
[ok] review_comic_p2: 88 works (unique so far 8748)
[ok] home_bestsellers_dl_p7: 97 works (unique so far 8833)
[ok] home_bestsellers_dl_p8: 94 works (unique so far 8914)
[ok] home_trend_p4: 84 works (unique so far 8958)
[ok] home_release_p4: 88 works (unique so far 9010)
[ok] price_sou_p4: 91 works (unique so far 9099)
[ok] price_game_p4: 2 works (unique so far 9100)
[ok] books_ranking_week: 0 works (unique so far 9100)
[ok] books_ranking_day: 0 works (unique so far 9100)
[ok] pro_ranking_week: 0 works (unique so far 9100)
[ok] pro_ranking_day: 0 works (unique so far 9100)
[ok] girls_ranking_month: 50 works (unique so far 9116)
[ok] bl_ranking_month: 49 works (unique so far 9139)
[ok] price_asc_sou: 97 works (unique so far 9139)
[ok] review_rpg: 79 works (unique so far 9139)
[ok] review_adv: 90 works (unique so far 9143)
[ok] review_icg: 87 works (unique so far 9191)
[ok] review_mng: 77 works (unique so far 9191)
[ok] bestsellers_dl_p16: 63 works (unique so far 9191)
[ok] bestsellers_dl_p17: 84 works (unique so far 9193)
[ok] bestsellers_dl_p18: 74 works (unique so far 9195)
[ok] bestsellers_dl_p19: 67 works (unique so far 9195)
[ok] bestsellers_dl_p20: 74 works (unique so far 9195)
[ok] bestsellers_voice_p14: 95 works (unique so far 9281)
[ok] bestsellers_voice_p15: 94 works (unique so far 9360)
[ok] bestsellers_voice_p16: 96 works (unique so far 9440)
[ok] bestsellers_voice_p17: 87 works (unique so far 9510)
[ok] bestsellers_game_p14: 84 works (unique so far 9563)
[ok] bestsellers_game_p15: 85 works (unique so far 9630)
[ok] bestsellers_game_p16: 78 works (unique so far 9691)
[ok] bestsellers_game_p17: 79 works (unique so far 9757)
[ok] bestsellers_sou_p13: 93 works (unique so far 9757)
[ok] bestsellers_sou_p14: 95 works (unique so far 9757)
[ok] bestsellers_sou_p15: 94 works (unique so far 9757)
[ok] bestsellers_sou_p16: 96 works (unique so far 9757)
[ok] bestsellers_comic_p11: 54 works (unique so far 9807)
[ok] bestsellers_comic_p12: 60 works (unique so far 9863)
[ok] bestsellers_rpg_p8: 85 works (unique so far 9863)
[ok] bestsellers_rpg_p9: 84 works (unique so far 9886)
[ok] bestsellers_adv_p8: 66 works (unique so far 9950)
[ok] bestsellers_adv_p9: 68 works (unique so far 10017)
[ok] bestsellers_sim_p7: 66 works (unique so far 10017)
[ok] bestsellers_sim_p8: 71 works (unique so far 10017)
[ok] bestsellers_icg_p7: 92 works (unique so far 10108)
[ok] bestsellers_mng_p7: 48 works (unique so far 10108)
[ok] bestsellers_act_p4: 72 works (unique so far 10108)
[ok] bestsellers_sln_p4: 79 works (unique so far 10108)
[ok] bestsellers_mov_p6: 89 works (unique so far 10197)
[ok] bestsellers_mus_p4: 88 works (unique so far 10285)
[ok] bestsellers_voice_type_p4: 72 works (unique so far 10285)
[ok] release_new_p9: 64 works (unique so far 10300)
[ok] release_new_p10: 65 works (unique so far 10330)
[ok] release_voice_p8: 99 works (unique so far 10400)
[ok] release_voice_p9: 94 works (unique so far 10463)
[ok] release_game_p8: 89 works (unique so far 10540)
[ok] release_game_p9: 75 works (unique so far 10603)
[ok] release_comic_p6: 60 works (unique so far 10652)
[ok] trend_p9: 71 works (unique so far 10666)
[ok] trend_p10: 70 works (unique so far 10682)
[ok] trend_voice_p6: 95 works (unique so far 10714)
[ok] trend_game_p6: 65 works (unique so far 10731)
[ok] sale_discount_p9: 67 works (unique so far 10731)
[ok] sale_discount_p10: 74 works (unique so far 10731)
[ok] sale_voice_p5: 95 works (unique so far 10731)
[ok] sale_game_p5: 76 works (unique so far 10731)
[ok] review_sou_p5: 93 works (unique so far 10773)
[ok] review_sou_p6: 96 works (unique so far 10824)
[ok] review_game_p4: 82 works (unique so far 10829)
[ok] review_comic_p3: 73 works (unique so far 10876)
[ok] home_bestsellers_dl_p9: 93 works (unique so far 10955)
[ok] home_bestsellers_dl_p10: 93 works (unique so far 11038)
[ok] home_trend_p5: 87 works (unique so far 11082)
[ok] home_release_p5: 81 works (unique so far 11131)
[ok] price_sou_p5: 87 works (unique so far 11216)
[ok] price_game_p5: 2 works (unique so far 11218)
[ok] review_rpg_p2: 89 works (unique so far 11218)
[ok] review_adv_p2: 86 works (unique so far 11227)
[ok] review_icg_p2: 94 works (unique so far 11297)
[ok] review_mng_p2: 88 works (unique so far 11297)
[ok] price_asc_sou_p2: 94 works (unique so far 11297)
[ok] price_asc_voice_p2: 94 works (unique so far 11297)
[ok] price_asc_game_p2: 68 works (unique so far 11297)
[ok] girls_ranking_week: 50 works (unique so far 11305)
[ok] bl_ranking_week: 50 works (unique so far 11322)
[ok] books_bestsellers_dl: 74 works (unique so far 11322)
[ok] pro_bestsellers_dl: 74 works (unique so far 11322)
[ok] bestsellers_dl_p21: 76 works (unique so far 11322)
[ok] bestsellers_dl_p22: 84 works (unique so far 11322)
[ok] bestsellers_dl_p23: 70 works (unique so far 11322)
[ok] bestsellers_dl_p24: 77 works (unique so far 11323)
[ok] bestsellers_dl_p25: 81 works (unique so far 11323)
[ok] bestsellers_voice_p18: 96 works (unique so far 11403)
[ok] bestsellers_voice_p19: 92 works (unique so far 11481)
[ok] bestsellers_voice_p20: 93 works (unique so far 11556)
[ok] bestsellers_voice_p21: 95 works (unique so far 11628)
[ok] bestsellers_game_p18: 84 works (unique so far 11668)
[ok] bestsellers_game_p19: 82 works (unique so far 11738)
[ok] bestsellers_game_p20: 84 works (unique so far 11800)
[ok] bestsellers_game_p21: 83 works (unique so far 11862)
[ok] bestsellers_sou_p17: 87 works (unique so far 11862)
[ok] bestsellers_sou_p18: 96 works (unique so far 11862)
[ok] bestsellers_sou_p19: 92 works (unique so far 11862)
[ok] bestsellers_sou_p20: 93 works (unique so far 11862)
[ok] bestsellers_comic_p13: 55 works (unique so far 11910)
[ok] bestsellers_comic_p14: 55 works (unique so far 11963)
[ok] bestsellers_rpg_p10: 86 works (unique so far 11963)
[ok] bestsellers_rpg_p11: 82 works (unique so far 11997)
[ok] bestsellers_adv_p10: 76 works (unique so far 12071)
[ok] bestsellers_adv_p11: 70 works (unique so far 12138)
[ok] bestsellers_sim_p9: 67 works (unique so far 12138)
[ok] bestsellers_sim_p10: 74 works (unique so far 12138)
[ok] bestsellers_icg_p8: 92 works (unique so far 12228)
[ok] bestsellers_mng_p8: 41 works (unique so far 12228)
[ok] bestsellers_act_p5: 71 works (unique so far 12228)
[ok] bestsellers_sln_p5: 81 works (unique so far 12228)
[ok] bestsellers_mov_p7: 81 works (unique so far 12308)
[ok] bestsellers_mus_p5: 93 works (unique so far 12401)
[ok] bestsellers_voice_type_p5: 71 works (unique so far 12401)
[ok] release_new_p11: 68 works (unique so far 12439)
[ok] release_new_p12: 44 works (unique so far 12453)
[ok] release_voice_p10: 99 works (unique so far 12534)
[ok] release_voice_p11: 95 works (unique so far 12618)
[ok] release_game_p10: 74 works (unique so far 12678)
[ok] release_game_p11: 81 works (unique so far 12748)
[ok] release_comic_p7: 50 works (unique so far 12792)
[ok] trend_p11: 71 works (unique so far 12813)
[ok] trend_p12: 73 works (unique so far 12838)
[ok] trend_voice_p7: 93 works (unique so far 12868)
[ok] trend_game_p7: 61 works (unique so far 12882)
[ok] sale_discount_p11: 72 works (unique so far 12882)
[ok] sale_discount_p12: 70 works (unique so far 12882)
[ok] sale_voice_p6: 96 works (unique so far 12882)
[ok] sale_game_p6: 78 works (unique so far 12882)
[ok] review_sou_p7: 98 works (unique so far 12936)
[ok] review_sou_p8: 97 works (unique so far 12986)
[ok] review_game_p5: 84 works (unique so far 12992)
[ok] review_comic_p4: 68 works (unique so far 13032)
[ok] home_bestsellers_dl_p11: 93 works (unique so far 13114)
[ok] home_bestsellers_dl_p12: 92 works (unique so far 13191)
[ok] home_trend_p6: 86 works (unique so far 13234)
[ok] home_release_p6: 88 works (unique so far 13305)
[ok] price_sou_p6: 92 works (unique so far 13391)
[ok] price_game_p6: 7 works (unique so far 13397)
[ok] review_rpg_p3: 84 works (unique so far 13397)
[ok] review_adv_p3: 81 works (unique so far 13405)
[ok] review_icg_p3: 98 works (unique so far 13483)
[ok] review_mng_p3: 73 works (unique so far 13483)
[ok] price_asc_sou_p3: 90 works (unique so far 13483)
[ok] price_asc_voice_p3: 90 works (unique so far 13483)
[ok] price_asc_game_p3: 68 works (unique so far 13483)
[ok] girls_ranking_day: 30 works (unique so far 13485)
[ok] bl_ranking_day: 30 works (unique so far 13485)
[ok] books_bestsellers_dl_p2: 74 works (unique so far 13485)
[ok] pro_bestsellers_dl_p2: 74 works (unique so far 13485)
[ok] bestsellers_tbl_p3: 79 works (unique so far 13561)
[ok] bestsellers_tool_p3: 69 works (unique so far 13561)
[ok] trend_voice_p8: 88 works (unique so far 13598)
[ok] trend_game_p8: 70 works (unique so far 13613)
[ok] bestsellers_dl_p26: 72 works (unique so far 13613)
[ok] bestsellers_dl_p27: 71 works (unique so far 13613)
[ok] bestsellers_dl_p28: 77 works (unique so far 13613)
[ok] bestsellers_dl_p29: 70 works (unique so far 13613)
[ok] bestsellers_dl_p30: 84 works (unique so far 13613)
[ok] bestsellers_voice_p22: 95 works (unique so far 13685)
[ok] bestsellers_voice_p23: 93 works (unique so far 13753)
[ok] bestsellers_voice_p24: 96 works (unique so far 13830)
[ok] bestsellers_voice_p25: 94 works (unique so far 13913)
[ok] bestsellers_game_p22: 84 works (unique so far 13942)
[ok] bestsellers_game_p23: 79 works (unique so far 13996)
[ok] bestsellers_game_p24: 81 works (unique so far 14056)
[ok] bestsellers_game_p25: 87 works (unique so far 14120)
[ok] bestsellers_sou_p21: 95 works (unique so far 14120)
[ok] bestsellers_sou_p22: 95 works (unique so far 14120)
[ok] bestsellers_sou_p23: 93 works (unique so far 14120)
[ok] bestsellers_sou_p24: 96 works (unique so far 14120)
[ok] bestsellers_comic_p15: 51 works (unique so far 14170)
[ok] bestsellers_comic_p16: 65 works (unique so far 14228)
[ok] bestsellers_rpg_p12: 84 works (unique so far 14228)
[ok] bestsellers_rpg_p13: 85 works (unique so far 14272)
[ok] bestsellers_adv_p12: 64 works (unique so far 14333)
[ok] bestsellers_adv_p13: 69 works (unique so far 14402)
[ok] bestsellers_sim_p11: 72 works (unique so far 14402)
[ok] bestsellers_sim_p12: 70 works (unique so far 14402)
[ok] bestsellers_icg_p9: 92 works (unique so far 14493)
[ok] bestsellers_mng_p9: 55 works (unique so far 14493)
[ok] bestsellers_act_p6: 75 works (unique so far 14493)
[ok] bestsellers_sln_p6: 82 works (unique so far 14503)
[ok] bestsellers_mov_p8: 81 works (unique so far 14583)
[ok] bestsellers_mus_p6: 93 works (unique so far 14676)
[ok] bestsellers_voice_type_p6: 75 works (unique so far 14676)
[ok] release_new_p13: 60 works (unique so far 14708)
[ok] release_new_p14: 81 works (unique so far 14732)
[ok] release_voice_p12: 92 works (unique so far 14810)
[ok] release_voice_p13: 95 works (unique so far 14882)
[ok] release_game_p12: 80 works (unique so far 14944)
[ok] release_game_p13: 75 works (unique so far 15005)
[ok] release_comic_p8: 14 works (unique so far 15017)
[ok] trend_p13: 74 works (unique so far 15037)
[ok] trend_p14: 65 works (unique so far 15048)
[ok] trend_voice_p9: 96 works (unique so far 15078)
[ok] trend_game_p9: 59 works (unique so far 15088)
[ok] sale_discount_p13: 76 works (unique so far 15088)
[ok] sale_discount_p14: 72 works (unique so far 15088)
[ok] sale_voice_p7: 93 works (unique so far 15088)
[ok] sale_game_p7: 80 works (unique so far 15088)
[ok] review_sou_p9: 97 works (unique so far 15136)
[ok] review_sou_p10: 91 works (unique so far 15173)
[ok] review_game_p6: 84 works (unique so far 15175)
[ok] review_comic_p5: 68 works (unique so far 15215)
[ok] home_bestsellers_dl_p13: 95 works (unique so far 15301)
[ok] home_bestsellers_dl_p14: 89 works (unique so far 15374)
[ok] home_trend_p7: 87 works (unique so far 15415)
[ok] home_release_p7: 93 works (unique so far 15469)
[ok] price_sou_p7: 90 works (unique so far 15552)
[ok] price_game_p7: 3 works (unique so far 15553)
[ok] review_rpg_p4: 86 works (unique so far 15553)
[ok] review_adv_p4: 70 works (unique so far 15561)
[ok] review_icg_p4: 94 works (unique so far 15609)
[ok] review_mng_p4: 68 works (unique so far 15609)
[ok] price_asc_sou_p4: 96 works (unique so far 15609)
[ok] price_asc_voice_p4: 96 works (unique so far 15609)
[ok] price_asc_game_p4: 83 works (unique so far 15609)
[ok] books_bestsellers_dl_p3: 69 works (unique so far 15609)
[ok] pro_bestsellers_dl_p3: 69 works (unique so far 15609)
[ok] bestsellers_tbl_p4: 83 works (unique so far 15688)
[ok] bestsellers_tool_p4: 72 works (unique so far 15688)
[ok] trend_voice_p10: 94 works (unique so far 15726)
[ok] trend_game_p10: 68 works (unique so far 15735)
[ok] bestsellers_voice_type_p7: 66 works (unique so far 15735)
[ok] bestsellers_mus_p7: 88 works (unique so far 15823)
[ok] girls_bestsellers_dl: 43 works (unique so far 15843)
[ok] bl_bestsellers_dl: 73 works (unique so far 15870)
[ok] bestsellers_dl_p31: 82 works (unique so far 15870)
[ok] bestsellers_dl_p32: 77 works (unique so far 15870)
[ok] bestsellers_dl_p33: 82 works (unique so far 15871)
[ok] bestsellers_dl_p34: 77 works (unique so far 15871)
[ok] bestsellers_dl_p35: 80 works (unique so far 15871)
[ok] bestsellers_voice_p26: 95 works (unique so far 15948)
[ok] bestsellers_voice_p27: 98 works (unique so far 16022)
[ok] bestsellers_voice_p28: 98 works (unique so far 16103)
[ok] bestsellers_voice_p29: 93 works (unique so far 16177)
[ok] bestsellers_voice_p30: 95 works (unique so far 16252)
[ok] bestsellers_game_p26: 83 works (unique so far 16274)
[ok] bestsellers_game_p27: 86 works (unique so far 16325)
[ok] bestsellers_game_p28: 82 works (unique so far 16392)
[ok] bestsellers_game_p29: 76 works (unique so far 16448)
[ok] bestsellers_game_p30: 81 works (unique so far 16507)
[ok] bestsellers_sou_p25: 94 works (unique so far 16507)
[ok] bestsellers_sou_p26: 95 works (unique so far 16507)
[ok] bestsellers_sou_p27: 98 works (unique so far 16507)
[ok] bestsellers_sou_p28: 98 works (unique so far 16507)
[ok] bestsellers_sou_p29: 93 works (unique so far 16507)
[ok] bestsellers_comic_p17: 65 works (unique so far 16567)
[ok] bestsellers_comic_p18: 61 works (unique so far 16621)
[ok] bestsellers_comic_p19: 53 works (unique so far 16668)
[ok] bestsellers_rpg_p14: 89 works (unique so far 16668)
[ok] bestsellers_adv_p14: 70 works (unique so far 16733)
[ok] bestsellers_rpg_p15: 87 works (unique so far 16757)
[ok] bestsellers_adv_p15: 71 works (unique so far 16826)
[ok] bestsellers_sim_p13: 76 works (unique so far 16826)
[ok] bestsellers_sim_p14: 72 works (unique so far 16826)
[ok] bestsellers_icg_p10: 92 works (unique so far 16916)
[ok] bestsellers_mng_p10: 50 works (unique so far 16916)
[ok] bestsellers_icg_p11: 95 works (unique so far 17010)
[ok] bestsellers_mng_p11: 54 works (unique so far 17010)
[ok] bestsellers_act_p7: 66 works (unique so far 17010)
[ok] bestsellers_sln_p7: 80 works (unique so far 17021)
[ok] bestsellers_act_p8: 71 works (unique so far 17021)
[ok] bestsellers_sln_p8: 83 works (unique so far 17098)
[ok] bestsellers_mov_p9: 82 works (unique so far 17179)
[ok] bestsellers_mus_p8: 79 works (unique so far 17258)
[ok] bestsellers_voice_type_p8: 71 works (unique so far 17258)
[ok] release_new_p15: 63 works (unique so far 17303)
[ok] trend_p15: 67 works (unique so far 17323)
[ok] sale_discount_p15: 77 works (unique so far 17323)
[ok] release_new_p16: 69 works (unique so far 17347)
[ok] trend_p16: 69 works (unique so far 17370)
[ok] sale_discount_p16: 63 works (unique so far 17370)
[ok] release_voice_p14: 95 works (unique so far 17451)
[ok] release_game_p14: 77 works (unique so far 17505)
[ok] release_voice_p15: 93 works (unique so far 17575)
[ok] release_game_p15: 66 works (unique so far 17627)
[ok] release_comic_p9: 49 works (unique so far 17665)
[ok] trend_voice_p11: 91 works (unique so far 17697)
[ok] trend_game_p11: 73 works (unique so far 17707)
[ok] trend_voice_p12: 95 works (unique so far 17751)
[ok] trend_game_p12: 60 works (unique so far 17764)
[ok] sale_voice_p8: 91 works (unique so far 17764)
[ok] sale_game_p8: 81 works (unique so far 17764)
[ok] sale_voice_p9: 96 works (unique so far 17764)
[ok] sale_game_p9: 79 works (unique so far 17764)
[ok] review_sou_p11: 97 works (unique so far 17810)
[ok] review_sou_p12: 96 works (unique so far 17851)
[ok] review_game_p7: 85 works (unique so far 17853)
[ok] review_comic_p6: 70 works (unique so far 17887)
[ok] review_rpg_p5: 88 works (unique so far 17889)
[ok] review_adv_p5: 72 works (unique so far 17898)
[ok] review_icg_p5: 93 works (unique so far 17950)
[ok] review_mng_p5: 68 works (unique so far 17950)
[ok] home_bestsellers_dl_p15: 83 works (unique so far 18020)
[ok] home_bestsellers_dl_p16: 92 works (unique so far 18097)
[ok] home_trend_p8: 93 works (unique so far 18132)
[ok] home_release_p8: 89 works (unique so far 18202)
[ok] price_sou_p8: 93 works (unique so far 18293)
[ok] price_game_p8: 8 works (unique so far 18297)
[ok] price_asc_sou_p5: 91 works (unique so far 18297)
[ok] price_asc_voice_p5: 91 works (unique so far 18297)
[ok] price_asc_game_p5: 69 works (unique so far 18297)
[ok] books_bestsellers_dl_p4: 72 works (unique so far 18297)
[ok] pro_bestsellers_dl_p4: 72 works (unique so far 18297)
[ok] bestsellers_tbl_p5: 85 works (unique so far 18363)
[ok] bestsellers_tool_p5: 71 works (unique so far 18363)
[ok] girls_bestsellers_dl_p2: 33 works (unique so far 18390)
[ok] bl_bestsellers_dl_p2: 73 works (unique so far 18444)
[ok] girls_ranking_month: 50 works (unique so far 18444)
[ok] bl_ranking_month: 49 works (unique so far 18444)
[ok] bestsellers_voice_type_p9: 67 works (unique so far 18444)
[ok] bestsellers_mus_p9: 78 works (unique so far 18522)
[ok] bestsellers_dl_p36: 76 works (unique so far 18522)
[ok] bestsellers_dl_p37: 76 works (unique so far 18522)
[ok] bestsellers_dl_p38: 78 works (unique so far 18524)
[ok] bestsellers_dl_p39: 76 works (unique so far 18524)
[ok] bestsellers_dl_p40: 84 works (unique so far 18525)
[ok] bestsellers_voice_p31: 91 works (unique so far 18598)
[ok] bestsellers_voice_p32: 95 works (unique so far 18672)
[ok] bestsellers_voice_p33: 95 works (unique so far 18749)
[ok] bestsellers_voice_p34: 94 works (unique so far 18822)
[ok] bestsellers_voice_p35: 97 works (unique so far 18898)
[ok] bestsellers_game_p31: 82 works (unique so far 18926)
[ok] bestsellers_game_p32: 77 works (unique so far 18972)
[ok] bestsellers_game_p33: 83 works (unique so far 19009)
[ok] bestsellers_game_p34: 86 works (unique so far 19061)
[ok] bestsellers_game_p35: 84 works (unique so far 19108)
[ok] bestsellers_sou_p30: 96 works (unique so far 19108)
[ok] bestsellers_sou_p31: 91 works (unique so far 19108)
[ok] bestsellers_sou_p32: 95 works (unique so far 19108)
[ok] bestsellers_sou_p33: 95 works (unique so far 19108)
[ok] bestsellers_sou_p34: 94 works (unique so far 19108)
[ok] bestsellers_comic_p20: 54 works (unique so far 19158)
[ok] bestsellers_comic_p21: 50 works (unique so far 19204)
[ok] bestsellers_comic_p22: 47 works (unique so far 19248)
[ok] bestsellers_rpg_p16: 81 works (unique so far 19248)
[ok] bestsellers_adv_p16: 60 works (unique so far 19303)
[ok] bestsellers_rpg_p17: 89 works (unique so far 19312)
[ok] bestsellers_adv_p17: 72 works (unique so far 19381)
[ok] bestsellers_sim_p15: 77 works (unique so far 19381)
[ok] bestsellers_sim_p16: 63 works (unique so far 19381)
[ok] bestsellers_icg_p12: 91 works (unique so far 19468)
[ok] bestsellers_mng_p12: 59 works (unique so far 19468)
[ok] bestsellers_icg_p13: 91 works (unique so far 19557)
[ok] bestsellers_mng_p13: 55 works (unique so far 19557)
[ok] bestsellers_act_p9: 67 works (unique so far 19557)
[ok] bestsellers_sln_p9: 76 works (unique so far 19623)
[ok] bestsellers_act_p10: 74 works (unique so far 19623)
[ok] bestsellers_sln_p10: 82 works (unique so far 19698)
[ok] bestsellers_mov_p10: 89 works (unique so far 19787)
[ok] bestsellers_mus_p10: 86 works (unique so far 19873)
[ok] bestsellers_voice_type_p10: 74 works (unique so far 19873)
[ok] release_new_p17: 68 works (unique so far 19873)
[ok] trend_p17: 79 works (unique so far 19901)
[ok] sale_discount_p17: 84 works (unique so far 19901)
[ok] release_new_p18: 54 works (unique so far 19912)
[ok] trend_p18: 69 works (unique so far 19931)
[ok] sale_discount_p18: 74 works (unique so far 19931)
[ok] release_voice_p16: 96 works (unique so far 20001)
[ok] release_game_p16: 73 works (unique so far 20065)
[ok] release_voice_p17: 98 works (unique so far 20133)
[ok] release_game_p17: 78 works (unique so far 20203)
[ok] release_comic_p10: 56 works (unique so far 20228)
[ok] trend_voice_p13: 89 works (unique so far 20264)
[ok] trend_game_p13: 77 works (unique so far 20274)
[ok] trend_voice_p14: 89 works (unique so far 20311)
[ok] trend_game_p14: 70 works (unique so far 20319)
[ok] sale_voice_p10: 97 works (unique so far 20319)
[ok] sale_game_p10: 80 works (unique so far 20319)
[ok] sale_voice_p11: 92 works (unique so far 20319)
[ok] sale_game_p11: 82 works (unique so far 20319)
[ok] review_sou_p13: 93 works (unique so far 20359)
[ok] review_sou_p14: 94 works (unique so far 20391)
[ok] review_game_p8: 83 works (unique so far 20395)
[ok] review_comic_p7: 68 works (unique so far 20422)
[ok] review_rpg_p6: 90 works (unique so far 20423)
[ok] review_adv_p6: 72 works (unique so far 20432)
[ok] review_icg_p6: 93 works (unique so far 20468)
[ok] review_mng_p6: 70 works (unique so far 20468)
[ok] home_bestsellers_dl_p17: 97 works (unique so far 20549)
[ok] home_bestsellers_dl_p18: 85 works (unique so far 20611)
[ok] home_trend_p9: 89 works (unique so far 20638)
[ok] home_release_p9: 89 works (unique so far 20694)
[ok] price_sou_p9: 93 works (unique so far 20764)
[ok] price_game_p9: 4 works (unique so far 20766)
[ok] price_asc_sou_p6: 88 works (unique so far 20766)
[ok] price_asc_voice_p6: 88 works (unique so far 20766)
[ok] price_asc_game_p6: 76 works (unique so far 20766)
[ok] books_bestsellers_dl_p5: 71 works (unique so far 20766)
[ok] pro_bestsellers_dl_p5: 71 works (unique so far 20766)
[ok] bestsellers_tbl_p6: 13 works (unique so far 20776)
[ok] bestsellers_tool_p6: 75 works (unique so far 20776)
[ok] girls_bestsellers_dl_p3: 40 works (unique so far 20811)
[ok] bl_bestsellers_dl_p3: 76 works (unique so far 20878)
[ok] girls_ranking_year: 99 works (unique so far 20878)
[ok] bl_ranking_year: 100 works (unique so far 20878)
[ok] bestsellers_voice_type_p11: 72 works (unique so far 20878)
[ok] bestsellers_mus_p11: 88 works (unique so far 20966)
[ok] bestsellers_dl_p41: 71 works (unique so far 20966)
[ok] bestsellers_dl_p42: 82 works (unique so far 20966)
[ok] bestsellers_dl_p43: 82 works (unique so far 20966)
[ok] bestsellers_dl_p44: 73 works (unique so far 20966)
[ok] bestsellers_dl_p45: 76 works (unique so far 20966)
[ok] bestsellers_voice_p36: 92 works (unique so far 21037)
[ok] bestsellers_voice_p37: 98 works (unique so far 21110)
[ok] bestsellers_voice_p38: 92 works (unique so far 21176)
[ok] bestsellers_voice_p39: 96 works (unique so far 21247)
[ok] bestsellers_voice_p40: 95 works (unique so far 21322)
[ok] bestsellers_game_p36: 77 works (unique so far 21357)
[ok] bestsellers_game_p37: 79 works (unique so far 21393)
[ok] bestsellers_game_p38: 81 works (unique so far 21441)
[ok] bestsellers_game_p39: 83 works (unique so far 21486)
[ok] bestsellers_game_p40: 91 works (unique so far 21549)
[ok] bestsellers_sou_p35: 97 works (unique so far 21549)
[ok] bestsellers_sou_p36: 92 works (unique so far 21549)
[ok] bestsellers_sou_p37: 98 works (unique so far 21549)
[ok] bestsellers_sou_p38: 92 works (unique so far 21549)
[ok] bestsellers_sou_p39: 96 works (unique so far 21549)
[ok] bestsellers_comic_p23: 63 works (unique so far 21605)
[ok] bestsellers_comic_p24: 51 works (unique so far 21651)
[ok] bestsellers_comic_p25: 55 works (unique so far 21702)
[ok] bestsellers_rpg_p18: 83 works (unique so far 21702)
[ok] bestsellers_adv_p18: 71 works (unique so far 21771)
[ok] bestsellers_rpg_p19: 91 works (unique so far 21772)
[ok] bestsellers_adv_p19: 71 works (unique so far 21840)
[ok] bestsellers_sim_p17: 84 works (unique so far 21840)
[ok] bestsellers_sim_p18: 74 works (unique so far 21840)
[ok] bestsellers_icg_p14: 92 works (unique so far 21930)
[ok] bestsellers_mng_p14: 55 works (unique so far 21930)
[ok] bestsellers_icg_p15: 88 works (unique so far 22016)
[ok] bestsellers_mng_p15: 52 works (unique so far 22016)
[ok] bestsellers_act_p11: 72 works (unique so far 22016)
[ok] bestsellers_sln_p11: 78 works (unique so far 22089)
[ok] bestsellers_act_p12: 70 works (unique so far 22089)
[ok] bestsellers_sln_p12: 86 works (unique so far 22167)
[ok] bestsellers_mov_p11: 75 works (unique so far 22242)
[ok] bestsellers_mus_p12: 87 works (unique so far 22329)
[ok] bestsellers_voice_type_p12: 70 works (unique so far 22329)
[ok] release_new_p19: 18 works (unique so far 22332)
[ok] trend_p19: 67 works (unique so far 22350)
[ok] sale_discount_p19: 67 works (unique so far 22350)
[ok] release_new_p20: 62 works (unique so far 22393)
[ok] trend_p20: 78 works (unique so far 22418)
[ok] sale_discount_p20: 74 works (unique so far 22418)
[ok] release_voice_p18: 99 works (unique so far 22490)
[ok] release_game_p18: 75 works (unique so far 22556)
[ok] release_voice_p19: 97 works (unique so far 22621)
[ok] release_game_p19: 76 works (unique so far 22689)
[ok] release_comic_p11: 30 works (unique so far 22711)
[ok] trend_voice_p15: 90 works (unique so far 22739)
[ok] trend_game_p15: 65 works (unique so far 22749)
[ok] trend_voice_p16: 94 works (unique so far 22786)
[ok] trend_game_p16: 71 works (unique so far 22790)
[ok] sale_voice_p12: 92 works (unique so far 22790)
[ok] sale_game_p12: 86 works (unique so far 22790)
[ok] sale_voice_p13: 93 works (unique so far 22790)
[ok] sale_game_p13: 79 works (unique so far 22790)
[ok] review_sou_p15: 94 works (unique so far 22824)
[ok] review_sou_p16: 97 works (unique so far 22859)
[ok] review_game_p9: 85 works (unique so far 22861)
[ok] review_comic_p8: 74 works (unique so far 22905)
[ok] review_rpg_p7: 89 works (unique so far 22908)
[ok] review_adv_p7: 72 works (unique so far 22913)
[ok] review_icg_p7: 95 works (unique so far 22955)
[ok] review_mng_p7: 68 works (unique so far 22955)
[ok] home_bestsellers_dl_p19: 91 works (unique so far 23027)
[ok] home_bestsellers_dl_p20: 95 works (unique so far 23099)
[ok] home_trend_p10: 90 works (unique so far 23143)
[ok] home_release_p10: 93 works (unique so far 23217)
[ok] price_sou_p10: 92 works (unique so far 23300)
[ok] price_game_p10: 4 works (unique so far 23302)
[ok] price_asc_sou_p7: 97 works (unique so far 23302)
[ok] price_asc_voice_p7: 97 works (unique so far 23302)
[ok] price_asc_game_p7: 75 works (unique so far 23302)
[ok] books_bestsellers_dl_p6: 75 works (unique so far 23302)
[ok] pro_bestsellers_dl_p6: 75 works (unique so far 23302)
[ok] bestsellers_tool_p7: 66 works (unique so far 23302)
[ok] girls_bestsellers_dl_p4: 42 works (unique so far 23342)
[ok] bl_bestsellers_dl_p4: 64 works (unique so far 23393)
[ok] girls_ranking_month: 50 works (unique so far 23393)
[ok] bl_ranking_month: 49 works (unique so far 23393)
[ok] bestsellers_voice_type_p13: 76 works (unique so far 23393)
[ok] bestsellers_mus_p13: 85 works (unique so far 23478)
[ok] bestsellers_dl_p46: 80 works (unique so far 23478)
[ok] bestsellers_dl_p47: 77 works (unique so far 23478)
[ok] bestsellers_dl_p48: 82 works (unique so far 23478)
[ok] bestsellers_dl_p49: 79 works (unique so far 23479)
[ok] bestsellers_dl_p50: 80 works (unique so far 23479)
[ok] bestsellers_voice_p41: 95 works (unique so far 23553)
[ok] bestsellers_voice_p42: 97 works (unique so far 23628)
[ok] bestsellers_voice_p43: 95 works (unique so far 23694)
[ok] bestsellers_voice_p44: 96 works (unique so far 23768)
[ok] bestsellers_voice_p45: 92 works (unique so far 23827)
[ok] bestsellers_game_p41: 82 works (unique so far 23873)
[ok] bestsellers_game_p42: 77 works (unique so far 23914)
[ok] bestsellers_game_p43: 85 works (unique so far 23950)
[ok] bestsellers_game_p44: 85 works (unique so far 23987)
[ok] bestsellers_game_p45: 77 works (unique so far 24040)
[ok] bestsellers_sou_p40: 95 works (unique so far 24040)
[ok] bestsellers_sou_p41: 95 works (unique so far 24040)
[ok] bestsellers_sou_p42: 97 works (unique so far 24040)
[ok] bestsellers_sou_p43: 95 works (unique so far 24040)
[ok] bestsellers_sou_p44: 96 works (unique so far 24040)
[ok] bestsellers_comic_p26: 58 works (unique so far 24092)
[ok] bestsellers_comic_p27: 54 works (unique so far 24142)
[ok] bestsellers_comic_p28: 50 works (unique so far 24189)
[ok] bestsellers_rpg_p20: 85 works (unique so far 24189)
[ok] bestsellers_adv_p20: 62 works (unique so far 24244)
[ok] bestsellers_rpg_p21: 89 works (unique so far 24244)
[ok] bestsellers_adv_p21: 70 works (unique so far 24312)
[ok] bestsellers_sim_p19: 67 works (unique so far 24312)
[ok] bestsellers_sim_p20: 74 works (unique so far 24312)
[ok] bestsellers_icg_p16: 92 works (unique so far 24401)
[ok] bestsellers_mng_p16: 65 works (unique so far 24401)
[ok] bestsellers_icg_p17: 95 works (unique so far 24491)
[ok] bestsellers_mng_p17: 65 works (unique so far 24491)
[ok] bestsellers_act_p13: 76 works (unique so far 24491)
[ok] bestsellers_sln_p13: 81 works (unique so far 24568)
[ok] bestsellers_act_p14: 72 works (unique so far 24568)
[ok] bestsellers_sln_p14: 86 works (unique so far 24647)
[ok] bestsellers_mov_p12: 76 works (unique so far 24722)
[ok] bestsellers_mus_p14: 87 works (unique so far 24809)
[ok] bestsellers_voice_type_p14: 72 works (unique so far 24809)
[ok] bestsellers_mov_p13: 85 works (unique so far 24893)
[ok] bestsellers_mus_p15: 89 works (unique so far 24982)
[ok] bestsellers_voice_type_p15: 77 works (unique so far 24982)
[ok] bestsellers_etcgame_p8: 71 works (unique so far 24982)
[ok] bestsellers_etcgame_p9: 67 works (unique so far 24982)
[ok] bestsellers_tool_p8: 71 works (unique so far 24982)
[ok] trend_p6: 74 works (unique so far 24982)
[ok] trend_voice_p6: 95 works (unique so far 24982)
[ok] trend_game_p6: 65 works (unique so far 24982)
[ok] release_p8: 62 works (unique so far 24982)
[ok] release_voice_p8: 99 works (unique so far 24982)
[ok] release_game_p8: 87 works (unique so far 24982)
[ok] release_comic_p6: 60 works (unique so far 24982)
[ok] release_sou_p8: 99 works (unique so far 24982)
[ok] release_rpg_p5: 81 works (unique so far 24982)
[ok] release_adv_p5: 59 works (unique so far 25031)
[ok] ranking_voice_day: 100 works (unique so far 25031)
[ok] ranking_game_day: 98 works (unique so far 25031)
[ok] ranking_voice_week: 100 works (unique so far 25031)
[ok] ranking_game_week: 98 works (unique so far 25031)
[ok] ranking_voice_month: 100 works (unique so far 25031)
[ok] ranking_game_month: 99 works (unique so far 25031)
[ok] girls_bestsellers_dl_p5: 51 works (unique so far 25080)
[ok] bl_bestsellers_dl_p5: 71 works (unique so far 25142)
[ok] bestsellers_voice_type_p16: 63 works (unique so far 25142)
[ok] bestsellers_mus_p16: 91 works (unique so far 25233)
[ok] price_sou_p11: 67 works (unique so far 25235)
[ok] price_game_p11: 93 works (unique so far 25323)
[ok] books_bestsellers_dl_p7: 66 works (unique so far 25323)
[ok] pro_bestsellers_dl_p7: 67 works (unique so far 25324)
[ok] bestsellers_illust_p12: 91 works (unique so far 25324)
[ok] bestsellers_illust_p13: 91 works (unique so far 25324)
[ok] trend_sou_p5: 91 works (unique so far 25324)
[ok] trend_rpg_p4: 72 works (unique so far 25324)
[ok] trend_adv_p4: 33 works (unique so far 25324)
[ok] trend_mng_p4: 67 works (unique so far 25324)
[ok] trend_icg_p4: 53 works (unique so far 25355)
[ok] bestsellers_dl_p51: 78 works (unique so far 25355)
[ok] bestsellers_dl_p52: 83 works (unique so far 25355)
[ok] bestsellers_dl_p53: 76 works (unique so far 25355)
[ok] bestsellers_dl_p54: 74 works (unique so far 25355)
[ok] bestsellers_dl_p55: 82 works (unique so far 25356)
[ok] bestsellers_voice_p46: 97 works (unique so far 25426)
[ok] bestsellers_voice_p47: 94 works (unique so far 25499)
[ok] bestsellers_voice_p48: 97 works (unique so far 25571)
[ok] bestsellers_voice_p49: 93 works (unique so far 25646)
[ok] bestsellers_voice_p50: 95 works (unique so far 25728)
[ok] bestsellers_game_p46: 79 works (unique so far 25768)
[ok] bestsellers_game_p47: 80 works (unique so far 25810)
[ok] bestsellers_game_p48: 84 works (unique so far 25853)
[ok] bestsellers_game_p49: 82 works (unique so far 25906)
[ok] bestsellers_game_p50: 83 works (unique so far 25950)
[ok] bestsellers_sou_p45: 92 works (unique so far 25950)
[ok] bestsellers_sou_p46: 97 works (unique so far 25950)
[ok] bestsellers_sou_p47: 94 works (unique so far 25950)
[ok] bestsellers_sou_p48: 97 works (unique so far 25950)
[ok] bestsellers_sou_p49: 93 works (unique so far 25950)
[ok] bestsellers_comic_p29: 54 works (unique so far 26002)
[ok] bestsellers_comic_p30: 62 works (unique so far 26058)
[ok] bestsellers_comic_p31: 50 works (unique so far 26107)
[ok] bestsellers_rpg_p22: 85 works (unique so far 26107)
[ok] bestsellers_adv_p22: 68 works (unique so far 26173)
[ok] bestsellers_rpg_p23: 88 works (unique so far 26174)
[ok] bestsellers_adv_p23: 58 works (unique so far 26229)
[ok] bestsellers_sim_p21: 76 works (unique so far 26229)
[ok] bestsellers_sim_p22: 83 works (unique so far 26229)
[ok] bestsellers_icg_p18: 92 works (unique so far 26317)
[ok] bestsellers_mng_p18: 61 works (unique so far 26317)
[ok] bestsellers_icg_p19: 93 works (unique so far 26410)
[ok] bestsellers_mng_p19: 53 works (unique so far 26410)
[ok] bestsellers_act_p15: 77 works (unique so far 26410)
[ok] bestsellers_sln_p15: 86 works (unique so far 26491)
[ok] bestsellers_act_p16: 63 works (unique so far 26491)
[ok] bestsellers_sln_p16: 79 works (unique so far 26563)
[ok] bestsellers_mov_p14: 82 works (unique so far 26643)
[ok] bestsellers_mus_p17: 94 works (unique so far 26737)
[ok] bestsellers_voice_type_p17: 84 works (unique so far 26737)
[ok] bestsellers_mov_p15: 80 works (unique so far 26817)
[ok] bestsellers_mus_p18: 93 works (unique so far 26910)
[ok] bestsellers_voice_type_p18: 74 works (unique so far 26910)
[ok] bestsellers_etcgame_p10: 74 works (unique so far 26910)
[ok] bestsellers_etcgame_p11: 72 works (unique so far 26910)
[ok] bestsellers_tool_p9: 67 works (unique so far 26910)
[ok] trend_p7: 71 works (unique so far 26910)
[ok] trend_voice_p7: 93 works (unique so far 26910)
[ok] trend_game_p7: 61 works (unique so far 26910)
[ok] release_p9: 64 works (unique so far 26910)
[ok] release_voice_p9: 94 works (unique so far 26910)
[ok] release_game_p9: 75 works (unique so far 26910)
[ok] release_comic_p7: 26 works (unique so far 26910)
[ok] release_sou_p9: 94 works (unique so far 26910)
[ok] release_rpg_p6: 85 works (unique so far 26981)
[ok] release_adv_p6: 53 works (unique so far 27027)
[ok] girls_bestsellers_dl_p6: 49 works (unique so far 27074)
[ok] bl_bestsellers_dl_p6: 70 works (unique so far 27138)
[ok] bestsellers_voice_type_p19: 67 works (unique so far 27138)
[ok] bestsellers_mus_p19: 90 works (unique so far 27228)
[ok] price_sou_p12: 55 works (unique so far 27228)
[ok] price_game_p12: 95 works (unique so far 27318)
[ok] books_bestsellers_dl_p8: 71 works (unique so far 27318)
[ok] pro_bestsellers_dl_p8: 71 works (unique so far 27318)
[ok] bestsellers_illust_p14: 92 works (unique so far 27318)
[ok] bestsellers_illust_p15: 88 works (unique so far 27318)
[ok] trend_sou_p6: 95 works (unique so far 27318)
[ok] trend_rpg_p5: 76 works (unique so far 27318)
[ok] trend_adv_p5: 34 works (unique so far 27318)
[ok] trend_mng_p5: 63 works (unique so far 27319)
[ok] trend_icg_p5: 56 works (unique so far 27359)
[ok] home_bestsellers_dl_p8: 94 works (unique so far 27359)
[ok] home_release_p11: 95 works (unique so far 27428)
[ok] price_sou_hi_p11: 89 works (unique so far 27485)
[ok] price_game_hi_p11: 3 works (unique so far 27487)
[ok] price_asc_sou_p8: 99 works (unique so far 27487)
[ok] price_asc_voice_p8: 99 works (unique so far 27487)
[ok] price_asc_game_p8: 89 works (unique so far 27487)
[ok] girls_ranking_week: 50 works (unique so far 27487)
[ok] bl_ranking_week: 50 works (unique so far 27487)
[ok] bestsellers_voice_type_p20: 74 works (unique so far 27487)
[ok] bestsellers_mus_p20: 87 works (unique so far 27574)
[ok] bestsellers_dl_p56: 74 works (unique so far 27575)
[ok] bestsellers_dl_p57: 84 works (unique so far 27575)
[ok] bestsellers_dl_p58: 85 works (unique so far 27575)
[ok] bestsellers_dl_p59: 80 works (unique so far 27575)
[ok] bestsellers_dl_p60: 85 works (unique so far 27576)
[ok] bestsellers_voice_p51: 97 works (unique so far 27650)
[ok] bestsellers_voice_p52: 91 works (unique so far 27723)
[ok] bestsellers_voice_p53: 94 works (unique so far 27798)
[ok] bestsellers_voice_p54: 91 works (unique so far 27871)
[ok] bestsellers_voice_p55: 92 works (unique so far 27944)
[ok] bestsellers_game_p51: 81 works (unique so far 27992)
[ok] bestsellers_game_p52: 76 works (unique so far 28027)
[ok] bestsellers_game_p53: 85 works (unique so far 28067)
[ok] bestsellers_game_p54: 84 works (unique so far 28115)
[ok] bestsellers_game_p55: 79 works (unique so far 28162)
[ok] bestsellers_sou_p50: 95 works (unique so far 28162)
[ok] bestsellers_sou_p51: 97 works (unique so far 28162)
[ok] bestsellers_sou_p52: 91 works (unique so far 28162)
[ok] bestsellers_sou_p53: 94 works (unique so far 28162)
[ok] bestsellers_sou_p54: 91 works (unique so far 28162)
[ok] bestsellers_comic_p32: 53 works (unique so far 28212)
[ok] bestsellers_comic_p33: 57 works (unique so far 28262)
[ok] bestsellers_comic_p34: 48 works (unique so far 28304)
[ok] bestsellers_rpg_p24: 89 works (unique so far 28305)
[ok] bestsellers_adv_p24: 65 works (unique so far 28364)
[ok] bestsellers_rpg_p25: 83 works (unique so far 28364)
[ok] bestsellers_adv_p25: 64 works (unique so far 28426)
[ok] bestsellers_sim_p23: 71 works (unique so far 28426)
[ok] bestsellers_sim_p24: 77 works (unique so far 28426)
[ok] bestsellers_icg_p20: 93 works (unique so far 28519)
[ok] bestsellers_mng_p20: 55 works (unique so far 28519)
[ok] bestsellers_icg_p21: 95 works (unique so far 28611)
[ok] bestsellers_mng_p21: 51 works (unique so far 28611)
[ok] bestsellers_act_p17: 84 works (unique so far 28611)
[ok] bestsellers_sln_p17: 84 works (unique so far 28688)
[ok] bestsellers_act_p18: 74 works (unique so far 28688)
[ok] bestsellers_sln_p18: 79 works (unique so far 28761)
[ok] bestsellers_mov_p16: 77 works (unique so far 28836)
[ok] bestsellers_mus_p21: 89 works (unique so far 28925)
[ok] bestsellers_voice_type_p21: 76 works (unique so far 28925)
[ok] bestsellers_mov_p17: 78 works (unique so far 29003)
[ok] bestsellers_mus_p22: 89 works (unique so far 29092)
[ok] bestsellers_voice_type_p22: 83 works (unique so far 29092)
[ok] bestsellers_etcgame_p12: 70 works (unique so far 29092)
[ok] bestsellers_etcgame_p13: 76 works (unique so far 29092)
[ok] bestsellers_tool_p10: 74 works (unique so far 29092)
[ok] trend_p8: 75 works (unique so far 29092)
[ok] trend_voice_p8: 88 works (unique so far 29092)
[ok] trend_game_p8: 70 works (unique so far 29092)
[ok] release_p10: 65 works (unique so far 29092)
[ok] release_voice_p10: 99 works (unique so far 29092)
[ok] release_game_p10: 74 works (unique so far 29092)
[ok] release_comic_p8: 24 works (unique so far 29092)
[ok] release_sou_p10: 99 works (unique so far 29092)
[ok] release_rpg_p7: 86 works (unique so far 29169)
[ok] release_adv_p7: 51 works (unique so far 29208)
[ok] girls_bestsellers_dl_p7: 58 works (unique so far 29264)
[ok] bl_bestsellers_dl_p7: 76 works (unique so far 29333)
[ok] bestsellers_voice_type_p23: 71 works (unique so far 29333)
[ok] bestsellers_mus_p23: 91 works (unique so far 29424)
[ok] price_sou_p13: 65 works (unique so far 29425)
[ok] price_game_p13: 92 works (unique so far 29513)
[ok] books_bestsellers_dl_p9: 67 works (unique so far 29513)
[ok] pro_bestsellers_dl_p9: 68 works (unique so far 29513)
[ok] bestsellers_illust_p16: 92 works (unique so far 29513)
[ok] bestsellers_illust_p17: 95 works (unique so far 29513)
[ok] trend_sou_p7: 93 works (unique so far 29513)
[ok] trend_rpg_p6: 86 works (unique so far 29513)
[ok] trend_adv_p6: 44 works (unique so far 29513)
[ok] trend_mng_p6: 59 works (unique so far 29514)
[ok] trend_icg_p6: 53 works (unique so far 29544)
[ok] home_bestsellers_dl_p9: 93 works (unique so far 29544)
[ok] home_release_p12: 93 works (unique so far 29610)
[ok] price_sou_hi_p12: 85 works (unique so far 29648)
[ok] price_game_hi_p12: 23 works (unique so far 29660)
[ok] price_asc_sou_p9: 94 works (unique so far 29660)
[ok] price_asc_voice_p9: 94 works (unique so far 29660)
[ok] price_asc_game_p9: 75 works (unique so far 29660)
[ok] girls_ranking_month: 50 works (unique so far 29660)
[ok] bl_ranking_month: 49 works (unique so far 29660)
[ok] bestsellers_voice_type_p24: 77 works (unique so far 29660)
[ok] bestsellers_mus_p24: 92 works (unique so far 29752)
[ok] bestsellers_dl_p61: 86 works (unique so far 29752)
[ok] bestsellers_dl_p62: 87 works (unique so far 29752)
[ok] bestsellers_dl_p63: 75 works (unique so far 29753)
[ok] bestsellers_dl_p64: 75 works (unique so far 29753)
[ok] bestsellers_dl_p65: 85 works (unique so far 29753)
[ok] bestsellers_voice_p56: 94 works (unique so far 29824)
[ok] bestsellers_voice_p57: 92 works (unique so far 29897)
[ok] bestsellers_voice_p58: 93 works (unique so far 29973)
[ok] bestsellers_voice_p59: 95 works (unique so far 30044)
[ok] bestsellers_voice_p60: 95 works (unique so far 30121)
[ok] bestsellers_game_p56: 80 works (unique so far 30162)
[ok] bestsellers_game_p57: 82 works (unique so far 30209)
[ok] bestsellers_game_p58: 79 works (unique so far 30249)
[ok] bestsellers_game_p59: 81 works (unique so far 30300)
[ok] bestsellers_game_p60: 78 works (unique so far 30351)
[ok] bestsellers_sou_p55: 92 works (unique so far 30351)
[ok] bestsellers_sou_p56: 94 works (unique so far 30351)
[ok] bestsellers_sou_p57: 92 works (unique so far 30351)
[ok] bestsellers_sou_p58: 93 works (unique so far 30351)
[ok] bestsellers_sou_p59: 95 works (unique so far 30351)
[ok] bestsellers_comic_p35: 60 works (unique so far 30408)
[ok] bestsellers_comic_p36: 56 works (unique so far 30460)
[ok] bestsellers_comic_p37: 55 works (unique so far 30509)
[ok] bestsellers_rpg_p26: 81 works (unique so far 30509)
[ok] bestsellers_adv_p26: 59 works (unique so far 30566)
[ok] bestsellers_rpg_p27: 85 works (unique so far 30566)
[ok] bestsellers_adv_p27: 59 works (unique so far 30623)
[ok] bestsellers_sim_p25: 81 works (unique so far 30623)
[ok] bestsellers_sim_p26: 72 works (unique so far 30623)
[ok] bestsellers_icg_p22: 92 works (unique so far 30714)
[ok] bestsellers_mng_p22: 48 works (unique so far 30714)
[ok] bestsellers_icg_p23: 93 works (unique so far 30805)
[ok] bestsellers_mng_p23: 63 works (unique so far 30805)
[ok] bestsellers_act_p19: 67 works (unique so far 30805)
[ok] bestsellers_sln_p19: 84 works (unique so far 30886)
[ok] bestsellers_act_p20: 74 works (unique so far 30886)
[ok] bestsellers_sln_p20: 84 works (unique so far 30965)
[ok] bestsellers_mov_p18: 73 works (unique so far 31037)
[ok] bestsellers_mus_p25: 94 works (unique so far 31131)
[ok] bestsellers_voice_type_p25: 81 works (unique so far 31131)
[ok] bestsellers_mov_p19: 70 works (unique so far 31200)
[ok] bestsellers_mus_p26: 93 works (unique so far 31293)
[ok] bestsellers_voice_type_p26: 72 works (unique so far 31293)
[ok] bestsellers_etcgame_p14: 72 works (unique so far 31293)
[ok] bestsellers_etcgame_p15: 77 works (unique so far 31293)
[ok] bestsellers_tool_p11: 72 works (unique so far 31293)
[ok] trend_p9: 71 works (unique so far 31293)
[ok] trend_voice_p9: 96 works (unique so far 31293)
[ok] trend_game_p9: 59 works (unique so far 31293)
[ok] release_p11: 68 works (unique so far 31293)
[ok] release_voice_p11: 95 works (unique so far 31293)
[ok] release_game_p11: 81 works (unique so far 31293)
[ok] release_comic_p9: 39 works (unique so far 31293)
[ok] release_sou_p11: 95 works (unique so far 31293)
[ok] release_rpg_p8: 81 works (unique so far 31366)
[ok] release_adv_p8: 59 works (unique so far 31415)
[ok] girls_bestsellers_dl_p8: 57 works (unique so far 31468)
[ok] bl_bestsellers_dl_p8: 66 works (unique so far 31530)
[ok] bestsellers_voice_type_p27: 71 works (unique so far 31530)
[ok] bestsellers_mus_p27: 94 works (unique so far 31624)
[ok] price_sou_p14: 61 works (unique so far 31625)
[ok] price_game_p14: 93 works (unique so far 31710)
[ok] books_bestsellers_dl_p10: 74 works (unique so far 31710)
[ok] pro_bestsellers_dl_p10: 74 works (unique so far 31710)
[ok] bestsellers_illust_p18: 92 works (unique so far 31710)
[ok] bestsellers_illust_p19: 93 works (unique so far 31710)
[ok] trend_sou_p8: 88 works (unique so far 31710)
[ok] trend_rpg_p7: 84 works (unique so far 31710)
[ok] trend_adv_p7: 32 works (unique so far 31710)
[ok] trend_mng_p7: 67 works (unique so far 31751)
[ok] trend_icg_p7: 57 works (unique so far 31793)
[ok] home_bestsellers_dl_p10: 93 works (unique so far 31793)
[ok] home_release_p13: 85 works (unique so far 31861)
[ok] price_sou_hi_p13: 88 works (unique so far 31911)
[ok] price_game_hi_p13: 6 works (unique so far 31914)
[ok] price_asc_sou_p10: 99 works (unique so far 31914)
[ok] price_asc_voice_p10: 99 works (unique so far 31914)
[ok] price_asc_game_p10: 74 works (unique so far 31914)
[ok] girls_ranking_year: 99 works (unique so far 31914)
[ok] bl_ranking_year: 100 works (unique so far 31914)
[ok] bestsellers_voice_type_p28: 77 works (unique so far 31914)
[ok] bestsellers_mus_p28: 98 works (unique so far 32012)
[ok] bestsellers_dl_p66: 80 works (unique so far 32012)
[ok] bestsellers_dl_p67: 74 works (unique so far 32012)
[ok] bestsellers_dl_p68: 79 works (unique so far 32013)
[ok] bestsellers_dl_p69: 76 works (unique so far 32014)
[ok] bestsellers_dl_p70: 79 works (unique so far 32014)
[ok] bestsellers_voice_p61: 92 works (unique so far 32086)
[ok] bestsellers_voice_p62: 97 works (unique so far 32155)
[ok] bestsellers_voice_p63: 93 works (unique so far 32225)
[ok] bestsellers_voice_p64: 96 works (unique so far 32300)
[ok] bestsellers_voice_p65: 96 works (unique so far 32374)
[ok] bestsellers_game_p61: 78 works (unique so far 32414)
[ok] bestsellers_game_p62: 72 works (unique so far 32449)
[ok] bestsellers_game_p63: 79 works (unique so far 32480)
[ok] bestsellers_game_p64: 85 works (unique so far 32535)
[ok] bestsellers_game_p65: 81 works (unique so far 32580)
[ok] bestsellers_sou_p60: 95 works (unique so far 32580)
[ok] bestsellers_sou_p61: 92 works (unique so far 32580)
[ok] bestsellers_sou_p62: 97 works (unique so far 32580)
[ok] bestsellers_sou_p63: 93 works (unique so far 32580)
[ok] bestsellers_sou_p64: 96 works (unique so far 32580)
[ok] bestsellers_comic_p38: 66 works (unique so far 32644)
[ok] bestsellers_comic_p39: 60 works (unique so far 32701)
[ok] bestsellers_comic_p40: 59 works (unique so far 32759)
[ok] bestsellers_rpg_p28: 81 works (unique so far 32759)
[ok] bestsellers_adv_p28: 55 works (unique so far 32814)
[ok] bestsellers_rpg_p29: 87 works (unique so far 32814)
[ok] bestsellers_adv_p29: 48 works (unique so far 32860)
[ok] bestsellers_sim_p27: 71 works (unique so far 32860)
[ok] bestsellers_sim_p28: 77 works (unique so far 32860)
[ok] bestsellers_icg_p24: 92 works (unique so far 32951)
[ok] bestsellers_mng_p24: 52 works (unique so far 32951)
[ok] bestsellers_icg_p25: 92 works (unique so far 33040)
[ok] bestsellers_mng_p25: 52 works (unique so far 33040)
[ok] bestsellers_act_p21: 76 works (unique so far 33040)
[ok] bestsellers_sln_p21: 80 works (unique so far 33111)
[ok] bestsellers_act_p22: 84 works (unique so far 33111)
[ok] bestsellers_sln_p22: 80 works (unique so far 33174)
[ok] bestsellers_mov_p20: 75 works (unique so far 33249)
[ok] bestsellers_mus_p29: 96 works (unique so far 33345)
[ok] bestsellers_voice_type_p29: 70 works (unique so far 33345)
[ok] bestsellers_mov_p21: 78 works (unique so far 33419)
[ok] bestsellers_mus_p30: 98 works (unique so far 33517)
[ok] bestsellers_voice_type_p30: 84 works (unique so far 33517)
[ok] bestsellers_etcgame_p16: 63 works (unique so far 33517)
[ok] bestsellers_etcgame_p17: 84 works (unique so far 33517)
[ok] bestsellers_tool_p12: 70 works (unique so far 33517)
[ok] trend_p11b: 70 works (unique so far 33517)
[ok] trend_voice_p11b: 91 works (unique so far 33517)
[ok] trend_game_p11b: 72 works (unique so far 33517)
[ok] release_p12: 58 works (unique so far 33545)
[ok] release_voice_p13b: 94 works (unique so far 33545)
[ok] release_game_p13b: 77 works (unique so far 33545)
[ok] release_comic_p11b: 30 works (unique so far 33545)
[ok] release_sou_p12: 92 works (unique so far 33545)
[ok] release_rpg_p9: 81 works (unique so far 33606)
[ok] release_adv_p9: 64 works (unique so far 33652)
[ok] girls_bestsellers_dl_p9: 67 works (unique so far 33714)
[ok] bl_bestsellers_dl_p9: 76 works (unique so far 33788)
[ok] bestsellers_voice_type_p31: 82 works (unique so far 33788)
[ok] bestsellers_mus_p31: 97 works (unique so far 33885)
[ok] price_sou_p15: 69 works (unique so far 33886)
[ok] price_game_p15: 94 works (unique so far 33974)
[ok] books_bestsellers_dl_p11: 72 works (unique so far 33974)
[ok] pro_bestsellers_dl_p11: 72 works (unique so far 33974)
[ok] bestsellers_illust_p20: 93 works (unique so far 33974)
[ok] bestsellers_illust_p21: 95 works (unique so far 33974)
[ok] trend_sou_p9: 96 works (unique so far 33974)
[ok] trend_rpg_p8: 80 works (unique so far 33974)
[ok] trend_adv_p8: 53 works (unique so far 33974)
[ok] trend_mng_p8: 65 works (unique so far 34014)
[ok] trend_icg_p8: 62 works (unique so far 34050)
[ok] home_bestsellers_dl_p12b: 92 works (unique so far 34050)
[ok] home_release_p14: 95 works (unique so far 34123)
[ok] price_sou_hi_p14: 89 works (unique so far 34184)
[ok] price_game_hi_p14: 12 works (unique so far 34186)
[ok] price_asc_sou_p11: 95 works (unique so far 34188)
[ok] price_asc_voice_p11: 95 works (unique so far 34188)
[ok] price_asc_game_p11: 80 works (unique so far 34190)
[ok] girls_bestsellers_voice_p3: 99 works (unique so far 34286)
[ok] bl_bestsellers_voice_p3: 99 works (unique so far 34385)
[ok] bestsellers_voice_type_p32: 77 works (unique so far 34385)
[ok] bestsellers_mus_p32: 91 works (unique so far 34475)
[ok] bestsellers_dl_p71: 86 works (unique so far 34475)
[ok] bestsellers_dl_p72: 73 works (unique so far 34475)
[ok] bestsellers_dl_p73: 71 works (unique so far 34476)
[ok] bestsellers_dl_p74: 81 works (unique so far 34476)
[ok] bestsellers_dl_p75: 83 works (unique so far 34477)
[ok] bestsellers_voice_p66: 97 works (unique so far 34551)
[ok] bestsellers_voice_p67: 93 works (unique so far 34625)
[ok] bestsellers_voice_p68: 95 works (unique so far 34707)
[ok] bestsellers_voice_p69: 97 works (unique so far 34779)
[ok] bestsellers_voice_p70: 97 works (unique so far 34860)
[ok] bestsellers_game_p66: 78 works (unique so far 34897)
[ok] bestsellers_game_p67: 81 works (unique so far 34935)
[ok] bestsellers_game_p68: 84 works (unique so far 34981)
[ok] bestsellers_game_p69: 82 works (unique so far 35018)
[ok] bestsellers_game_p70: 84 works (unique so far 35067)
[ok] bestsellers_sou_p65: 96 works (unique so far 35067)
[ok] bestsellers_sou_p66: 97 works (unique so far 35067)
[ok] bestsellers_sou_p67: 93 works (unique so far 35067)
[ok] bestsellers_sou_p68: 95 works (unique so far 35067)
[ok] bestsellers_sou_p69: 97 works (unique so far 35067)
[ok] bestsellers_comic_p41: 66 works (unique so far 35130)
[ok] bestsellers_comic_p42: 60 works (unique so far 35184)
[ok] bestsellers_comic_p43: 59 works (unique so far 35239)
[ok] bestsellers_rpg_p30: 85 works (unique so far 35239)
[ok] bestsellers_adv_p30: 55 works (unique so far 35293)
[ok] bestsellers_rpg_p31: 92 works (unique so far 35293)
[ok] bestsellers_adv_p31: 59 works (unique so far 35346)
[ok] bestsellers_sim_p29: 70 works (unique so far 35346)
[ok] bestsellers_sim_p30: 84 works (unique so far 35346)
[ok] bestsellers_icg_p26: 95 works (unique so far 35440)
[ok] bestsellers_mng_p26: 59 works (unique so far 35440)
[ok] bestsellers_icg_p27: 95 works (unique so far 35532)
[ok] bestsellers_mng_p27: 55 works (unique so far 35532)
[ok] bestsellers_act_p23: 71 works (unique so far 35532)
[ok] bestsellers_sln_p23: 79 works (unique so far 35595)
[ok] bestsellers_act_p24: 77 works (unique so far 35595)
[ok] bestsellers_sln_p24: 84 works (unique so far 35653)
[ok] bestsellers_mov_p22: 74 works (unique so far 35727)
[ok] bestsellers_mus_p33: 95 works (unique so far 35821)
[ok] bestsellers_voice_type_p33: 82 works (unique so far 35821)
[ok] bestsellers_mov_p23: 77 works (unique so far 35896)
[ok] bestsellers_mus_p34: 94 works (unique so far 35990)
[ok] bestsellers_voice_type_p34: 77 works (unique so far 35990)
[ok] bestsellers_etcgame_p18: 74 works (unique so far 35990)
[ok] bestsellers_etcgame_p19: 67 works (unique so far 35990)
[ok] bestsellers_tool_p13: 76 works (unique so far 35990)
[ok] trend_p12b: 72 works (unique so far 35990)
[ok] trend_voice_p12b: 95 works (unique so far 35990)
[ok] trend_game_p12b: 60 works (unique so far 35990)
[ok] release_p13: 66 works (unique so far 35998)
[ok] release_voice_p14b: 95 works (unique so far 35998)
[ok] release_game_p14b: 77 works (unique so far 35998)
[ok] release_comic_p12b: 46 works (unique so far 36025)
[ok] release_sou_p13: 95 works (unique so far 36025)
[ok] release_rpg_p10: 87 works (unique so far 36098)
[ok] release_adv_p10: 38 works (unique so far 36124)
[ok] girls_bestsellers_dl_p10: 75 works (unique so far 36197)
[ok] bl_bestsellers_dl_p10: 68 works (unique so far 36264)
[ok] bestsellers_voice_type_p35: 80 works (unique so far 36264)
[ok] bestsellers_mus_p35: 99 works (unique so far 36362)
[ok] price_sou_p16: 66 works (unique so far 36363)
[ok] price_game_p16: 93 works (unique so far 36443)
[ok] books_bestsellers_dl_p12: 70 works (unique so far 36443)
[ok] pro_bestsellers_dl_p12: 70 works (unique so far 36443)
[ok] bestsellers_illust_p22: 92 works (unique so far 36443)
[ok] bestsellers_illust_p23: 93 works (unique so far 36443)
[ok] trend_sou_p10: 94 works (unique so far 36443)
[ok] trend_rpg_p9: 78 works (unique so far 36443)
[ok] trend_adv_p9: 33 works (unique so far 36443)
[ok] trend_mng_p9: 61 works (unique so far 36481)
[ok] trend_icg_p9: 58 works (unique so far 36515)
[ok] home_bestsellers_dl_p13b: 95 works (unique so far 36515)
[ok] home_release_p15: 90 works (unique so far 36581)
[ok] price_sou_hi_p15: 98 works (unique so far 36670)
[ok] price_game_hi_p15: 26 works (unique so far 36679)
[ok] price_asc_sou_p12: 92 works (unique so far 36679)
[ok] price_asc_voice_p12: 92 works (unique so far 36679)
[ok] price_asc_game_p12: 80 works (unique so far 36679)
[ok] girls_bestsellers_voice_p4: 99 works (unique so far 36776)
[ok] bl_bestsellers_voice_p4: 100 works (unique so far 36876)
[ok] bestsellers_voice_type_p36: 76 works (unique so far 36876)
[ok] bestsellers_mus_p36: 88 works (unique so far 36964)
[ok] bestsellers_dl_p76: 74 works (unique so far 36964)
[ok] bestsellers_dl_p77: 77 works (unique so far 36965)
[ok] bestsellers_dl_p78: 82 works (unique so far 36965)
[ok] bestsellers_dl_p79: 75 works (unique so far 36965)
[ok] bestsellers_dl_p80: 85 works (unique so far 36965)
[ok] bestsellers_voice_p71: 92 works (unique so far 37043)
[ok] bestsellers_voice_p72: 98 works (unique so far 37127)
[ok] bestsellers_voice_p73: 97 works (unique so far 37206)
[ok] bestsellers_voice_p74: 99 works (unique so far 37293)
[ok] bestsellers_voice_p75: 96 works (unique so far 37372)
[ok] bestsellers_game_p71: 88 works (unique so far 37413)
[ok] bestsellers_game_p72: 75 works (unique so far 37448)
[ok] bestsellers_game_p73: 85 works (unique so far 37501)
[ok] bestsellers_game_p74: 78 works (unique so far 37549)
[ok] bestsellers_game_p75: 81 works (unique so far 37592)
[ok] bestsellers_sou_p70: 97 works (unique so far 37592)
[ok] bestsellers_sou_p71: 92 works (unique so far 37592)
[ok] bestsellers_sou_p72: 98 works (unique so far 37592)
[ok] bestsellers_sou_p73: 97 works (unique so far 37592)
[ok] bestsellers_sou_p74: 99 works (unique so far 37592)
[ok] bestsellers_comic_p44: 57 works (unique so far 37646)
[ok] bestsellers_comic_p45: 60 works (unique so far 37703)
[ok] bestsellers_comic_p46: 58 works (unique so far 37758)
[ok] bestsellers_rpg_p32: 91 works (unique so far 37758)
[ok] bestsellers_adv_p32: 59 works (unique so far 37811)
[ok] bestsellers_rpg_p33: 88 works (unique so far 37811)
[ok] bestsellers_adv_p33: 56 works (unique so far 37865)
[ok] bestsellers_sim_p31: 82 works (unique so far 37865)
[ok] bestsellers_sim_p32: 77 works (unique so far 37865)
[ok] bestsellers_icg_p28: 92 works (unique so far 37957)
[ok] bestsellers_mng_p28: 51 works (unique so far 37957)
[ok] bestsellers_icg_p29: 93 works (unique so far 38050)
[ok] bestsellers_mng_p29: 55 works (unique so far 38050)
[ok] bestsellers_act_p25: 81 works (unique so far 38050)
[ok] bestsellers_sln_p25: 80 works (unique so far 38109)
[ok] bestsellers_act_p26: 72 works (unique so far 38109)
[ok] bestsellers_sln_p26: 82 works (unique so far 38165)
[ok] bestsellers_mov_p24: 77 works (unique so far 38242)
[ok] bestsellers_mus_p37: 97 works (unique so far 38338)
[ok] bestsellers_voice_type_p37: 76 works (unique so far 38338)
[ok] bestsellers_mov_p25: 79 works (unique so far 38417)
[ok] bestsellers_mus_p38: 95 works (unique so far 38512)
[ok] bestsellers_voice_type_p38: 78 works (unique so far 38512)
[ok] bestsellers_etcgame_p20: 74 works (unique so far 38512)
[ok] bestsellers_etcgame_p21: 76 works (unique so far 38512)
[ok] bestsellers_tool_p14: 72 works (unique so far 38512)
[ok] trend_p13: 75 works (unique so far 38512)
[ok] trend_voice_p13: 89 works (unique so far 38512)
[ok] trend_game_p13: 77 works (unique so far 38512)
[ok] release_p14: 52 works (unique so far 38512)
[ok] release_voice_p15: 93 works (unique so far 38512)
[ok] release_game_p15: 66 works (unique so far 38512)
[ok] release_comic_p13: 57 works (unique so far 38540)
[ok] release_sou_p14: 96 works (unique so far 38540)
[ok] release_rpg_p11: 83 works (unique so far 38609)
[ok] release_adv_p11: 62 works (unique so far 38646)
[ok] girls_bestsellers_dl_p11: 68 works (unique so far 38711)
[ok] bl_bestsellers_dl_p11: 73 works (unique so far 38784)
[ok] bestsellers_voice_type_p39: 76 works (unique so far 38784)
[ok] bestsellers_mus_p39: 95 works (unique so far 38877)
[ok] price_sou_p17: 64 works (unique so far 38878)
[ok] price_game_p17: 92 works (unique so far 38965)
[ok] books_bestsellers_dl_p13: 76 works (unique so far 38965)
[ok] pro_bestsellers_dl_p13: 77 works (unique so far 38966)
[ok] bestsellers_illust_p24: 92 works (unique so far 38966)
[ok] bestsellers_illust_p25: 92 works (unique so far 38966)
[ok] trend_sou_p11: 91 works (unique so far 38966)
[ok] trend_rpg_p10: 80 works (unique so far 38966)
[ok] trend_adv_p10: 40 works (unique so far 38966)
[ok] trend_mng_p10: 60 works (unique so far 39003)
[ok] trend_icg_p10: 60 works (unique so far 39045)
[ok] home_bestsellers_dl_p14: 89 works (unique so far 39045)
[ok] home_release_p16: 88 works (unique so far 39098)
[ok] price_sou_hi_p16: 96 works (unique so far 39169)
[ok] price_game_hi_p16: 54 works (unique so far 39214)
[ok] price_asc_sou_p13: 94 works (unique so far 39214)
[ok] price_asc_voice_p13: 94 works (unique so far 39214)
[ok] price_asc_game_p13: 76 works (unique so far 39214)
[ok] girls_bestsellers_voice_p5: 97 works (unique so far 39309)
[ok] bl_bestsellers_voice_p5: 100 works (unique so far 39409)
[ok] bestsellers_voice_type_p40: 84 works (unique so far 39409)
[ok] bestsellers_mus_p40: 88 works (unique so far 39497)
[ok] bestsellers_dl_p81: 79 works (unique so far 39497)
[ok] bestsellers_dl_p82: 79 works (unique so far 39497)
[ok] bestsellers_dl_p83: 84 works (unique so far 39497)
[ok] bestsellers_dl_p84: 77 works (unique so far 39497)
[ok] bestsellers_dl_p85: 77 works (unique so far 39497)
[ok] bestsellers_voice_p76: 94 works (unique so far 39567)
[ok] bestsellers_voice_p77: 98 works (unique so far 39644)
[ok] bestsellers_voice_p78: 98 works (unique so far 39719)
[ok] bestsellers_voice_p79: 93 works (unique so far 39795)
[ok] bestsellers_voice_p80: 93 works (unique so far 39873)
[ok] bestsellers_game_p76: 82 works (unique so far 39918)
[ok] bestsellers_game_p77: 79 works (unique so far 39959)
[ok] bestsellers_game_p78: 80 works (unique so far 40003)
[ok] bestsellers_game_p79: 84 works (unique so far 40047)
[ok] bestsellers_game_p80: 76 works (unique so far 40088)
[ok] bestsellers_sou_p75: 96 works (unique so far 40088)
[ok] bestsellers_sou_p76: 94 works (unique so far 40088)
[ok] bestsellers_sou_p77: 98 works (unique so far 40088)
[ok] bestsellers_sou_p78: 98 works (unique so far 40088)
[ok] bestsellers_sou_p79: 93 works (unique so far 40088)
[ok] bestsellers_comic_p47: 57 works (unique so far 40143)
[ok] bestsellers_comic_p48: 60 works (unique so far 40199)
[ok] bestsellers_comic_p49: 61 works (unique so far 40257)
[ok] bestsellers_rpg_p34: 87 works (unique so far 40257)
[ok] bestsellers_adv_p34: 54 works (unique so far 40305)
[ok] bestsellers_rpg_p35: 82 works (unique so far 40306)
[ok] bestsellers_adv_p35: 57 works (unique so far 40357)
[ok] bestsellers_sim_p33: 82 works (unique so far 40357)
[ok] bestsellers_sim_p34: 77 works (unique so far 40357)
[ok] bestsellers_icg_p30: 95 works (unique so far 40448)
[ok] bestsellers_mng_p30: 61 works (unique so far 40448)
[ok] bestsellers_icg_p31: 94 works (unique so far 40542)
[ok] bestsellers_mng_p31: 49 works (unique so far 40542)
[ok] bestsellers_act_p27: 71 works (unique so far 40542)
[ok] bestsellers_sln_p27: 87 works (unique so far 40603)
[ok] bestsellers_act_p28: 77 works (unique so far 40603)
[ok] bestsellers_sln_p28: 80 works (unique so far 40665)
[ok] bestsellers_mov_p26: 82 works (unique so far 40747)
[ok] bestsellers_mus_p41: 95 works (unique so far 40840)
[ok] bestsellers_voice_type_p41: 70 works (unique so far 40840)
[ok] bestsellers_mov_p27: 76 works (unique so far 40915)
[ok] bestsellers_mus_p42: 93 works (unique so far 41008)
[ok] bestsellers_voice_type_p42: 82 works (unique so far 41008)
[ok] bestsellers_etcgame_p22: 83 works (unique so far 41008)
[ok] bestsellers_etcgame_p23: 71 works (unique so far 41008)
[ok] bestsellers_tool_p15: 77 works (unique so far 41008)
[ok] trend_p21: 69 works (unique so far 41013)
[ok] trend_voice_p17: 92 works (unique so far 41016)
[ok] trend_game_p17: 70 works (unique so far 41016)
[ok] release_p21: 59 works (unique so far 41034)
[ok] release_voice_p20: 93 works (unique so far 41100)
[ok] release_game_p20: 81 works (unique so far 41141)
[ok] release_comic_p16: 31 works (unique so far 41161)
[ok] release_sou_p17: 98 works (unique so far 41161)
[ok] release_rpg_p14: 77 works (unique so far 41226)
[ok] release_adv_p14: 60 works (unique so far 41272)
[ok] girls_bestsellers_dl_p12: 79 works (unique so far 41317)
[ok] bl_bestsellers_dl_p12: 66 works (unique so far 41381)
[ok] bestsellers_voice_type_p43: 82 works (unique so far 41381)
[ok] bestsellers_mus_p43: 92 works (unique so far 41473)
[ok] price_sou_p18: 66 works (unique so far 41474)
[ok] price_game_p18: 97 works (unique so far 41560)
[ok] books_bestsellers_dl_p14: 72 works (unique so far 41560)
[ok] pro_bestsellers_dl_p14: 72 works (unique so far 41560)
[ok] bestsellers_illust_p26: 95 works (unique so far 41560)
[ok] bestsellers_illust_p27: 95 works (unique so far 41560)
[ok] trend_sou_p17: 92 works (unique so far 41560)
[ok] trend_rpg_p13: 82 works (unique so far 41562)
[ok] trend_adv_p13: 51 works (unique so far 41562)
[ok] trend_mng_p13: 59 works (unique so far 41594)
[ok] trend_icg_p13: 60 works (unique so far 41626)
[ok] home_bestsellers_dl_p21: 91 works (unique so far 41694)
[ok] home_release_p19: 92 works (unique so far 41764)
[ok] price_sou_hi_p17: 96 works (unique so far 41818)
[ok] price_game_hi_p17: 62 works (unique so far 41873)
[ok] price_asc_sou_p14: 96 works (unique so far 41873)
[ok] price_asc_voice_p14: 96 works (unique so far 41873)
[ok] price_asc_game_p14: 76 works (unique so far 41873)
[ok] girls_bestsellers_voice_p6: 100 works (unique so far 41973)
[ok] bl_bestsellers_voice_p6: 99 works (unique so far 42072)
[ok] bestsellers_voice_type_p44: 73 works (unique so far 42072)
[ok] bestsellers_mus_p44: 95 works (unique so far 42167)
[info] collected unique before balance: 42167
[info] after balance/cap=10500: 10500
[cache] RJ01082861
[enrich] 1/10500 RJ01082861: tags=6 desc=1491 img=hi [cached]
[cache] RJ322248
[enrich] 2/10500 RJ322248: tags=6 desc=4226 img=hi [cached]
[cache] RJ01169914
[enrich] 3/10500 RJ01169914: tags=6 desc=1869 img=hi [cached]
[cache] RJ162718
[enrich] 4/10500 RJ162718: tags=6 desc=1116 img=hi [cached]
[cache] RJ01059576
[enrich] 5/10500 RJ01059576: tags=6 desc=1622 img=hi [cached]
[cache] RJ01412576
[enrich] 6/10500 RJ01412576: tags=6 desc=1420 img=hi [cached]
[cache] RJ01485652
[enrich] 7/10500 RJ01485652: tags=6 desc=1862 img=hi [cached]
[cache] RJ01052320
[enrich] 8/10500 RJ01052320: tags=6 desc=994 img=hi [cached]
[cache] RJ338582
[enrich] 9/10500 RJ338582: tags=6 desc=1664 img=hi [cached]
[cache] RJ220246
[enrich] 10/10500 RJ220246: tags=6 desc=855 img=hi [cached]
[cache] RJ01389782
[enrich] 11/10500 RJ01389782: tags=6 desc=1807 img=hi [cached]
[cache] RJ402577
[enrich] 12/10500 RJ402577: tags=6 desc=3016 img=hi [cached]
[cache] RJ01043101
[enrich] 13/10500 RJ01043101: tags=6 desc=940 img=hi [cached]
[cache] RJ286680
[enrich] 14/10500 RJ286680: tags=6 desc=1631 img=hi [cached]
[cache] RJ01103194
[enrich] 15/10500 RJ01103194: tags=6 desc=69 img=hi [cached]
[cache] RJ01172438
[enrich] 16/10500 RJ01172438: tags=6 desc=2261 img=hi [cached]
[cache] RJ01053661
[enrich] 17/10500 RJ01053661: tags=6 desc=150 img=hi [cached]
[cache] RJ258362
[enrich] 18/10500 RJ258362: tags=6 desc=747 img=hi [cached]
[cache] RJ405582
[enrich] 19/10500 RJ405582: tags=6 desc=2076 img=hi [cached]
[cache] RJ01347095
[enrich] 20/10500 RJ01347095: tags=6 desc=788 img=hi [cached]
[cache] RJ325126
[enrich] 21/10500 RJ325126: tags=6 desc=366 img=hi [cached]
[cache] RJ01021115
[enrich] 22/10500 RJ01021115: tags=6 desc=857 img=hi [cached]
[cache] RJ299558
[enrich] 23/10500 RJ299558: tags=6 desc=2824 img=hi [cached]
[cache] RJ228027
[enrich] 24/10500 RJ228027: tags=6 desc=357 img=hi [cached]
[cache] RJ150726
[enrich] 25/10500 RJ150726: tags=3 desc=611 img=hi [cached]
[save] partial 25/10500: 10500 works → /workspace/dlsite-promo-site/data/works.json
[cache] RJ01050555
[enrich] 26/10500 RJ01050555: tags=6 desc=2738 img=hi [cached]
[cache] RJ324247
[enrich] 27/10500 RJ324247: tags=6 desc=2092 img=hi [cached]
[cache] RJ201109
[enrich] 28/10500 RJ201109: tags=2 desc=590 img=hi [cached]
[cache] RJ01114724
[enrich] 29/10500 RJ01114724: tags=6 desc=618 img=hi [cached]
[cache] RJ401895
[enrich] 30/10500 RJ401895: tags=6 desc=700 img=hi [cached]
[cache] RJ01219535
[enrich] 31/10500 RJ01219535: tags=6 desc=2693 img=hi [cached]
[cache] RJ297120
[enrich] 32/10500 RJ297120: tags=6 desc=1972 img=hi [cached]
[cache] RJ01348926
[enrich] 33/10500 RJ01348926: tags=6 desc=450 img=hi [cached]
[cache] RJ01154711
[enrich] 34/10500 RJ01154711: tags=6 desc=744 img=hi [cached]
[cache] RJ01271506
[enrich] 35/10500 RJ01271506: tags=6 desc=2161 img=hi [cached]
[cache] RJ266116
[enrich] 36/10500 RJ266116: tags=6 desc=787 img=hi [cached]
[cache] RJ291561
[enrich] 37/10500 RJ291561: tags=6 desc=963 img=hi [cached]
[cache] RJ01035443
[enrich] 38/10500 RJ01035443: tags=6 desc=2491 img=hi [cached]
[cache] RJ386773
[enrich] 39/10500 RJ386773: tags=6 desc=874 img=hi [cached]
[cache] RJ292145
[enrich] 40/10500 RJ292145: tags=6 desc=1150 img=hi [cached]
[cache] RJ431925
[enrich] 41/10500 RJ431925: tags=6 desc=828 img=hi [cached]
[cache] RJ343069
[enrich] 42/10500 RJ343069: tags=6 desc=1252 img=hi [cached]
[cache] RJ356899
[enrich] 43/10500 RJ356899: tags=6 desc=1750 img=hi [cached]
[cache] RJ402299
[enrich] 44/10500 RJ402299: tags=6 desc=2106 img=hi [cached]
[cache] RJ01006720
[enrich] 45/10500 RJ01006720: tags=6 desc=1482 img=hi [cached]
[cache] RJ01465067
[enrich] 46/10500 RJ01465067: tags=6 desc=2638 img=hi [cached]
[cache] RJ01175290
[enrich] 47/10500 RJ01175290: tags=6 desc=2480 img=hi [cached]
[cache] RJ01007737
[enrich] 48/10500 RJ01007737: tags=6 desc=987 img=hi [cached]
[cache] RJ265923
[enrich] 49/10500 RJ265923: tags=6 desc=1521 img=hi [cached]
[cache] RJ01081301
[enrich] 50/10500 RJ01081301: tags=6 desc=720 img=hi [cached]
[save] partial 50/10500: 10500 works → /workspace/dlsite-promo-site/data/works.json
[cache] RJ01437470
[enrich] 51/10500 RJ01437470: tags=6 desc=630 img=hi [cached]
[cache] RJ376981
[enrich] 52/10500 RJ376981: tags=6 desc=807 img=hi [cached]
[cache] RJ01405813
[enrich] 53/10500 RJ01405813: tags=6 desc=1464 img=hi [cached]
[cache] RJ01082260
[enrich] 54/10500 RJ01082260: tags=6 desc=1042 img=hi [cached]
[cache] RJ179387
[enrich] 55/10500 RJ179387: tags=6 desc=700 img=hi [cached]
[cache] RJ074254
[enrich] 56/10500 RJ074254: tags=3 desc=1033 img=hi [cached]
[cache] RJ01550550
[enrich] 57/10500 RJ01550550: tags=6 desc=1200 img=hi [cached]
[cache] RJ249908
[enrich] 58/10500 RJ249908: tags=6 desc=1084 img=hi [cached]
[cache] RJ01161200
[enrich] 59/10500 RJ01161200: tags=6 desc=767 img=hi [cached]
[cache] RJ286695
[enrich] 60/10500 RJ286695: tags=6 desc=1792 img=hi [cached]
[cache] RJ01241743
[enrich] 61/10500 RJ01241743: tags=6 desc=2276 img=hi [cached]
[cache] RJ357197
[enrich] 62/10500 RJ357197: tags=6 desc=2433 img=hi [cached]
[cache] RJ341967
[enrich] 63/10500 RJ341967: tags=6 desc=2005 img=hi [cached]
[cache] RJ247530
[enrich] 64/10500 RJ247530: tags=6 desc=524 img=hi [cached]
[cache] RJ305687
[enrich] 65/10500 RJ305687: tags=6 desc=3814 img=hi [cached]
[cache] RJ310886
[enrich] 66/10500 RJ310886: tags=5 desc=2787 img=hi [cached]
[cache] RJ01226398
[enrich] 67/10500 RJ01226398: tags=6 desc=1491 img=hi [cached]
[cache] RJ01652728
[enrich] 68/10500 RJ01652728: tags=6 desc=1737 img=hi [cached]
[cache] RJ01482095
[enrich] 69/10500 RJ01482095: tags=6 desc=849 img=hi [cached]
[cache] RJ01363303
[enrich] 70/10500 RJ01363303: tags=6 desc=167 img=hi [cached]
[cache] RJ01473408
[enrich] 71/10500 RJ01473408: tags=6 desc=776 img=hi [cached]
[cache] RJ01644040
[enrich] 72/10500 RJ01644040: tags=6 desc=1014 img=hi [cached]
[cache] RJ01544625
[enrich] 73/10500 RJ01544625: tags=6 desc=819 img=hi [cached]
[cache] RJ01652280
[enrich] 74/10500 RJ01652280: tags=6 desc=1576 img=hi [cached]
[cache] RJ01483203
[enrich] 75/10500 RJ01483203: tags=6 desc=1113 img=hi [cached]
[save] partial 75/10500: 10500 works → /workspace/dlsite-promo-site/data/works.json
[cache] RJ01528685
[enrich] 76/10500 RJ01528685: tags=6 desc=830 img=hi [cached]
[cache] RJ01549139
[enrich] 77/10500 RJ01549139: tags=6 desc=2133 img=hi [cached]
[cache] RJ01177942
[enrich] 78/10500 RJ01177942: tags=6 desc=1658 img=hi [cached]
[cache] RJ01386956
[enrich] 79/10500 RJ01386956: tags=6 desc=860 img=hi [cached]
[cache] RJ01519187
[enrich] 80/10500 RJ01519187: tags=6 desc=2091 img=hi [cached]
[cache] RJ311765
[enrich] 81/10500 RJ311765: tags=0 desc=111 img=hi [cached]
[cache] RJ403038
[enrich] 82/10500 RJ403038: tags=4 desc=890 img=hi [cached]
[cache] RJ01078257
[enrich] 83/10500 RJ01078257: tags=4 desc=1459 img=hi [cached]
[cache] RJ01000387
[enrich] 84/10500 RJ01000387: tags=6 desc=1008 img=hi [cached]
[cache] RJ01673201
[enrich] 85/10500 RJ01673201: tags=6 desc=1387 img=hi [cached]
[cache] RJ01547274
[enrich] 86/10500 RJ01547274: tags=4 desc=2416 img=hi [cached]
[cache] RJ01594777
[enrich] 87/10500 RJ01594777: tags=6 desc=1645 img=hi [cached]
[cache] RJ01547253
[enrich] 88/10500 RJ01547253: tags=4 desc=2419 img=hi [cached]
[cache] RJ01492034
[enrich] 89/10500 RJ01492034: tags=6 desc=457 img=hi [cached]
[cache] RJ01678178
[enrich] 90/10500 RJ01678178: tags=4 desc=2486 img=hi [cached]
[cache] RJ01613299
[enrich] 91/10500 RJ01613299: tags=6 desc=1306 img=hi [cached]
[cache] RJ01516248
[enrich] 92/10500 RJ01516248: tags=6 desc=1702 img=hi [cached]
[cache] RJ01600657
[enrich] 93/10500 RJ01600657: tags=6 desc=878 img=hi [cached]
[cache] RJ01593277
[enrich] 94/10500 RJ01593277: tags=6 desc=1695 img=hi [cached]
[cache] RJ01551159
[enrich] 95/10500 RJ01551159: tags=5 desc=2883 img=hi [cached]
[cache] RJ01633285
[enrich] 96/10500 RJ01633285: tags=6 desc=490 img=hi [cached]
[cache] RJ01557100
[enrich] 97/10500 RJ01557100: tags=6 desc=1668 img=hi [cached]
[cache] RJ01676425
[enrich] 98/10500 RJ01676425: tags=6 desc=1783 img=hi [cached]
[cache] RJ01144225
[enrich] 99/10500 RJ01144225: tags=4 desc=1435 img=hi [cached]
[cache] RJ329940
[enrich] 100/10500 RJ329940: tags=6 desc=2873 img=hi [cached]
[save] partial 100/10500: 10500 works → /workspace/dlsite-promo-site/data/works.json
[cache] RJ299717
[enrich] 101/10500 RJ299717: tags=6 desc=2143 img=hi [cached]
[cache] RJ01229288
[enrich] 102/10500 RJ01229288: tags=4 desc=1975 img=hi [cached]
[cache] RJ01323001
[enrich] 103/10500 RJ01323001: tags=4 desc=2054 img=hi [cached]
[cache] RJ01229253
[enrich] 104/10500 RJ01229253: tags=4 desc=1970 img=hi [cached]
[cache] RJ01473335
[enrich] 105/10500 RJ01473335: tags=6 desc=1635 img=hi [cached]
[cache] RJ377583
[enrich] 106/10500 RJ377583: tags=6 desc=4338 img=hi [cached]
[cache] RJ01005844
[enrich] 107/10500 RJ01005844: tags=6 desc=3289 img=hi [cached]
[cache] RJ370099
[enrich] 108/10500 RJ370099: tags=6 desc=893 img=hi [cached]
[cache] RJ256636
[enrich] 109/10500 RJ256636: tags=6 desc=1693 img=hi [cached]
[cache] RJ01144236
[enrich] 110/10500 RJ01144236: tags=4 desc=1425 img=hi [cached]
[cache] RJ01050764
[enrich] 111/10500 RJ01050764: tags=6 desc=1888 img=hi [cached]
[cache] RJ300204
[enrich] 112/10500 RJ300204: tags=6 desc=52 img=hi [cached]
[cache] RJ260463
[enrich] 113/10500 RJ260463: tags=5 desc=1115 img=hi [cached]
[cache] RJ01078259
[enrich] 114/10500 RJ01078259: tags=4 desc=1456 img=hi [cached]
[cache] RJ298978
[enrich] 115/10500 RJ298978: tags=6 desc=66 img=hi [cached]
[cache] RJ378019
[enrich] 116/10500 RJ378019: tags=6 desc=3087 img=hi [cached]
[cache] RJ190391
[enrich] 117/10500 RJ190391: tags=6 desc=585 img=hi [cached]
[cache] RJ277473
[enrich] 118/10500 RJ277473: tags=5 desc=3986 img=hi [cached]
[cache] RJ01274210
[enrich] 119/10500 RJ01274210: tags=6 desc=4465 img=hi [cached]
[cache] RJ288322
[enrich] 120/10500 RJ288322: tags=5 desc=2126 img=hi [cached]
[cache] RJ256468
[enrich] 121/10500 RJ256468: tags=6 desc=2005 img=hi [cached]
[cache] RJ273657
[enrich] 122/10500 RJ273657: tags=6 desc=2954 img=hi [cached]
[cache] RJ01128508
[enrich] 123/10500 RJ01128508: tags=6 desc=4486 img=hi [cached]
[cache] RJ259152
[enrich] 124/10500 RJ259152: tags=6 desc=3662 img=hi [cached]
[cache] RJ305341
[enrich] 125/10500 RJ305341: tags=6 desc=4467 img=hi [cached]
[save] partial 125/10500: 10500 works → /workspace/dlsite-promo-site/data/works.json
[cache] RJ166292
[enrich] 126/10500 RJ166292: tags=6 desc=872 img=hi [cached]
[cache] RJ01322473
[enrich] 127/10500 RJ01322473: tags=4 desc=2056 img=hi [cached]
[cache] RJ390903
[enrich] 128/10500 RJ390903: tags=6 desc=4471 img=hi [cached]
[cache] RJ264701
[enrich] 129/10500 RJ264701: tags=6 desc=2221 img=hi [cached]
[cache] RJ344834
[enrich] 130/10500 RJ344834: tags=5 desc=86 img=hi [cached]
[cache] RJ01032464
[enrich] 131/10500 RJ01032464: tags=6 desc=2951 img=hi [cached]
[cache] RJ291298
[enrich] 132/10500 RJ291298: tags=6 desc=3379 img=hi [cached]
[cache] RJ407069
[enrich] 133/10500 RJ407069: tags=6 desc=4500 img=hi [cached]
[cache] RJ321818
[enrich] 134/10500 RJ321818: tags=6 desc=4369 img=hi [cached]
[cache] RJ01133612
[enrich] 135/10500 RJ01133612: tags=6 desc=1127 img=hi [cached]
[cache] RJ01065422
[enrich] 136/10500 RJ01065422: tags=6 desc=902 img=hi [cached]
[cache] RJ01430276
[enrich] 137/10500 RJ01430276: tags=4 desc=2348 img=hi [cached]
[cache] RJ341031
[enrich] 138/10500 RJ341031: tags=6 desc=4496 img=hi [cached]
[cache] RJ327811
[enrich] 139/10500 RJ327811: tags=6 desc=1405 img=hi [cached]
[cache] RJ327447
[enrich] 140/10500 RJ327447: tags=6 desc=1468 img=hi [cached]
[cache] RJ01123822
[enrich] 141/10500 RJ01123822: tags=6 desc=1467 img=hi [cached]
[cache] RJ286139
[enrich] 142/10500 RJ286139: tags=6 desc=2322 img=hi [cached]
[cache] RJ297628
[enrich] 143/10500 RJ297628: tags=6 desc=2719 img=hi [cached]
[cache] RJ363741
[enrich] 144/10500 RJ363741: tags=5 desc=1209 img=hi [cached]
[cache] RJ262175
[enrich] 145/10500 RJ262175: tags=6 desc=4498 img=hi [cached]
[cache] RJ309477
[enrich] 146/10500 RJ309477: tags=4 desc=875 img=hi [cached]
[cache] RJ120595
[enrich] 147/10500 RJ120595: tags=6 desc=546 img=hi [cached]
[cache] RJ01046110
[enrich] 148/10500 RJ01046110: tags=6 desc=1531 img=hi [cached]
[cache] RJ270708
[enrich] 149/10500 RJ270708: tags=6 desc=3443 img=hi [cached]
[cache] RJ214512
[enrich] 150/10500 RJ214512: tags=6 desc=2478 img=hi [cached]
[save] partial 150/10500: 10500 works → /workspace/dlsite-promo-site/data/works.json
[cache] RJ266554
[enrich] 151/10500 RJ266554: tags=6 desc=2054 img=hi [cached]
[cache] RJ278963
[enrich] 152/10500 RJ278963: tags=6 desc=3525 img=hi [cached]
[cache] RJ436454
[enrich] 153/10500 RJ436454: tags=6 desc=493 img=hi [cached]
[cache] RJ231390
[enrich] 154/10500 RJ231390: tags=6 desc=1239 img=hi [cached]
[cache] RJ405653
[enrich] 155/10500 RJ405653: tags=6 desc=1089 img=hi [cached]
[cache] RJ290801
[enrich] 156/10500 RJ290801: tags=6 desc=3353 img=hi [cached]
[cache] RJ380294
[enrich] 157/10500 RJ380294: tags=6 desc=2396 img=hi [cached]
[cache] RJ01200722
[enrich] 158/10500 RJ01200722: tags=6 desc=4459 img=hi [cached]
[cache] RJ417424
[enrich] 159/10500 RJ417424: tags=5 desc=1087 img=hi [cached]
[cache] RJ296821
[enrich] 160/10500 RJ296821: tags=6 desc=1552 img=hi [cached]
[cache] RJ297937
[enrich] 161/10500 RJ297937: tags=6 desc=2093 img=hi [cached]
[cache] RJ262921
[enrich] 162/10500 RJ262921: tags=6 desc=3725 img=hi [cached]
[cache] RJ01073400
[enrich] 163/10500 RJ01073400: tags=6 desc=892 img=hi [cached]
[cache] RJ384983
[enrich] 164/10500 RJ384983: tags=6 desc=2069 img=hi [cached]
[cache] RJ01058687
[enrich] 165/10500 RJ01058687: tags=6 desc=2399 img=hi [cached]
[cache] RJ406835
[enrich] 166/10500 RJ406835: tags=6 desc=2665 img=hi [cached]
[cache] RJ328928
[enrich] 167/10500 RJ328928: tags=6 desc=1448 img=hi [cached]
[cache] RJ331590
[enrich] 168/10500 RJ331590: tags=6 desc=3341 img=hi [cached]
[cache] RJ246037
[enrich] 169/10500 RJ246037: tags=6 desc=4497 img=hi [cached]
[cache] RJ01325945
[enrich] 170/10500 RJ01325945: tags=6 desc=1219 img=hi [cached]
[cache] RJ01166703
[enrich] 171/10500 RJ01166703: tags=6 desc=694 img=hi [cached]
[cache] RJ01073609
[enrich] 172/10500 RJ01073609: tags=6 desc=2210 img=hi [cached]
[cache] RJ247641
[enrich] 173/10500 RJ247641: tags=6 desc=1037 img=hi [cached]
[cache] RJ330023
[enrich] 174/10500 RJ330023: tags=6 desc=1630 img=hi [cached]
[cache] RJ01117570
[enrich] 175/10500 RJ01117570: tags=6 desc=1069 img=hi [cached]
[save] partial 175/10500: 10500 works → /workspace/dlsite-promo-site/data/works.json
[cache] RJ137150
[enrich] 176/10500 RJ137150: tags=6 desc=1223 img=hi [cached]
[cache] RJ01464588
[enrich] 177/10500 RJ01464588: tags=6 desc=1702 img=hi [cached]
[cache] RJ01178024
[enrich] 178/10500 RJ01178024: tags=6 desc=1269 img=hi [cached]
[cache] RJ01007980
[enrich] 179/10500 RJ01007980: tags=6 desc=1995 img=hi [cached]
[cache] RJ317690
[enrich] 180/10500 RJ317690: tags=6 desc=2474 img=hi [cached]
[cache] RJ01186021
[enrich] 181/10500 RJ01186021: tags=6 desc=4054 img=hi [cached]
[cache] RJ295125
[enrich] 182/10500 RJ295125: tags=6 desc=1942 img=hi [cached]
[cache] RJ324709
[enrich] 183/10500 RJ324709: tags=6 desc=2832 img=hi [cached]
[cache] RJ397236
[enrich] 184/10500 RJ397236: tags=6 desc=1339 img=hi [cached]
[cache] RJ01283196
[enrich] 185/10500 RJ01283196: tags=6 desc=4413 img=hi [cached]
[cache] RJ349517
[enrich] 186/10500 RJ349517: tags=6 desc=1311 img=hi [cached]
[cache] RJ01116084
[enrich] 187/10500 RJ01116084: tags=6 desc=1840 img=hi [cached]
[cache] RJ380242
[enrich] 188/10500 RJ380242: tags=6 desc=3301 img=hi [cached]
[cache] RJ01042410
[enrich] 189/10500 RJ01042410: tags=0 desc=893 img=hi [cached]
[cache] RJ01407417
[enrich] 190/10500 RJ01407417: tags=6 desc=3217 img=hi [cached]
[cache] RJ01578145
[enrich] 191/10500 RJ01578145: tags=6 desc=1510 img=hi [cached]
[cache] RJ01394659
[enrich] 192/10500 RJ01394659: tags=6 desc=1368 img=hi [cached]
[cache] RJ01287859
[enrich] 193/10500 RJ01287859: tags=6 desc=1151 img=hi [cached]
[cache] RJ01605977
[enrich] 194/10500 RJ01605977: tags=6 desc=1398 img=hi [cached]
[cache] RJ01554226
[enrich] 195/10500 RJ01554226: tags=6 desc=1717 img=hi [cached]
[cache] RJ01217874
[enrich] 196/10500 RJ01217874: tags=6 desc=1654 img=hi [cached]
[cache] RJ01115110
[enrich] 197/10500 RJ01115110: tags=6 desc=673 img=hi [cached]
[cache] RJ01610787
[enrich] 198/10500 RJ01610787: tags=6 desc=2090 img=hi [cached]
[cache] RJ01604961
[enrich] 199/10500 RJ01604961: tags=6 desc=384 img=hi [cached]
[cache] RJ01509098
[enrich] 200/10500 RJ01509098: tags=6 desc=839 img=hi [cached]
[save] partial 200/10500: 10500 works → /workspace/dlsite-promo-site/data/works.json
[cache] RJ01529215
[enrich] 201/10500 RJ01529215: tags=6 desc=4328 img=hi [cached]
[cache] RJ01414102
[enrich] 202/10500 RJ01414102: tags=6 desc=904 img=hi [cached]
[cache] RJ01544167
[enrich] 203/10500 RJ01544167: tags=6 desc=1941 img=hi [cached]
[cache] RJ220370
[enrich] 204/10500 RJ220370: tags=6 desc=198 img=hi [cached]
[cache] RJ326970
[enrich] 205/10500 RJ326970: tags=6 desc=906 img=hi [cached]
[cache] RJ365424
[enrich] 206/10500 RJ365424: tags=5 desc=212 img=hi [cached]
[cache] RJ01102378
[enrich] 207/10500 RJ01102378: tags=5 desc=295 img=hi [cached]
[cache] RJ389347
[enrich] 208/10500 RJ389347: tags=6 desc=120 img=hi [cached]
[cache] RJ417018
[enrich] 209/10500 RJ417018: tags=6 desc=338 img=hi [cached]
[cache] RJ309180
[enrich] 210/10500 RJ309180: tags=4 desc=234 img=hi [cached]
[cache] RJ01144604
[enrich] 211/10500 RJ01144604: tags=6 desc=686 img=hi [cached]
[cache] RJ328650
[enrich] 212/10500 RJ328650: tags=6 desc=190 img=hi [cached]
[cache] RJ01061741
[enrich] 213/10500 RJ01061741: tags=6 desc=597 img=hi [cached]
[cache] RJ01069345
[enrich] 214/10500 RJ01069345: tags=6 desc=997 img=hi [cached]
[cache] RJ01205319
[enrich] 215/10500 RJ01205319: tags=6 desc=580 img=hi [cached]
[cache] RJ01288067
[enrich] 216/10500 RJ01288067: tags=6 desc=1078 img=hi [cached]
[cache] RJ246930
[enrich] 217/10500 RJ246930: tags=6 desc=161 img=hi [cached]
[cache] RJ320374
[enrich] 218/10500 RJ320374: tags=6 desc=1661 img=hi [cached]
[cache] RJ432098
[enrich] 219/10500 RJ432098: tags=6 desc=592 img=hi [cached]
[cache] RJ01042029
[enrich] 220/10500 RJ01042029: tags=6 desc=724 img=hi [cached]
[cache] RJ01061953
[enrich] 221/10500 RJ01061953: tags=6 desc=679 img=hi [cached]
[cache] RJ249719
[enrich] 222/10500 RJ249719: tags=4 desc=362 img=hi [cached]
[cache] RJ01133991
[enrich] 223/10500 RJ01133991: tags=5 desc=4277 img=hi [cached]
[cache] RJ286843
[enrich] 224/10500 RJ286843: tags=6 desc=649 img=hi [cached]
[cache] RJ433456
[enrich] 225/10500 RJ433456: tags=6 desc=549 img=hi [cached]
[save] partial 225/10500: 10500 works → /workspace/dlsite-promo-site/data/works.json
[cache] RJ378723
[enrich] 226/10500 RJ378723: tags=6 desc=411 img=hi [cached]
[cache] RJ01284758
[enrich] 227/10500 RJ01284758: tags=6 desc=650 img=hi [cached]
[cache] RJ406000
[enrich] 228/10500 RJ406000: tags=5 desc=188 img=hi [cached]
[cache] RJ01221693
[enrich] 229/10500 RJ01221693: tags=6 desc=777 img=hi [cached]
[cache] RJ352463
[enrich] 230/10500 RJ352463: tags=6 desc=505 img=hi [cached]
[cache] RJ424011
[enrich] 231/10500 RJ424011: tags=6 desc=337 img=hi [cached]
[cache] RJ364805
[enrich] 232/10500 RJ364805: tags=6 desc=1315 img=hi [cached]
[cache] RJ01274322
[enrich] 233/10500 RJ01274322: tags=6 desc=1033 img=hi [cached]
[cache] RJ271974
[enrich] 234/10500 RJ271974: tags=6 desc=1192 img=hi [cached]
[cache] RJ01083468
[enrich] 235/10500 RJ01083468: tags=6 desc=334 img=hi [cached]
[cache] RJ289999
[enrich] 236/10500 RJ289999: tags=6 desc=1567 img=hi [cached]
[cache] RJ01086831
[enrich] 237/10500 RJ01086831: tags=6 desc=778 img=hi [cached]
[cache] RJ339150
[enrich] 238/10500 RJ339150: tags=6 desc=324 img=hi [cached]
[cache] RJ214737
[enrich] 239/10500 RJ214737: tags=6 desc=151 img=hi [cached]
[cache] RJ332650
[enrich] 240/10500 RJ332650: tags=3 desc=175 img=hi [cached]
[cache] RJ01556529
[enrich] 241/10500 RJ01556529: tags=6 desc=1961 img=hi [cached]
[cache] RJ01511074
[enrich] 242/10500 RJ01511074: tags=6 desc=3422 img=hi [cached]
[cache] RJ01591409
[enrich] 243/10500 RJ01591409: tags=6 desc=1557 img=hi [cached]
[cache] RJ01529377
[enrich] 244/10500 RJ01529377: tags=6 desc=1410 img=hi [cached]
[cache] RJ213645
[enrich] 245/10500 RJ213645: tags=6 desc=2889 img=hi [cached]
[cache] RJ01586101
[enrich] 246/10500 RJ01586101: tags=6 desc=1057 img=hi [cached]
[cache] RJ01557970
[enrich] 247/10500 RJ01557970: tags=6 desc=792 img=hi [cached]
[cache] RJ01618095
[enrich] 248/10500 RJ01618095: tags=6 desc=589 img=hi [cached]
[cache] RJ01232290
[enrich] 249/10500 RJ01232290: tags=6 desc=597 img=hi [cached]
[cache] RJ01552098
[enrich] 250/10500 RJ01552098: tags=6 desc=1574 img=hi [cached]
[save] partial 250/10500: 10500 works → /workspace/dlsite-promo-site/data/works.json
[cache] RJ01644833
[enrich] 251/10500 RJ01644833: tags=6 desc=1328 img=hi [cached]
[cache] RJ01532752
[enrich] 252/10500 RJ01532752: tags=6 desc=1761 img=hi [cached]
[cache] RJ01542442
[enrich] 253/10500 RJ01542442: tags=6 desc=625 img=hi [cached]
[cache] RJ01624458
[enrich] 254/10500 RJ01624458: tags=6 desc=2602 img=hi [cached]
[cache] RJ01517134
[enrich] 255/10500 RJ01517134: tags=6 desc=2335 img=hi [cached]
[cache] RJ01605201
[enrich] 256/10500 RJ01605201: tags=6 desc=491 img=hi [cached]
[cache] RJ01361917
[enrich] 257/10500 RJ01361917: tags=6 desc=1592 img=hi [cached]
[cache] RJ01264534
[enrich] 258/10500 RJ01264534: tags=6 desc=4005 img=hi [cached]
[cache] RJ01601409
[enrich] 259/10500 RJ01601409: tags=6 desc=990 img=hi [cached]
[cache] RJ01409387
[enrich] 260/10500 RJ01409387: tags=6 desc=871 img=hi [cached]
[cache] RJ01460200
[enrich] 261/10500 RJ01460200: tags=6 desc=978 img=hi [cached]
[cache] RJ01377481
[enrich] 262/10500 RJ01377481: tags=6 desc=1247 img=hi [cached]
[cache] RJ328940
[enrich] 263/10500 RJ328940: tags=6 desc=3516 img=hi [cached]
[cache] RJ01437730
[enrich] 264/10500 RJ01437730: tags=6 desc=1554 img=hi [cached]
[cache] RJ01533802
[enrich] 265/10500 RJ01533802: tags=6 desc=803 img=hi [cached]
[cache] RJ01617146
[enrich] 266/10500 RJ01617146: tags=6 desc=1488 img=hi [cached]
[cache] RJ01678210
[enrich] 267/10500 RJ01678210: tags=4 desc=2488 img=hi [cached]
[cache] RJ01578853
[enrich] 268/10500 RJ01578853: tags=6 desc=1485 img=hi [cached]
[cache] RJ01452526
[enrich] 269/10500 RJ01452526: tags=6 desc=3203 img=hi [cached]
[cache] RJ01502625
[enrich] 270/10500 RJ01502625: tags=6 desc=3544 img=hi [cached]
[cache] RJ01596985
[enrich] 271/10500 RJ01596985: tags=6 desc=1190 img=hi [cached]
[cache] RJ01577847
[enrich] 272/10500 RJ01577847: tags=6 desc=2711 img=hi [cached]
[cache] RJ01612664
[enrich] 273/10500 RJ01612664: tags=6 desc=939 img=hi [cached]
[cache] RJ01641249
[enrich] 274/10500 RJ01641249: tags=6 desc=2732 img=hi [cached]
[cache] RJ01623698
[enrich] 275/10500 RJ01623698: tags=6 desc=1825 img=hi [cached]
[save] partial 275/10500: 10500 works → /workspace/dlsite-promo-site/data/works.json
[cache] RJ01573414
[enrich] 276/10500 RJ01573414: tags=6 desc=4477 img=hi [cached]
[cache] RJ01444262
[enrich] 277/10500 RJ01444262: tags=6 desc=1123 img=hi [cached]
[cache] RJ01641149
[enrich] 278/10500 RJ01641149: tags=6 desc=991 img=hi [cached]
[cache] RJ01442791
[enrich] 279/10500 RJ01442791: tags=6 desc=575 img=hi [cached]
[cache] RJ01509750
[enrich] 280/10500 RJ01509750: tags=6 desc=826 img=hi [cached]
[cache] RJ01586834
[enrich] 281/10500 RJ01586834: tags=6 desc=508 img=hi [cached]
[cache] RJ01616268
[enrich] 282/10500 RJ01616268: tags=6 desc=211 img=hi [cached]
[cache] RJ01407342
[enrich] 283/10500 RJ01407342: tags=6 desc=336 img=hi [cached]
[cache] RJ01600694
[enrich] 284/10500 RJ01600694: tags=6 desc=937 img=hi [cached]
[cache] RJ303021
[enrich] 285/10500 RJ303021: tags=6 desc=56 img=hi [cached]
[cache] RJ291378
[enrich] 286/10500 RJ291378: tags=6 desc=1880 img=hi [cached]
[cache] RJ01325161
[enrich] 287/10500 RJ01325161: tags=6 desc=4446 img=hi [cached]
[cache] RJ01497008
[enrich] 288/10500 RJ01497008: tags=6 desc=1894 img=hi [cached]
[cache] RJ01301039
[enrich] 289/10500 RJ01301039: tags=6 desc=4496 img=hi [cached]
[cache] RJ307977
[enrich] 290/10500 RJ307977: tags=6 desc=110 img=hi [cached]
[cache] RJ01144509
[enrich] 291/10500 RJ01144509: tags=6 desc=1619 img=hi [cached]
[cache] RJ323805
[enrich] 292/10500 RJ323805: tags=6 desc=1269 img=hi [cached]
[cache] RJ403079
[enrich] 293/10500 RJ403079: tags=5 desc=914 img=hi [cached]
[cache] RJ01075093
[enrich] 294/10500 RJ01075093: tags=6 desc=4471 img=hi [cached]
[cache] RJ268016
[enrich] 295/10500 RJ268016: tags=6 desc=2498 img=hi [cached]
[cache] RJ01017895
[enrich] 296/10500 RJ01017895: tags=5 desc=1197 img=hi [cached]
[cache] RJ386852
[enrich] 297/10500 RJ386852: tags=5 desc=3998 img=hi [cached]
[cache] RJ285530
[enrich] 298/10500 RJ285530: tags=6 desc=495 img=hi [cached]
[cache] RJ01064816
[enrich] 299/10500 RJ01064816: tags=6 desc=2435 img=hi [cached]
[cache] RJ01029894
[enrich] 300/10500 RJ01029894: tags=6 desc=4467 img=hi [cached]
[save] partial 300/10500: 10500 works → /workspace/dlsite-promo-site/data/works.json
[cache] RJ362387
[enrich] 301/10500 RJ362387: tags=6 desc=1599 img=hi [cached]
[cache] RJ321035
[enrich] 302/10500 RJ321035: tags=5 desc=1329 img=hi [cached]
[cache] RJ01017702
[enrich] 303/10500 RJ01017702: tags=5 desc=1187 img=hi [cached]
[cache] RJ01296282
[enrich] 304/10500 RJ01296282: tags=6 desc=4462 img=hi [cached]
[cache] RJ01397691
[enrich] 305/10500 RJ01397691: tags=6 desc=4409 img=hi [cached]
[cache] RJ292031
[enrich] 306/10500 RJ292031: tags=6 desc=1874 img=hi [cached]
[cache] RJ369303
[enrich] 307/10500 RJ369303: tags=6 desc=118 img=hi [cached]
[cache] RJ01458235
[enrich] 308/10500 RJ01458235: tags=6 desc=4495 img=hi [cached]
[cache] RJ386484
[enrich] 309/10500 RJ386484: tags=5 desc=137 img=hi [cached]
[cache] RJ140665
[enrich] 310/10500 RJ140665: tags=4 desc=1050 img=hi [cached]
[cache] RJ01376940
[enrich] 311/10500 RJ01376940: tags=6 desc=4460 img=hi [cached]
[cache] RJ01127803
[enrich] 312/10500 RJ01127803: tags=6 desc=998 img=hi [cached]
[cache] RJ286012
[enrich] 313/10500 RJ286012: tags=6 desc=658 img=hi [cached]
[cache] RJ317278
[enrich] 314/10500 RJ317278: tags=5 desc=1231 img=hi [cached]
[cache] RJ01603537
[enrich] 315/10500 RJ01603537: tags=6 desc=1387 img=hi [cached]
[cache] RJ01643362
[enrich] 316/10500 RJ01643362: tags=6 desc=1360 img=hi [cached]
[cache] RJ01666210
[enrich] 317/10500 RJ01666210: tags=3 desc=719 img=hi [cached]
[cache] RJ01673453
[enrich] 318/10500 RJ01673453: tags=6 desc=2546 img=hi [cached]
[cache] RJ01617970
[enrich] 319/10500 RJ01617970: tags=6 desc=1614 img=hi [cached]
[cache] RJ01559234
[enrich] 320/10500 RJ01559234: tags=6 desc=3401 img=hi [cached]
[cache] RJ01665656
[enrich] 321/10500 RJ01665656: tags=6 desc=2842 img=hi [cached]
[cache] RJ01694928
[enrich] 322/10500 RJ01694928: tags=3 desc=4391 img=hi [cached]
[cache] RJ01624854
[enrich] 323/10500 RJ01624854: tags=6 desc=3229 img=hi [cached]
[cache] RJ01571353
[enrich] 324/10500 RJ01571353: tags=6 desc=2516 img=hi [cached]
[cache] RJ01563510
[enrich] 325/10500 RJ01563510: tags=6 desc=2455 img=hi [cached]
[save] partial 325/10500: 10500 works → /workspace/dlsite-promo-site/data/works.json
[cache] RJ01509126
[enrich] 326/10500 RJ01509126: tags=6 desc=1545 img=hi [cached]
[cache] RJ01532353
[enrich] 327/10500 RJ01532353: tags=6 desc=2141 img=hi [cached]
[cache] RJ01583802
[enrich] 328/10500 RJ01583802: tags=6 desc=4464 img=hi [cached]
[cache] RJ01644019
[enrich] 329/10500 RJ01644019: tags=6 desc=1334 img=hi [cached]
[cache] RJ01594429
[enrich] 330/10500 RJ01594429: tags=6 desc=860 img=hi [cached]
[cache] RJ01544933
[enrich] 331/10500 RJ01544933: tags=6 desc=242 img=hi [cached]
[cache] RJ01606763
[enrich] 332/10500 RJ01606763: tags=6 desc=1584 img=hi [cached]
[cache] RJ01624439
[enrich] 333/10500 RJ01624439: tags=6 desc=3762 img=hi [cached]
[cache] RJ01576107
[enrich] 334/10500 RJ01576107: tags=6 desc=1182 img=hi [cached]
[cache] RJ01553954
[enrich] 335/10500 RJ01553954: tags=6 desc=1053 img=hi [cached]
[cache] RJ01564308
[enrich] 336/10500 RJ01564308: tags=6 desc=2093 img=hi [cached]
[cache] RJ01624471
[enrich] 337/10500 RJ01624471: tags=6 desc=4484 img=hi [cached]
[cache] RJ01675713
[enrich] 338/10500 RJ01675713: tags=6 desc=2418 img=hi [cached]
[cache] RJ01517863
[enrich] 339/10500 RJ01517863: tags=6 desc=336 img=hi [cached]
[cache] RJ01579177
[enrich] 340/10500 RJ01579177: tags=6 desc=4313 img=hi [cached]
[cache] RJ01616530
[enrich] 341/10500 RJ01616530: tags=6 desc=2078 img=hi [cached]
[cache] RJ01611080
[enrich] 342/10500 RJ01611080: tags=6 desc=1304 img=hi [cached]
[cache] RJ01651389
[enrich] 343/10500 RJ01651389: tags=6 desc=602 img=hi [cached]
[cache] RJ01632730
[enrich] 344/10500 RJ01632730: tags=6 desc=1497 img=hi [cached]
[cache] RJ01556025
[enrich] 345/10500 RJ01556025: tags=6 desc=2054 img=hi [cached]
[cache] RJ01603646
[enrich] 346/10500 RJ01603646: tags=6 desc=4496 img=hi [cached]
[cache] RJ01570846
[enrich] 347/10500 RJ01570846: tags=6 desc=3108 img=hi [cached]
[cache] RJ01594323
[enrich] 348/10500 RJ01594323: tags=6 desc=513 img=hi [cached]
[cache] RJ01567720
[enrich] 349/10500 RJ01567720: tags=6 desc=2262 img=hi [cached]
[cache] RJ01526921
[enrich] 350/10500 RJ01526921: tags=6 desc=4461 img=hi [cached]
[save] partial 350/10500: 10500 works → /workspace/dlsite-promo-site/data/works.json
[cache] RJ01675771
[enrich] 351/10500 RJ01675771: tags=6 desc=2591 img=hi [cached]
[cache] RJ01690975
[enrich] 352/10500 RJ01690975: tags=5 desc=809 img=hi [cached]
[cache] RJ01673629
[enrich] 353/10500 RJ01673629: tags=2 desc=686 img=hi [cached]
[cache] RJ01593482
[enrich] 354/10500 RJ01593482: tags=6 desc=1676 img=hi [cached]
[cache] RJ01593868
[enrich] 355/10500 RJ01593868: tags=6 desc=885 img=hi [cached]
[cache] RJ01562138
[enrich] 356/10500 RJ01562138: tags=6 desc=602 img=hi [cached]
[cache] RJ01643156
[enrich] 357/10500 RJ01643156: tags=6 desc=3232 img=hi [cached]
[cache] RJ01647392
[enrich] 358/10500 RJ01647392: tags=6 desc=4461 img=hi [cached]
[cache] RJ01525051
[enrich] 359/10500 RJ01525051: tags=6 desc=698 img=hi [cached]
[cache] RJ01595571
[enrich] 360/10500 RJ01595571: tags=5 desc=2399 img=hi [cached]
[cache] RJ01575530
[enrich] 361/10500 RJ01575530: tags=6 desc=460 img=hi [cached]
[cache] RJ01534331
[enrich] 362/10500 RJ01534331: tags=6 desc=4475 img=hi [cached]
[cache] RJ01505651
[enrich] 363/10500 RJ01505651: tags=6 desc=2155 img=hi [cached]
[cache] RJ01525290
[enrich] 364/10500 RJ01525290: tags=6 desc=2488 img=hi [cached]
[cache] RJ01394631
[enrich] 365/10500 RJ01394631: tags=6 desc=3006 img=hi [cached]
[cache] RJ01596250
[enrich] 366/10500 RJ01596250: tags=6 desc=641 img=hi [cached]
[cache] RJ01607960
[enrich] 367/10500 RJ01607960: tags=6 desc=1990 img=hi [cached]
[cache] RJ01606788
[enrich] 368/10500 RJ01606788: tags=6 desc=891 img=hi [cached]
[cache] RJ01531480
[enrich] 369/10500 RJ01531480: tags=6 desc=2573 img=hi [cached]
[cache] RJ01543696
[enrich] 370/10500 RJ01543696: tags=6 desc=797 img=hi [cached]
[cache] RJ01567833
[enrich] 371/10500 RJ01567833: tags=6 desc=917 img=hi [cached]
[cache] RJ01527698
[enrich] 372/10500 RJ01527698: tags=6 desc=3304 img=hi [cached]
[cache] RJ01561385
[enrich] 373/10500 RJ01561385: tags=6 desc=4017 img=hi [cached]
[cache] RJ01569979
[enrich] 374/10500 RJ01569979: tags=6 desc=3171 img=hi [cached]
[cache] RJ01232781
[enrich] 375/10500 RJ01232781: tags=6 desc=1312 img=hi [cached]
[save] partial 375/10500: 10500 works → /workspace/dlsite-promo-site/data/works.json
[cache] RJ01529583
[enrich] 376/10500 RJ01529583: tags=6 desc=2302 img=hi [cached]
[cache] RJ01593219
[enrich] 377/10500 RJ01593219: tags=6 desc=2959 img=hi [cached]
[cache] RJ01607502
[enrich] 378/10500 RJ01607502: tags=6 desc=1407 img=hi [cached]
[cache] RJ01553873
[enrich] 379/10500 RJ01553873: tags=6 desc=1430 img=hi [cached]
[cache] RJ01636691
[enrich] 380/10500 RJ01636691: tags=4 desc=1312 img=hi [cached]
[cache] RJ01572738
[enrich] 381/10500 RJ01572738: tags=6 desc=2669 img=hi [cached]
[cache] RJ01549535
[enrich] 382/10500 RJ01549535: tags=6 desc=876 img=hi [cached]
[cache] RJ01601130
[enrich] 383/10500 RJ01601130: tags=6 desc=1387 img=hi [cached]
[cache] RJ01528056
[enrich] 384/10500 RJ01528056: tags=6 desc=2513 img=hi [cached]
[cache] RJ01690344
[enrich] 385/10500 RJ01690344: tags=6 desc=651 img=hi [cached]
[cache] RJ01598806
[enrich] 386/10500 RJ01598806: tags=6 desc=3675 img=hi [cached]
[cache] RJ01562540
[enrich] 387/10500 RJ01562540: tags=6 desc=2328 img=hi [cached]
[cache] RJ01562477
[enrich] 388/10500 RJ01562477: tags=6 desc=1005 img=hi [cached]
[cache] RJ01657474
[enrich] 389/10500 RJ01657474: tags=6 desc=1105 img=hi [cached]
[cache] RJ01636129
[enrich] 390/10500 RJ01636129: tags=6 desc=1763 img=hi [cached]
[cache] RJ01628829
[enrich] 391/10500 RJ01628829: tags=6 desc=1549 img=hi [cached]
[cache] RJ01520917
[enrich] 392/10500 RJ01520917: tags=6 desc=2102 img=hi [cached]
[cache] RJ01561326
[enrich] 393/10500 RJ01561326: tags=6 desc=2674 img=hi [cached]
[cache] RJ01708243
[enrich] 394/10500 RJ01708243: tags=6 desc=1688 img=hi [cached]
[cache] RJ01594029
[enrich] 395/10500 RJ01594029: tags=6 desc=1012 img=hi [cached]
[cache] RJ01602002
[enrich] 396/10500 RJ01602002: tags=6 desc=1537 img=hi [cached]
[cache] RJ01584634
[enrich] 397/10500 RJ01584634: tags=6 desc=250 img=hi [cached]
[cache] RJ01669340
[enrich] 398/10500 RJ01669340: tags=6 desc=986 img=hi [cached]
[cache] RJ01510670
[enrich] 399/10500 RJ01510670: tags=6 desc=589 img=hi [cached]
[cache] RJ01586220
[enrich] 400/10500 RJ01586220: tags=6 desc=2958 img=hi [cached]
[save] partial 400/10500: 10500 works → /workspace/dlsite-promo-site/data/works.json
[cache] RJ01638386
[enrich] 401/10500 RJ01638386: tags=6 desc=1473 img=hi [cached]
[cache] RJ404094
[enrich] 402/10500 RJ404094: tags=6 desc=737 img=hi [cached]
[cache] RJ01212921
[enrich] 403/10500 RJ01212921: tags=6 desc=1535 img=hi [cached]
[cache] RJ309974
[enrich] 404/10500 RJ309974: tags=6 desc=2712 img=hi [cached]
[cache] RJ01323899
[enrich] 405/10500 RJ01323899: tags=6 desc=3477 img=hi [cached]
[cache] RJ01149693
[enrich] 406/10500 RJ01149693: tags=6 desc=1026 img=hi [cached]
[cache] RJ01535674
[enrich] 407/10500 RJ01535674: tags=6 desc=282 img=hi [cached]
[cache] RJ01234887
[enrich] 408/10500 RJ01234887: tags=6 desc=2177 img=hi [cached]
[cache] RJ01543217
[enrich] 409/10500 RJ01543217: tags=6 desc=831 img=hi [cached]
[cache] RJ01369348
[enrich] 410/10500 RJ01369348: tags=6 desc=1220 img=hi [cached]
[cache] RJ01595506
[enrich] 411/10500 RJ01595506: tags=6 desc=1064 img=hi [cached]
[cache] RJ01574150
[enrich] 412/10500 RJ01574150: tags=6 desc=630 img=hi [cached]
[cache] RJ01686872
[enrich] 413/10500 RJ01686872: tags=6 desc=747 img=hi [cached]
[cache] RJ01590123
[enrich] 414/10500 RJ01590123: tags=6 desc=3448 img=hi [cached]
[cache] RJ01612168
[enrich] 415/10500 RJ01612168: tags=6 desc=2964 img=hi [cached]
[cache] RJ01548022
[enrich] 416/10500 RJ01548022: tags=6 desc=355 img=hi [cached]
[cache] RJ01500551
[enrich] 417/10500 RJ01500551: tags=6 desc=1134 img=hi [cached]
[cache] RJ368039
[enrich] 418/10500 RJ368039: tags=6 desc=703 img=hi [cached]
[cache] RJ235384
[enrich] 419/10500 RJ235384: tags=6 desc=539 img=hi [cached]
[cache] RJ272729
[enrich] 420/10500 RJ272729: tags=4 desc=555 img=hi [cached]
[cache] RJ381860
[enrich] 421/10500 RJ381860: tags=6 desc=410 img=hi [cached]
[cache] RJ01056959
[enrich] 422/10500 RJ01056959: tags=6 desc=111 img=hi [cached]
[cache] RJ285255
[enrich] 423/10500 RJ285255: tags=6 desc=1245 img=hi [cached]
[cache] RJ01315673
[enrich] 424/10500 RJ01315673: tags=6 desc=1122 img=hi [cached]
[cache] RJ135061
[enrich] 425/10500 RJ135061: tags=6 desc=511 img=hi [cached]
[save] partial 425/10500: 10500 works → /workspace/dlsite-promo-site/data/works.json
[cache] RJ358999
[enrich] 426/10500 RJ358999: tags=6 desc=437 img=hi [cached]
[cache] RJ01037383
[enrich] 427/10500 RJ01037383: tags=6 desc=111 img=hi [cached]
[cache] RJ01457222
[enrich] 428/10500 RJ01457222: tags=6 desc=666 img=hi [cached]
[cache] RJ360006
[enrich] 429/10500 RJ360006: tags=5 desc=793 img=hi [cached]
[cache] RJ01123497
[enrich] 430/10500 RJ01123497: tags=3 desc=120 img=hi [cached]
[cache] RJ172506
[enrich] 431/10500 RJ172506: tags=6 desc=661 img=hi [cached]
[cache] RJ404491
[enrich] 432/10500 RJ404491: tags=6 desc=718 img=hi [cached]
[cache] RJ357694
[enrich] 433/10500 RJ357694: tags=6 desc=1434 img=hi [cached]
[cache] RJ01116055
[enrich] 434/10500 RJ01116055: tags=6 desc=448 img=hi [cached]
[cache] RJ394924
[enrich] 435/10500 RJ394924: tags=6 desc=779 img=hi [cached]
[cache] RJ01365103
[enrich] 436/10500 RJ01365103: tags=5 desc=646 img=hi [cached]
[cache] RJ324208
[enrich] 437/10500 RJ324208: tags=6 desc=866 img=hi [cached]
[cache] RJ390761
[enrich] 438/10500 RJ390761: tags=6 desc=1428 img=hi [cached]
[cache] RJ01084168
[enrich] 439/10500 RJ01084168: tags=6 desc=112 img=hi [cached]
[cache] RJ319241
[enrich] 440/10500 RJ319241: tags=5 desc=286 img=hi [cached]
[cache] RJ189296
[enrich] 441/10500 RJ189296: tags=6 desc=627 img=hi [cached]
[cache] RJ01059908
[enrich] 442/10500 RJ01059908: tags=5 desc=234 img=hi [cached]
[cache] RJ343381
[enrich] 443/10500 RJ343381: tags=6 desc=372 img=hi [cached]
[cache] RJ01157495
[enrich] 444/10500 RJ01157495: tags=6 desc=344 img=hi [cached]
[cache] RJ258682
[enrich] 445/10500 RJ258682: tags=6 desc=682 img=hi [cached]
[cache] RJ01024686
[enrich] 446/10500 RJ01024686: tags=6 desc=386 img=hi [cached]
[cache] RJ01096349
[enrich] 447/10500 RJ01096349: tags=6 desc=1449 img=hi [cached]
[cache] RJ01165984
[enrich] 448/10500 RJ01165984: tags=6 desc=927 img=hi [cached]
[cache] RJ120331
[enrich] 449/10500 RJ120331: tags=5 desc=643 img=hi [cached]
[cache] RJ01054862
[enrich] 450/10500 RJ01054862: tags=6 desc=269 img=hi [cached]
[save] partial 450/10500: 10500 works → /workspace/dlsite-promo-site/data/works.json
[cache] RJ149391
[enrich] 451/10500 RJ149391: tags=6 desc=1717 img=hi [cached]
[cache] RJ251551
[enrich] 452/10500 RJ251551: tags=6 desc=782 img=hi [cached]
[cache] RJ362846
[enrich] 453/10500 RJ362846: tags=6 desc=665 img=hi [cached]
[cache] RJ01444132
[enrich] 454/10500 RJ01444132: tags=6 desc=371 img=hi [cached]
[cache] RJ373967
[enrich] 455/10500 RJ373967: tags=5 desc=468 img=hi [cached]
[cache] RJ329342
[enrich] 456/10500 RJ329342: tags=6 desc=236 img=hi [cached]
[cache] RJ01298148
[enrich] 457/10500 RJ01298148: tags=6 desc=197 img=hi [cached]
[cache] RJ01184012
[enrich] 458/10500 RJ01184012: tags=6 desc=707 img=hi [cached]
[cache] RJ01083091
[enrich] 459/10500 RJ01083091: tags=6 desc=581 img=hi [cached]
[cache] RJ253781
[enrich] 460/10500 RJ253781: tags=5 desc=680 img=hi [cached]
[cache] RJ01308721
[enrich] 461/10500 RJ01308721: tags=6 desc=974 img=hi [cached]
[cache] RJ264961
[enrich] 462/10500 RJ264961: tags=6 desc=297 img=hi [cached]
[cache] RJ374401
[enrich] 463/10500 RJ374401: tags=6 desc=658 img=hi [cached]
[cache] RJ272221
[enrich] 464/10500 RJ272221: tags=6 desc=450 img=hi [cached]
[cache] RJ01004459
[enrich] 465/10500 RJ01004459: tags=6 desc=2120 img=hi [cached]
[cache] RJ295593
[enrich] 466/10500 RJ295593: tags=4 desc=217 img=hi [cached]
[cache] RJ01010819
[enrich] 467/10500 RJ01010819: tags=6 desc=142 img=hi [cached]
[cache] RJ01240170
[enrich] 468/10500 RJ01240170: tags=6 desc=144 img=hi [cached]
[cache] RJ01452226
[enrich] 469/10500 RJ01452226: tags=3 desc=687 img=hi [cached]
[cache] RJ01196154
[enrich] 470/10500 RJ01196154: tags=6 desc=262 img=hi [cached]
[cache] RJ01201167
[enrich] 471/10500 RJ01201167: tags=6 desc=674 img=hi [cached]
[cache] RJ399371
[enrich] 472/10500 RJ399371: tags=6 desc=449 img=hi [cached]
[cache] RJ01423114
[enrich] 473/10500 RJ01423114: tags=6 desc=3557 img=hi [cached]
[cache] RJ01027011
[enrich] 474/10500 RJ01027011: tags=6 desc=360 img=hi [cached]
[cache] RJ01621951
[enrich] 475/10500 RJ01621951: tags=5 desc=1336 img=hi [cached]
[save] partial 475/10500: 10500 works → /workspace/dlsite-promo-site/data/works.json
[cache] RJ01434761
[enrich] 476/10500 RJ01434761: tags=6 desc=185 img=hi [cached]
[cache] RJ01456696
[enrich] 477/10500 RJ01456696: tags=6 desc=895 img=hi [cached]
[cache] RJ01565556
[enrich] 478/10500 RJ01565556: tags=6 desc=260 img=hi [cached]
[cache] RJ01575919
[enrich] 479/10500 RJ01575919: tags=6 desc=442 img=hi [cached]
[cache] RJ01648755
[enrich] 480/10500 RJ01648755: tags=6 desc=296 img=hi [cached]
[cache] RJ01639509
[enrich] 481/10500 RJ01639509: tags=6 desc=624 img=hi [cached]
[cache] RJ01592565
[enrich] 482/10500 RJ01592565: tags=6 desc=517 img=hi [cached]
[cache] RJ01657697
[enrich] 483/10500 RJ01657697: tags=6 desc=644 img=hi [cached]
[cache] RJ01530973
[enrich] 484/10500 RJ01530973: tags=6 desc=791 img=hi [cached]
[cache] RJ01546799
[enrich] 485/10500 RJ01546799: tags=6 desc=1110 img=hi [cached]
[cache] RJ01138002
[enrich] 486/10500 RJ01138002: tags=6 desc=433 img=hi [cached]
[cache] RJ01687054
[enrich] 487/10500 RJ01687054: tags=6 desc=241 img=hi [cached]
[cache] RJ01497318
[enrich] 488/10500 RJ01497318: tags=5 desc=395 img=hi [cached]
[cache] RJ01532144
[enrich] 489/10500 RJ01532144: tags=4 desc=661 img=hi [cached]
[cache] RJ01589258
[enrich] 490/10500 RJ01589258: tags=6 desc=720 img=hi [cached]
[cache] RJ01507472
[enrich] 491/10500 RJ01507472: tags=6 desc=617 img=hi [cached]
[cache] RJ01693737
[enrich] 492/10500 RJ01693737: tags=6 desc=133 img=hi [cached]
[cache] RJ01580474
[enrich] 493/10500 RJ01580474: tags=6 desc=270 img=hi [cached]
[cache] RJ01594594
[enrich] 494/10500 RJ01594594: tags=6 desc=964 img=hi [cached]
[cache] RJ01536920
[enrich] 495/10500 RJ01536920: tags=6 desc=281 img=hi [cached]
[cache] RJ01525872
[enrich] 496/10500 RJ01525872: tags=5 desc=740 img=hi [cached]
[cache] RJ01647292
[enrich] 497/10500 RJ01647292: tags=6 desc=334 img=hi [cached]
[cache] RJ01512875
[enrich] 498/10500 RJ01512875: tags=3 desc=230 img=hi [cached]
[cache] RJ01579424
[enrich] 499/10500 RJ01579424: tags=6 desc=447 img=hi [cached]
[cache] RJ01706299
[enrich] 500/10500 RJ01706299: tags=6 desc=612 img=hi [cached]
[save] partial 500/10500: 10500 works → /workspace/dlsite-promo-site/data/works.json
[cache] RJ01601624
[enrich] 501/10500 RJ01601624: tags=6 desc=428 img=hi [cached]
[cache] RJ01502863
[enrich] 502/10500 RJ01502863: tags=6 desc=345 img=hi [cached]
[cache] RJ01618713
[enrich] 503/10500 RJ01618713: tags=6 desc=3817 img=hi [cached]
[cache] RJ01523598
[enrich] 504/10500 RJ01523598: tags=6 desc=575 img=hi [cached]
[cache] RJ01579470
[enrich] 505/10500 RJ01579470: tags=6 desc=593 img=hi [cached]
[cache] RJ01541395
[enrich] 506/10500 RJ01541395: tags=6 desc=151 img=hi [cached]
[cache] RJ01542345
[enrich] 507/10500 RJ01542345: tags=4 desc=385 img=hi [cached]
[cache] RJ01668332
[enrich] 508/10500 RJ01668332: tags=3 desc=372 img=hi [cached]
[cache] RJ01531024
[enrich] 509/10500 RJ01531024: tags=6 desc=893 img=hi [cached]
[cache] RJ01544402
[enrich] 510/10500 RJ01544402: tags=6 desc=1025 img=hi [cached]
[cache] RJ01673544
[enrich] 511/10500 RJ01673544: tags=6 desc=328 img=hi [cached]
[cache] RJ01703682
[enrich] 512/10500 RJ01703682: tags=4 desc=656 img=hi [cached]
[cache] RJ01598702
[enrich] 513/10500 RJ01598702: tags=6 desc=403 img=hi [cached]
[cache] RJ01495416
[enrich] 514/10500 RJ01495416: tags=6 desc=269 img=hi [cached]
[cache] RJ01531235
[enrich] 515/10500 RJ01531235: tags=6 desc=199 img=hi [cached]
[cache] RJ01661498
[enrich] 516/10500 RJ01661498: tags=6 desc=370 img=hi [cached]
[cache] RJ01603958
[enrich] 517/10500 RJ01603958: tags=6 desc=318 img=hi [cached]
[cache] RJ01626694
[enrich] 518/10500 RJ01626694: tags=6 desc=1265 img=hi [cached]
[cache] RJ01534246
[enrich] 519/10500 RJ01534246: tags=6 desc=152 img=hi [cached]
[cache] RJ01555357
[enrich] 520/10500 RJ01555357: tags=6 desc=290 img=hi [cached]
[cache] RJ01522614
[enrich] 521/10500 RJ01522614: tags=4 desc=1127 img=hi [cached]
[cache] RJ01376371
[enrich] 522/10500 RJ01376371: tags=6 desc=689 img=hi [cached]
[cache] RJ01621416
[enrich] 523/10500 RJ01621416: tags=6 desc=347 img=hi [cached]
[cache] RJ01528791
[enrich] 524/10500 RJ01528791: tags=6 desc=56 img=hi [cached]
[cache] RJ01464415
[enrich] 525/10500 RJ01464415: tags=5 desc=753 img=hi [cached]
[save] partial 525/10500: 10500 works → /workspace/dlsite-promo-site/data/works.json
[cache] RJ01691175
[enrich] 526/10500 RJ01691175: tags=6 desc=140 img=hi [cached]
[cache] RJ01541460
[enrich] 527/10500 RJ01541460: tags=6 desc=501 img=hi [cached]
[cache] RJ01528798
[enrich] 528/10500 RJ01528798: tags=6 desc=233 img=hi [cached]
[cache] RJ01541719
[enrich] 529/10500 RJ01541719: tags=6 desc=187 img=hi [cached]
[cache] RJ01567301
[enrich] 530/10500 RJ01567301: tags=6 desc=467 img=hi [cached]
[cache] RJ01644695
[enrich] 531/10500 RJ01644695: tags=6 desc=253 img=hi [cached]
[cache] RJ01621955
[enrich] 532/10500 RJ01621955: tags=4 desc=398 img=hi [cached]
[cache] RJ01598869
[enrich] 533/10500 RJ01598869: tags=6 desc=821 img=hi [cached]
[cache] RJ01588655
[enrich] 534/10500 RJ01588655: tags=6 desc=394 img=hi [cached]
[cache] RJ01567676
[enrich] 535/10500 RJ01567676: tags=3 desc=135 img=hi [cached]
[cache] RJ01422870
[enrich] 536/10500 RJ01422870: tags=6 desc=730 img=hi [cached]
[cache] RJ01533115
[enrich] 537/10500 RJ01533115: tags=6 desc=182 img=hi [cached]
[cache] RJ01595610
[enrich] 538/10500 RJ01595610: tags=6 desc=541 img=hi [cached]
[cache] RJ01615685
[enrich] 539/10500 RJ01615685: tags=6 desc=456 img=hi [cached]
[cache] RJ01389285
[enrich] 540/10500 RJ01389285: tags=6 desc=353 img=hi [cached]
[cache] RJ01696826
[enrich] 541/10500 RJ01696826: tags=2 desc=82 img=hi [cached]
[cache] RJ01512222
[enrich] 542/10500 RJ01512222: tags=6 desc=242 img=hi [cached]
[cache] RJ01572836
[enrich] 543/10500 RJ01572836: tags=6 desc=282 img=hi [cached]
[cache] RJ01689465
[enrich] 544/10500 RJ01689465: tags=6 desc=370 img=hi [cached]
[cache] RJ01549877
[enrich] 545/10500 RJ01549877: tags=3 desc=1058 img=hi [cached]
[cache] RJ01573943
[enrich] 546/10500 RJ01573943: tags=6 desc=1000 img=hi [cached]
[cache] RJ01511183
[enrich] 547/10500 RJ01511183: tags=6 desc=858 img=hi [cached]
[cache] RJ01612810
[enrich] 548/10500 RJ01612810: tags=6 desc=212 img=hi [cached]
[cache] RJ01107306
[enrich] 549/10500 RJ01107306: tags=6 desc=543 img=hi [cached]
[cache] RJ01610625
[enrich] 550/10500 RJ01610625: tags=6 desc=248 img=hi [cached]
[save] partial 550/10500: 10500 works → /workspace/dlsite-promo-site/data/works.json
[cache] RJ01480592
[enrich] 551/10500 RJ01480592: tags=6 desc=339 img=hi [cached]
[cache] RJ01546436
[enrich] 552/10500 RJ01546436: tags=6 desc=445 img=hi [cached]
[cache] RJ01238176
[enrich] 553/10500 RJ01238176: tags=6 desc=484 img=hi [cached]
[cache] RJ243448
[enrich] 554/10500 RJ243448: tags=3 desc=288 img=hi [cached]
[cache] RJ254160
[enrich] 555/10500 RJ254160: tags=5 desc=245 img=hi [cached]
[cache] RJ243414
[enrich] 556/10500 RJ243414: tags=4 desc=298 img=hi [cached]
[cache] RJ250820
[enrich] 557/10500 RJ250820: tags=5 desc=1529 img=hi [cached]
[cache] RJ285882
[enrich] 558/10500 RJ285882: tags=6 desc=666 img=hi [cached]
[cache] RJ284724
[enrich] 559/10500 RJ284724: tags=6 desc=435 img=hi [cached]
[cache] RJ276179
[enrich] 560/10500 RJ276179: tags=6 desc=350 img=hi [cached]
[cache] RJ285439
[enrich] 561/10500 RJ285439: tags=6 desc=251 img=hi [cached]
[cache] RJ304947
[enrich] 562/10500 RJ304947: tags=6 desc=657 img=hi [cached]
[cache] RJ243515
[enrich] 563/10500 RJ243515: tags=4 desc=454 img=hi [cached]
[cache] RJ241335
[enrich] 564/10500 RJ241335: tags=6 desc=1275 img=hi [cached]
[cache] RJ305407
[enrich] 565/10500 RJ305407: tags=6 desc=1011 img=hi [cached]
[cache] RJ308699
[enrich] 566/10500 RJ308699: tags=6 desc=556 img=hi [cached]
[cache] RJ286531
[enrich] 567/10500 RJ286531: tags=6 desc=172 img=hi [cached]
[cache] RJ421109
[enrich] 568/10500 RJ421109: tags=6 desc=1064 img=hi [cached]
[cache] RJ320314
[enrich] 569/10500 RJ320314: tags=5 desc=390 img=hi [cached]
[cache] RJ416816
[enrich] 570/10500 RJ416816: tags=5 desc=850 img=hi [cached]
[cache] RJ432317
[enrich] 571/10500 RJ432317: tags=6 desc=4157 img=hi [cached]
[cache] RJ302931
[enrich] 572/10500 RJ302931: tags=6 desc=1554 img=hi [cached]
[cache] RJ315843
[enrich] 573/10500 RJ315843: tags=5 desc=274 img=hi [cached]
[cache] RJ250821
[enrich] 574/10500 RJ250821: tags=5 desc=2014 img=hi [cached]
[cache] RJ416809
[enrich] 575/10500 RJ416809: tags=6 desc=806 img=hi [cached]
[save] partial 575/10500: 10500 works → /workspace/dlsite-promo-site/data/works.json
[cache] RJ343328
[enrich] 576/10500 RJ343328: tags=6 desc=323 img=hi [cached]
[cache] RJ01354858
[enrich] 577/10500 RJ01354858: tags=4 desc=177 img=hi [cached]
[cache] RJ344440
[enrich] 578/10500 RJ344440: tags=6 desc=432 img=hi [cached]
[cache] RJ01203453
[enrich] 579/10500 RJ01203453: tags=6 desc=925 img=hi [cached]
[cache] RJ401391
[enrich] 580/10500 RJ401391: tags=3 desc=276 img=hi [cached]
[cache] RJ01237471
[enrich] 581/10500 RJ01237471: tags=6 desc=1974 img=hi [cached]
[cache] RJ311495
[enrich] 582/10500 RJ311495: tags=6 desc=461 img=hi [cached]
[cache] RJ413784
[enrich] 583/10500 RJ413784: tags=3 desc=1028 img=hi [cached]
[cache] RJ286688
[enrich] 584/10500 RJ286688: tags=6 desc=735 img=hi [cached]
[cache] RJ270286
[enrich] 585/10500 RJ270286: tags=3 desc=1660 img=hi [cached]
[cache] RJ01016904
[enrich] 586/10500 RJ01016904: tags=6 desc=743 img=hi [cached]
[cache] RJ345975
[enrich] 587/10500 RJ345975: tags=6 desc=507 img=hi [cached]
[cache] RJ01058141
[enrich] 588/10500 RJ01058141: tags=6 desc=816 img=hi [cached]
[cache] RJ01098541
[enrich] 589/10500 RJ01098541: tags=0 desc=1575 img=hi [cached]
[cache] RJ01074493
[enrich] 590/10500 RJ01074493: tags=6 desc=790 img=hi [cached]
[cache] RJ01294487
[enrich] 591/10500 RJ01294487: tags=2 desc=378 img=hi [cached]
[cache] RJ276756
[enrich] 592/10500 RJ276756: tags=4 desc=345 img=hi [cached]
[cache] RJ01255517
[enrich] 593/10500 RJ01255517: tags=6 desc=846 img=hi [cached]
[cache] RJ298165
[enrich] 594/10500 RJ298165: tags=6 desc=254 img=hi [cached]
[cache] RJ01157741
[enrich] 595/10500 RJ01157741: tags=6 desc=807 img=hi [cached]
[cache] RJ269501
[enrich] 596/10500 RJ269501: tags=2 desc=832 img=hi [cached]
[cache] RJ01249360
[enrich] 597/10500 RJ01249360: tags=6 desc=1846 img=hi [cached]
[cache] RJ257729
[enrich] 598/10500 RJ257729: tags=4 desc=347 img=hi [cached]
[cache] RJ01126515
[enrich] 599/10500 RJ01126515: tags=4 desc=1845 img=hi [cached]
[cache] RJ331363
[enrich] 600/10500 RJ331363: tags=6 desc=976 img=hi [cached]
[save] partial 600/10500: 10500 works → /workspace/dlsite-promo-site/data/works.json
[cache] RJ01123046
[enrich] 601/10500 RJ01123046: tags=5 desc=137 img=hi [cached]
[cache] RJ01097179
[enrich] 602/10500 RJ01097179: tags=6 desc=164 img=hi [cached]
[cache] RJ293189
[enrich] 603/10500 RJ293189: tags=6 desc=301 img=hi [cached]
[cache] RJ01096690
[enrich] 604/10500 RJ01096690: tags=6 desc=880 img=hi [cached]
[cache] RJ01328343
[enrich] 605/10500 RJ01328343: tags=2 desc=306 img=hi [cached]
[cache] RJ331241
[enrich] 606/10500 RJ331241: tags=4 desc=649 img=hi [cached]
[cache] RJ437287
[enrich] 607/10500 RJ437287: tags=6 desc=1824 img=hi [cached]
[cache] RJ278165
[enrich] 608/10500 RJ278165: tags=4 desc=2705 img=hi [cached]
[cache] RJ01299959
[enrich] 609/10500 RJ01299959: tags=6 desc=3677 img=hi [cached]
[cache] RJ01129822
[enrich] 610/10500 RJ01129822: tags=6 desc=466 img=hi [cached]
[cache] RJ01356485
[enrich] 611/10500 RJ01356485: tags=3 desc=300 img=hi [cached]
[cache] RJ01115760
[enrich] 612/10500 RJ01115760: tags=6 desc=822 img=hi [cached]
[cache] RJ387923
[enrich] 613/10500 RJ387923: tags=4 desc=769 img=hi [cached]
[cache] RJ01123038
[enrich] 614/10500 RJ01123038: tags=5 desc=186 img=hi [cached]
[cache] RJ364218
[enrich] 615/10500 RJ364218: tags=4 desc=1324 img=hi [cached]
[cache] RJ427108
[enrich] 616/10500 RJ427108: tags=6 desc=862 img=hi [cached]
[cache] RJ01307815
[enrich] 617/10500 RJ01307815: tags=6 desc=843 img=hi [cached]
[cache] RJ01347281
[enrich] 618/10500 RJ01347281: tags=6 desc=4493 img=hi [cached]
[cache] RJ01313454
[enrich] 619/10500 RJ01313454: tags=6 desc=764 img=hi [cached]
[cache] RJ223900
[enrich] 620/10500 RJ223900: tags=6 desc=681 img=hi [cached]
[cache] RJ01074310
[enrich] 621/10500 RJ01074310: tags=6 desc=4278 img=hi [cached]
[cache] RJ438625
[enrich] 622/10500 RJ438625: tags=6 desc=1607 img=hi [cached]
[cache] RJ304908
[enrich] 623/10500 RJ304908: tags=6 desc=2439 img=hi [cached]
[cache] RJ091129
[enrich] 624/10500 RJ091129: tags=4 desc=1622 img=hi [cached]
[cache] RJ01013900
[enrich] 625/10500 RJ01013900: tags=6 desc=3797 img=hi [cached]
[save] partial 625/10500: 10500 works → /workspace/dlsite-promo-site/data/works.json
[cache] RJ389425
[enrich] 626/10500 RJ389425: tags=6 desc=1596 img=hi [cached]
[cache] RJ223075
[enrich] 627/10500 RJ223075: tags=4 desc=3659 img=hi [cached]
[cache] RJ424363
[enrich] 628/10500 RJ424363: tags=6 desc=211 img=hi [cached]
[cache] RJ393858
[enrich] 629/10500 RJ393858: tags=6 desc=746 img=hi [cached]
[cache] RJ01211033
[enrich] 630/10500 RJ01211033: tags=6 desc=284 img=hi [cached]
[cache] RJ333744
[enrich] 631/10500 RJ333744: tags=0 desc=3779 img=hi [cached]
[cache] RJ01396024
[enrich] 632/10500 RJ01396024: tags=3 desc=529 img=hi [cached]
[cache] RJ427161
[enrich] 633/10500 RJ427161: tags=6 desc=1010 img=hi [cached]
[cache] RJ428051
[enrich] 634/10500 RJ428051: tags=6 desc=1114 img=hi [cached]
[cache] RJ291279
[enrich] 635/10500 RJ291279: tags=5 desc=2816 img=hi [cached]
[cache] RJ326209
[enrich] 636/10500 RJ326209: tags=6 desc=3481 img=hi [cached]
[cache] RJ238345
[enrich] 637/10500 RJ238345: tags=6 desc=1600 img=hi [cached]
[cache] RJ01413836
[enrich] 638/10500 RJ01413836: tags=6 desc=2632 img=hi [cached]
[cache] RJ286612
[enrich] 639/10500 RJ286612: tags=6 desc=773 img=hi [cached]
[cache] RJ427351
[enrich] 640/10500 RJ427351: tags=6 desc=1004 img=hi [cached]
[cache] RJ407938
[enrich] 641/10500 RJ407938: tags=6 desc=2051 img=hi [cached]
[cache] RJ273479
[enrich] 642/10500 RJ273479: tags=6 desc=1228 img=hi [cached]
[cache] RJ01045310
[enrich] 643/10500 RJ01045310: tags=6 desc=2167 img=hi [cached]
[cache] RJ01432076
[enrich] 644/10500 RJ01432076: tags=3 desc=358 img=hi [cached]
[cache] RJ331297
[enrich] 645/10500 RJ331297: tags=6 desc=1919 img=hi [cached]
[cache] RJ01165413
[enrich] 646/10500 RJ01165413: tags=6 desc=572 img=hi [cached]
[cache] RJ139385
[enrich] 647/10500 RJ139385: tags=6 desc=995 img=hi [cached]
[cache] RJ335038
[enrich] 648/10500 RJ335038: tags=6 desc=1090 img=hi [cached]
[cache] RJ336652
[enrich] 649/10500 RJ336652: tags=6 desc=212 img=hi [cached]
[cache] RJ01043407
[enrich] 650/10500 RJ01043407: tags=6 desc=808 img=hi [cached]
[save] partial 650/10500: 10500 works → /workspace/dlsite-promo-site/data/works.json
[cache] RJ01048592
[enrich] 651/10500 RJ01048592: tags=6 desc=728 img=hi [cached]
[cache] RJ199731
[enrich] 652/10500 RJ199731: tags=6 desc=868 img=hi [cached]
[cache] RJ354108
[enrich] 653/10500 RJ354108: tags=6 desc=1597 img=hi [cached]
[cache] RJ01212038
[enrich] 654/10500 RJ01212038: tags=6 desc=1616 img=hi [cached]
[cache] RJ124341
[enrich] 655/10500 RJ124341: tags=6 desc=1127 img=hi [cached]
[cache] RJ062375
[enrich] 656/10500 RJ062375: tags=4 desc=1245 img=hi [cached]
[cache] RJ080542
[enrich] 657/10500 RJ080542: tags=6 desc=1986 img=hi [cached]
[cache] RJ201837
[enrich] 658/10500 RJ201837: tags=6 desc=618 img=hi [cached]
[cache] RJ239810
[enrich] 659/10500 RJ239810: tags=6 desc=800 img=hi [cached]
[cache] RJ182101
[enrich] 660/10500 RJ182101: tags=6 desc=501 img=hi [cached]
[cache] RJ385039
[enrich] 661/10500 RJ385039: tags=6 desc=375 img=hi [cached]
[cache] RJ284452
[enrich] 662/10500 RJ284452: tags=6 desc=807 img=hi [cached]
[cache] RJ392812
[enrich] 663/10500 RJ392812: tags=6 desc=1719 img=hi [cached]
[cache] RJ377889
[enrich] 664/10500 RJ377889: tags=6 desc=1414 img=hi [cached]
[cache] RJ223459
[enrich] 665/10500 RJ223459: tags=6 desc=373 img=hi [cached]
[cache] RJ01083821
[enrich] 666/10500 RJ01083821: tags=4 desc=270 img=hi [cached]
[cache] RJ295434
[enrich] 667/10500 RJ295434: tags=6 desc=1161 img=hi [cached]
[cache] RJ351325
[enrich] 668/10500 RJ351325: tags=6 desc=793 img=hi [cached]
[cache] RJ333501
[enrich] 669/10500 RJ333501: tags=2 desc=499 img=hi [cached]
[cache] RJ236651
[enrich] 670/10500 RJ236651: tags=6 desc=1772 img=hi [cached]
[cache] RJ228892
[enrich] 671/10500 RJ228892: tags=6 desc=885 img=hi [cached]
[cache] RJ01146138
[enrich] 672/10500 RJ01146138: tags=6 desc=1291 img=hi [cached]
[cache] RJ293960
[enrich] 673/10500 RJ293960: tags=6 desc=1463 img=hi [cached]
[cache] RJ325511
[enrich] 674/10500 RJ325511: tags=6 desc=1686 img=hi [cached]
[cache] RJ01042535
[enrich] 675/10500 RJ01042535: tags=6 desc=191 img=hi [cached]
[save] partial 675/10500: 10500 works → /workspace/dlsite-promo-site/data/works.json
[cache] RJ01160268
[enrich] 676/10500 RJ01160268: tags=6 desc=221 img=hi [cached]
[cache] RJ01181242
[enrich] 677/10500 RJ01181242: tags=6 desc=1011 img=hi [cached]
[cache] RJ01109534
[enrich] 678/10500 RJ01109534: tags=6 desc=143 img=hi [cached]
[cache] RJ01118976
[enrich] 679/10500 RJ01118976: tags=6 desc=286 img=hi [cached]
[cache] RJ355109
[enrich] 680/10500 RJ355109: tags=6 desc=396 img=hi [cached]
[cache] RJ405632
[enrich] 681/10500 RJ405632: tags=6 desc=475 img=hi [cached]
[cache] RJ01099159
[enrich] 682/10500 RJ01099159: tags=6 desc=434 img=hi [cached]
[cache] RJ421245
[enrich] 683/10500 RJ421245: tags=4 desc=173 img=hi [cached]
[cache] RJ01329689
[enrich] 684/10500 RJ01329689: tags=4 desc=289 img=hi [cached]
[cache] RJ344301
[enrich] 685/10500 RJ344301: tags=6 desc=403 img=hi [cached]
[cache] RJ147875
[enrich] 686/10500 RJ147875: tags=2 desc=214 img=hi [cached]
[cache] RJ311136
[enrich] 687/10500 RJ311136: tags=6 desc=1547 img=hi [cached]
[cache] RJ370402
[enrich] 688/10500 RJ370402: tags=6 desc=1517 img=hi [cached]
[cache] RJ087736
[enrich] 689/10500 RJ087736: tags=3 desc=1217 img=hi [cached]
[cache] RJ115697
[enrich] 690/10500 RJ115697: tags=3 desc=1253 img=hi [cached]
[cache] RJ358855
[enrich] 691/10500 RJ358855: tags=6 desc=120 img=hi [cached]
[cache] RJ032670
[enrich] 692/10500 RJ032670: tags=6 desc=263 img=hi [cached]
[cache] RJ321839
[enrich] 693/10500 RJ321839: tags=6 desc=705 img=hi [cached]
[cache] RJ359002
[enrich] 694/10500 RJ359002: tags=6 desc=195 img=hi [cached]
[cache] RJ335663
[enrich] 695/10500 RJ335663: tags=6 desc=2156 img=hi [cached]
[cache] RJ374807
[enrich] 696/10500 RJ374807: tags=6 desc=314 img=hi [cached]
[cache] RJ418575
[enrich] 697/10500 RJ418575: tags=6 desc=1083 img=hi [cached]
[cache] RJ340907
[enrich] 698/10500 RJ340907: tags=6 desc=557 img=hi [cached]
[cache] RJ214280
[enrich] 699/10500 RJ214280: tags=6 desc=577 img=hi [cached]
[cache] RJ373560
[enrich] 700/10500 RJ373560: tags=6 desc=922 img=hi [cached]
[save] partial 700/10500: 10500 works → /workspace/dlsite-promo-site/data/works.json
[cache] RJ097002
[enrich] 701/10500 RJ097002: tags=4 desc=761 img=hi [cached]
[cache] RJ307841
[enrich] 702/10500 RJ307841: tags=5 desc=199 img=hi [cached]
[cache] RJ410262
[enrich] 703/10500 RJ410262: tags=3 desc=1498 img=hi [cached]
[cache] RJ102113
[enrich] 704/10500 RJ102113: tags=6 desc=1571 img=hi [cached]
[cache] RJ374804
[enrich] 705/10500 RJ374804: tags=6 desc=331 img=hi [cached]
[cache] RJ01292820
[enrich] 706/10500 RJ01292820: tags=6 desc=1372 img=hi [cached]
[cache] RJ374803
[enrich] 707/10500 RJ374803: tags=6 desc=293 img=hi [cached]
[cache] RJ104756
[enrich] 708/10500 RJ104756: tags=4 desc=542 img=hi [cached]
[cache] RJ034569
[enrich] 709/10500 RJ034569: tags=6 desc=135 img=hi [cached]
[cache] RJ392741
[enrich] 710/10500 RJ392741: tags=5 desc=684 img=hi [cached]
[cache] RJ033066
[enrich] 711/10500 RJ033066: tags=6 desc=592 img=hi [cached]
[cache] RJ132039
[enrich] 712/10500 RJ132039: tags=6 desc=1740 img=hi [cached]
[cache] RJ319875
[enrich] 713/10500 RJ319875: tags=6 desc=796 img=hi [cached]
[cache] RJ325681
[enrich] 714/10500 RJ325681: tags=6 desc=2154 img=hi [cached]
[cache] RJ258827
[enrich] 715/10500 RJ258827: tags=6 desc=391 img=hi [cached]
[cache] RJ01181757
[enrich] 716/10500 RJ01181757: tags=6 desc=2222 img=hi [cached]
[cache] RJ132507
[enrich] 717/10500 RJ132507: tags=6 desc=1910 img=hi [cached]
[cache] RJ01075691
[enrich] 718/10500 RJ01075691: tags=6 desc=502 img=hi [cached]
[cache] RJ147727
[enrich] 719/10500 RJ147727: tags=6 desc=814 img=hi [cached]
[cache] RJ191013
[enrich] 720/10500 RJ191013: tags=5 desc=1018 img=hi [cached]
[cache] RJ184054
[enrich] 721/10500 RJ184054: tags=6 desc=130 img=hi [cached]
[cache] RJ170544
[enrich] 722/10500 RJ170544: tags=4 desc=1520 img=hi [cached]
[cache] RJ01042667
[enrich] 723/10500 RJ01042667: tags=6 desc=286 img=hi [cached]
[cache] RJ256010
[enrich] 724/10500 RJ256010: tags=6 desc=1066 img=hi [cached]
[cache] RJ070220
[enrich] 725/10500 RJ070220: tags=6 desc=702 img=hi [cached]
[save] partial 725/10500: 10500 works → /workspace/dlsite-promo-site/data/works.json
[cache] RJ266951
[enrich] 726/10500 RJ266951: tags=6 desc=505 img=hi [cached]
[cache] RJ01444467
[enrich] 727/10500 RJ01444467: tags=3 desc=333 img=hi [cached]
[cache] RJ100228
[enrich] 728/10500 RJ100228: tags=5 desc=624 img=hi [cached]
[cache] RJ288284
[enrich] 729/10500 RJ288284: tags=6 desc=1379 img=hi [cached]
[cache] RJ249862
[enrich] 730/10500 RJ249862: tags=6 desc=973 img=hi [cached]
[cache] RJ351887
[enrich] 731/10500 RJ351887: tags=6 desc=258 img=hi [cached]
[cache] RJ01038606
[enrich] 732/10500 RJ01038606: tags=6 desc=550 img=hi [cached]
[cache] RJ115009
[enrich] 733/10500 RJ115009: tags=3 desc=171 img=hi [cached]
[cache] RJ279860
[enrich] 734/10500 RJ279860: tags=6 desc=598 img=hi [cached]
[cache] RJ300763
[enrich] 735/10500 RJ300763: tags=6 desc=426 img=hi [cached]
[cache] RJ232968
[enrich] 736/10500 RJ232968: tags=6 desc=418 img=hi [cached]
[cache] RJ257981
[enrich] 737/10500 RJ257981: tags=6 desc=500 img=hi [cached]
[cache] RJ220323
[enrich] 738/10500 RJ220323: tags=6 desc=292 img=hi [cached]
[cache] RJ263478
[enrich] 739/10500 RJ263478: tags=6 desc=1022 img=hi [cached]
[cache] RJ362761
[enrich] 740/10500 RJ362761: tags=6 desc=1116 img=hi [cached]
[cache] RJ167702
[enrich] 741/10500 RJ167702: tags=6 desc=525 img=hi [cached]
[cache] RJ116119
[enrich] 742/10500 RJ116119: tags=6 desc=1317 img=hi [cached]
[cache] RJ222179
[enrich] 743/10500 RJ222179: tags=6 desc=1831 img=hi [cached]
[cache] RJ268024
[enrich] 744/10500 RJ268024: tags=1 desc=419 img=hi [cached]
[cache] RJ01038533
[enrich] 745/10500 RJ01038533: tags=6 desc=972 img=hi [cached]
[cache] RJ01432103
[enrich] 746/10500 RJ01432103: tags=5 desc=989 img=hi [cached]
[cache] RJ179146
[enrich] 747/10500 RJ179146: tags=2 desc=124 img=hi [cached]
[cache] RJ01498862
[enrich] 748/10500 RJ01498862: tags=2 desc=1500 img=hi [cached]
[cache] RJ153191
[enrich] 749/10500 RJ153191: tags=2 desc=1167 img=hi [cached]
[cache] RJ345679
[enrich] 750/10500 RJ345679: tags=3 desc=849 img=hi [cached]
[save] partial 750/10500: 10500 works → /workspace/dlsite-promo-site/data/works.json
[cache] RJ372196
[enrich] 751/10500 RJ372196: tags=6 desc=1306 img=hi [cached]
[cache] RJ118525
[enrich] 752/10500 RJ118525: tags=1 desc=377 img=hi [cached]
[cache] RJ01096697
[enrich] 753/10500 RJ01096697: tags=6 desc=988 img=hi [cached]
[cache] RJ370190
[enrich] 754/10500 RJ370190: tags=6 desc=937 img=hi [cached]
[cache] RJ239850
[enrich] 755/10500 RJ239850: tags=4 desc=1264 img=hi [cached]
[cache] RJ01463781
[enrich] 756/10500 RJ01463781: tags=6 desc=606 img=hi [cached]
[cache] RJ01427890
[enrich] 757/10500 RJ01427890: tags=4 desc=2332 img=hi [cached]
[cache] RJ387206
[enrich] 758/10500 RJ387206: tags=6 desc=1055 img=hi [cached]
[cache] RJ310954
[enrich] 759/10500 RJ310954: tags=6 desc=2508 img=hi [cached]
[cache] RJ222174
[enrich] 760/10500 RJ222174: tags=4 desc=209 img=hi [cached]
[cache] RJ381044
[enrich] 761/10500 RJ381044: tags=3 desc=252 img=hi [cached]
[cache] RJ430652
[enrich] 762/10500 RJ430652: tags=5 desc=1137 img=hi [cached]
[cache] RJ179149
[enrich] 763/10500 RJ179149: tags=2 desc=227 img=hi [cached]
[cache] RJ437205
[enrich] 764/10500 RJ437205: tags=6 desc=1167 img=hi [cached]
[cache] RJ290139
[enrich] 765/10500 RJ290139: tags=6 desc=1899 img=hi [cached]
[cache] RJ01127138
[enrich] 766/10500 RJ01127138: tags=6 desc=1198 img=hi [cached]
[cache] RJ01303592
[enrich] 767/10500 RJ01303592: tags=4 desc=652 img=hi [cached]
[cache] RJ231054
[enrich] 768/10500 RJ231054: tags=3 desc=1687 img=hi [cached]
[cache] RJ291344
[enrich] 769/10500 RJ291344: tags=3 desc=2325 img=hi [cached]
[cache] RJ332126
[enrich] 770/10500 RJ332126: tags=5 desc=1184 img=hi [cached]
[cache] RJ395908
[enrich] 771/10500 RJ395908: tags=6 desc=1787 img=hi [cached]
[cache] RJ387519
[enrich] 772/10500 RJ387519: tags=4 desc=1360 img=hi [cached]
[cache] RJ054932
[enrich] 773/10500 RJ054932: tags=6 desc=192 img=hi [cached]
[cache] RJ272849
[enrich] 774/10500 RJ272849: tags=2 desc=1887 img=hi [cached]
[cache] RJ01109962
[enrich] 775/10500 RJ01109962: tags=6 desc=1964 img=hi [cached]
[save] partial 775/10500: 10500 works → /workspace/dlsite-promo-site/data/works.json
[cache] RJ291224
[enrich] 776/10500 RJ291224: tags=6 desc=1819 img=hi [cached]
[cache] RJ408482
[enrich] 777/10500 RJ408482: tags=4 desc=332 img=hi [cached]
[cache] RJ01230156
[enrich] 778/10500 RJ01230156: tags=6 desc=941 img=hi [cached]
[cache] RJ01010192
[enrich] 779/10500 RJ01010192: tags=6 desc=361 img=hi [cached]
[cache] RJ391672
[enrich] 780/10500 RJ391672: tags=6 desc=1048 img=hi [cached]
[cache] RJ395355
[enrich] 781/10500 RJ395355: tags=6 desc=2715 img=hi [cached]
[cache] RJ311239
[enrich] 782/10500 RJ311239: tags=6 desc=1637 img=hi [cached]
[cache] RJ01274771
[enrich] 783/10500 RJ01274771: tags=6 desc=1665 img=hi [cached]
[cache] RJ01073483
[enrich] 784/10500 RJ01073483: tags=6 desc=1007 img=hi [cached]
[cache] RJ308609
[enrich] 785/10500 RJ308609: tags=6 desc=2018 img=hi [cached]
[cache] RJ01445521
[enrich] 786/10500 RJ01445521: tags=5 desc=3039 img=hi [cached]
[cache] RJ310041
[enrich] 787/10500 RJ310041: tags=6 desc=2031 img=hi [cached]
[cache] RJ01287144
[enrich] 788/10500 RJ01287144: tags=6 desc=1131 img=hi [cached]
[cache] RJ366031
[enrich] 789/10500 RJ366031: tags=4 desc=1403 img=hi [cached]
[cache] RJ343025
[enrich] 790/10500 RJ343025: tags=6 desc=923 img=hi [cached]
[cache] RJ01018617
[enrich] 791/10500 RJ01018617: tags=5 desc=1318 img=hi [cached]
[cache] RJ353802
[enrich] 792/10500 RJ353802: tags=6 desc=1868 img=hi [cached]
[cache] RJ394244
[enrich] 793/10500 RJ394244: tags=6 desc=1806 img=hi [cached]
[cache] RJ370398
[enrich] 794/10500 RJ370398: tags=6 desc=1752 img=hi [cached]
[cache] RJ319423
[enrich] 795/10500 RJ319423: tags=6 desc=1702 img=hi [cached]
[cache] RJ01233653
[enrich] 796/10500 RJ01233653: tags=5 desc=810 img=hi [cached]
[cache] RJ298703
[enrich] 797/10500 RJ298703: tags=6 desc=1414 img=hi [cached]
[cache] RJ335043
[enrich] 798/10500 RJ335043: tags=5 desc=1216 img=hi [cached]
[cache] RJ392396
[enrich] 799/10500 RJ392396: tags=4 desc=1303 img=hi [cached]
[cache] RJ01304955
[enrich] 800/10500 RJ01304955: tags=5 desc=3345 img=hi [cached]
[save] partial 800/10500: 10500 works → /workspace/dlsite-promo-site/data/works.json
[cache] RJ370095
[enrich] 801/10500 RJ370095: tags=5 desc=2180 img=hi [cached]
[cache] RJ01099063
[enrich] 802/10500 RJ01099063: tags=6 desc=1367 img=hi [cached]
[cache] RJ401708
[enrich] 803/10500 RJ401708: tags=6 desc=1886 img=hi [cached]
[cache] RJ324511
[enrich] 804/10500 RJ324511: tags=6 desc=1897 img=hi [cached]
[cache] RJ138503
[enrich] 805/10500 RJ138503: tags=3 desc=861 img=hi [cached]
[cache] RJ303379
[enrich] 806/10500 RJ303379: tags=6 desc=1380 img=hi [cached]
[cache] RJ258284
[enrich] 807/10500 RJ258284: tags=6 desc=2666 img=hi [cached]
[cache] RJ287081
[enrich] 808/10500 RJ287081: tags=4 desc=1014 img=hi [cached]
[cache] RJ01212507
[enrich] 809/10500 RJ01212507: tags=6 desc=1768 img=hi [cached]
[cache] RJ300607
[enrich] 810/10500 RJ300607: tags=6 desc=2802 img=hi [cached]
[cache] RJ01668889
[enrich] 811/10500 RJ01668889: tags=2 desc=1437 img=hi [cached]
[cache] RJ01612637
[enrich] 812/10500 RJ01612637: tags=5 desc=3091 img=hi [cached]
[cache] RJ01605038
[enrich] 813/10500 RJ01605038: tags=6 desc=965 img=hi [cached]
[cache] RJ01551646
[enrich] 814/10500 RJ01551646: tags=6 desc=1137 img=hi [cached]
[cache] RJ01546420
[enrich] 815/10500 RJ01546420: tags=6 desc=1776 img=hi [cached]
[cache] RJ01589979
[enrich] 816/10500 RJ01589979: tags=5 desc=3104 img=hi [cached]
[cache] RJ01528633
[enrich] 817/10500 RJ01528633: tags=6 desc=1593 img=hi [cached]
[cache] RJ01587488
[enrich] 818/10500 RJ01587488: tags=6 desc=2968 img=hi [cached]
[cache] RJ01591080
[enrich] 819/10500 RJ01591080: tags=4 desc=4405 img=hi [cached]
[cache] RJ01599356
[enrich] 820/10500 RJ01599356: tags=6 desc=787 img=hi [cached]
[cache] RJ01252119
[enrich] 821/10500 RJ01252119: tags=4 desc=968 img=hi [cached]
[cache] RJ01672851
[enrich] 822/10500 RJ01672851: tags=4 desc=779 img=hi [cached]
[cache] RJ01526879
[enrich] 823/10500 RJ01526879: tags=5 desc=3091 img=hi [cached]
[cache] RJ01704024
[enrich] 824/10500 RJ01704024: tags=6 desc=1311 img=hi [cached]
[cache] RJ01688728
[enrich] 825/10500 RJ01688728: tags=5 desc=3310 img=hi [cached]
[save] partial 825/10500: 10500 works → /workspace/dlsite-promo-site/data/works.json
[cache] RJ01570721
[enrich] 826/10500 RJ01570721: tags=2 desc=945 img=hi [cached]
[cache] RJ01594810
[enrich] 827/10500 RJ01594810: tags=3 desc=645 img=hi [cached]
[cache] RJ01564430
[enrich] 828/10500 RJ01564430: tags=6 desc=1208 img=hi [cached]
[cache] RJ01607151
[enrich] 829/10500 RJ01607151: tags=6 desc=1543 img=hi [cached]
[cache] RJ01579791
[enrich] 830/10500 RJ01579791: tags=5 desc=1273 img=hi [cached]
[cache] RJ01621759
[enrich] 831/10500 RJ01621759: tags=6 desc=1274 img=hi [cached]
[cache] RJ01544669
[enrich] 832/10500 RJ01544669: tags=5 desc=1937 img=hi [cached]
[cache] RJ01590474
[enrich] 833/10500 RJ01590474: tags=6 desc=2224 img=hi [cached]
[cache] RJ01652997
[enrich] 834/10500 RJ01652997: tags=6 desc=1292 img=hi [cached]
[cache] RJ01551365
[enrich] 835/10500 RJ01551365: tags=6 desc=4437 img=hi [cached]
[cache] RJ01570739
[enrich] 836/10500 RJ01570739: tags=2 desc=943 img=hi [cached]
[cache] RJ01537273
[enrich] 837/10500 RJ01537273: tags=5 desc=2062 img=hi [cached]
[cache] RJ01551452
[enrich] 838/10500 RJ01551452: tags=6 desc=844 img=hi [cached]
[cache] RJ01609020
[enrich] 839/10500 RJ01609020: tags=6 desc=953 img=hi [cached]
[cache] RJ01552692
[enrich] 840/10500 RJ01552692: tags=6 desc=1015 img=hi [cached]
[cache] RJ01645487
[enrich] 841/10500 RJ01645487: tags=0 desc=1109 img=hi [cached]
[cache] RJ01701750
[enrich] 842/10500 RJ01701750: tags=5 desc=384 img=hi [cached]
[cache] RJ01632189
[enrich] 843/10500 RJ01632189: tags=6 desc=875 img=hi [cached]
[cache] RJ01698658
[enrich] 844/10500 RJ01698658: tags=6 desc=2509 img=hi [cached]
[cache] RJ01642372
[enrich] 845/10500 RJ01642372: tags=6 desc=1447 img=hi [cached]
[cache] RJ01378165
[enrich] 846/10500 RJ01378165: tags=6 desc=992 img=hi [cached]
[cache] RJ01617935
[enrich] 847/10500 RJ01617935: tags=6 desc=1636 img=hi [cached]
[cache] RJ01495328
[enrich] 848/10500 RJ01495328: tags=6 desc=1255 img=hi [cached]
[cache] RJ01570715
[enrich] 849/10500 RJ01570715: tags=6 desc=1813 img=hi [cached]
[cache] RJ01681691
[enrich] 850/10500 RJ01681691: tags=6 desc=834 img=hi [cached]
[save] partial 850/10500: 10500 works → /workspace/dlsite-promo-site/data/works.json
[cache] RJ01632063
[enrich] 851/10500 RJ01632063: tags=6 desc=940 img=hi [cached]
[cache] RJ01524462
[enrich] 852/10500 RJ01524462: tags=6 desc=1229 img=hi [cached]
[cache] RJ01476307
[enrich] 853/10500 RJ01476307: tags=6 desc=1176 img=hi [cached]
[cache] RJ01579790
[enrich] 854/10500 RJ01579790: tags=6 desc=791 img=hi [cached]
[cache] RJ01604476
[enrich] 855/10500 RJ01604476: tags=6 desc=1112 img=hi [cached]
[cache] RJ01572216
[enrich] 856/10500 RJ01572216: tags=6 desc=2640 img=hi [cached]
[cache] RJ01705595
[enrich] 857/10500 RJ01705595: tags=6 desc=1004 img=hi [cached]
[cache] RJ01639530
[enrich] 858/10500 RJ01639530: tags=0 desc=881 img=hi [cached]
[cache] RJ01465185
[enrich] 859/10500 RJ01465185: tags=6 desc=907 img=hi [cached]
[cache] RJ01531623
[enrich] 860/10500 RJ01531623: tags=6 desc=1475 img=hi [cached]
[cache] RJ01474094
[enrich] 861/10500 RJ01474094: tags=6 desc=1173 img=hi [cached]
[cache] RJ01497839
[enrich] 862/10500 RJ01497839: tags=6 desc=292 img=hi [cached]
[cache] RJ01599354
[enrich] 863/10500 RJ01599354: tags=6 desc=794 img=hi [cached]
[cache] RJ01446381
[enrich] 864/10500 RJ01446381: tags=2 desc=380 img=hi [cached]
[cache] RJ01618056
[enrich] 865/10500 RJ01618056: tags=5 desc=1635 img=hi [cached]
[cache] RJ01637925
[enrich] 866/10500 RJ01637925: tags=6 desc=711 img=hi [cached]
[cache] RJ01594328
[enrich] 867/10500 RJ01594328: tags=3 desc=1716 img=hi [cached]
[cache] RJ01639627
[enrich] 868/10500 RJ01639627: tags=6 desc=863 img=hi [cached]
[cache] RJ01668824
[enrich] 869/10500 RJ01668824: tags=5 desc=1302 img=hi [cached]
[cache] RJ01562165
[enrich] 870/10500 RJ01562165: tags=4 desc=640 img=hi [cached]
[cache] RJ01643113
[enrich] 871/10500 RJ01643113: tags=6 desc=1004 img=hi [cached]
[cache] RJ01668090
[enrich] 872/10500 RJ01668090: tags=6 desc=788 img=hi [cached]
[cache] RJ01688423
[enrich] 873/10500 RJ01688423: tags=6 desc=847 img=hi [cached]
[cache] RJ01702695
[enrich] 874/10500 RJ01702695: tags=6 desc=1084 img=hi [cached]
[cache] RJ01617096
[enrich] 875/10500 RJ01617096: tags=6 desc=1384 img=hi [cached]
[save] partial 875/10500: 10500 works → /workspace/dlsite-promo-site/data/works.json
[cache] RJ01691692
[enrich] 876/10500 RJ01691692: tags=6 desc=1191 img=hi [cached]
[cache] RJ01700539
[enrich] 877/10500 RJ01700539: tags=6 desc=1709 img=hi [cached]
[cache] RJ01618221
[enrich] 878/10500 RJ01618221: tags=6 desc=1898 img=hi [cached]
[cache] RJ01681172
[enrich] 879/10500 RJ01681172: tags=6 desc=1684 img=hi [cached]
[cache] RJ01436394
[enrich] 880/10500 RJ01436394: tags=6 desc=799 img=hi [cached]
[cache] RJ01704774
[enrich] 881/10500 RJ01704774: tags=6 desc=685 img=hi [cached]
[cache] RJ01274676
[enrich] 882/10500 RJ01274676: tags=6 desc=2893 img=hi [cached]
[cache] RJ01709638
[enrich] 883/10500 RJ01709638: tags=6 desc=750 img=hi [cached]
[cache] RJ01700554
[enrich] 884/10500 RJ01700554: tags=4 desc=1624 img=hi [cached]
[cache] RJ01683949
[enrich] 885/10500 RJ01683949: tags=6 desc=2556 img=hi [cached]
[cache] RJ01590593
[enrich] 886/10500 RJ01590593: tags=6 desc=1050 img=hi [cached]
[cache] RJ01672049
[enrich] 887/10500 RJ01672049: tags=6 desc=1412 img=hi [cached]
[cache] RJ01720281
[enrich] 888/10500 RJ01720281: tags=6 desc=1100 img=hi [cached]
[cache] RJ01718509
[enrich] 889/10500 RJ01718509: tags=6 desc=376 img=hi [cached]
[cache] RJ01675439
[enrich] 890/10500 RJ01675439: tags=6 desc=2662 img=hi [cached]
[cache] RJ01680223
[enrich] 891/10500 RJ01680223: tags=6 desc=3096 img=hi [cached]
[cache] RJ01683813
[enrich] 892/10500 RJ01683813: tags=6 desc=3054 img=hi [cached]
[cache] RJ01714047
[enrich] 893/10500 RJ01714047: tags=5 desc=1035 img=hi [cached]
[cache] RJ357058
[enrich] 894/10500 RJ357058: tags=6 desc=2027 img=hi [cached]
[cache] RJ01636335
[enrich] 895/10500 RJ01636335: tags=6 desc=1185 img=hi [cached]
[cache] RJ01705304
[enrich] 896/10500 RJ01705304: tags=6 desc=3198 img=hi [cached]
[cache] RJ01702354
[enrich] 897/10500 RJ01702354: tags=6 desc=572 img=hi [cached]
[cache] RJ01653286
[enrich] 898/10500 RJ01653286: tags=6 desc=1599 img=hi [cached]
[cache] RJ01705975
[enrich] 899/10500 RJ01705975: tags=6 desc=4084 img=hi [cached]
[cache] RJ01696742
[enrich] 900/10500 RJ01696742: tags=6 desc=2572 img=hi [cached]
[save] partial 900/10500: 10500 works → /workspace/dlsite-promo-site/data/works.json
[cache] RJ01691535
[enrich] 901/10500 RJ01691535: tags=6 desc=67 img=hi [cached]
[cache] RJ01682626
[enrich] 902/10500 RJ01682626: tags=6 desc=4466 img=hi [cached]
[cache] RJ01694710
[enrich] 903/10500 RJ01694710: tags=6 desc=1158 img=hi [cached]
[cache] RJ01690707
[enrich] 904/10500 RJ01690707: tags=6 desc=645 img=hi [cached]
[cache] RJ01702393
[enrich] 905/10500 RJ01702393: tags=6 desc=4489 img=hi [cached]
[cache] RJ01694387
[enrich] 906/10500 RJ01694387: tags=6 desc=294 img=hi [cached]
[cache] RJ01660867
[enrich] 907/10500 RJ01660867: tags=6 desc=724 img=hi [cached]
[cache] RJ01710819
[enrich] 908/10500 RJ01710819: tags=6 desc=285 img=hi [cached]
[cache] RJ01529614
[enrich] 909/10500 RJ01529614: tags=6 desc=170 img=hi [cached]
[cache] RJ01672066
[enrich] 910/10500 RJ01672066: tags=6 desc=1546 img=hi [cached]
[cache] RJ01697882
[enrich] 911/10500 RJ01697882: tags=6 desc=3391 img=hi [cached]
[cache] RJ01683551
[enrich] 912/10500 RJ01683551: tags=6 desc=1427 img=hi [cached]
[cache] RJ01701278
[enrich] 913/10500 RJ01701278: tags=6 desc=1704 img=hi [cached]
[cache] RJ01660478
[enrich] 914/10500 RJ01660478: tags=6 desc=1296 img=hi [cached]
[cache] RJ01581737
[enrich] 915/10500 RJ01581737: tags=6 desc=3198 img=hi [cached]
[cache] RJ01633013
[enrich] 916/10500 RJ01633013: tags=6 desc=402 img=hi [cached]
[cache] RJ01690720
[enrich] 917/10500 RJ01690720: tags=6 desc=3456 img=hi [cached]
[cache] RJ01654507
[enrich] 918/10500 RJ01654507: tags=6 desc=1766 img=hi [cached]
[cache] RJ01684055
[enrich] 919/10500 RJ01684055: tags=6 desc=1066 img=hi [cached]
[cache] RJ01675023
[enrich] 920/10500 RJ01675023: tags=6 desc=1041 img=hi [cached]
[cache] RJ01630275
[enrich] 921/10500 RJ01630275: tags=6 desc=616 img=hi [cached]
[cache] RJ01693033
[enrich] 922/10500 RJ01693033: tags=6 desc=4472 img=hi [cached]
[cache] RJ01700826
[enrich] 923/10500 RJ01700826: tags=6 desc=4416 img=hi [cached]
[cache] RJ01548570
[enrich] 924/10500 RJ01548570: tags=6 desc=1413 img=hi [cached]
[cache] RJ01688539
[enrich] 925/10500 RJ01688539: tags=6 desc=2174 img=hi [cached]
[save] partial 925/10500: 10500 works → /workspace/dlsite-promo-site/data/works.json
[cache] RJ01695736
[enrich] 926/10500 RJ01695736: tags=6 desc=732 img=hi [cached]
[cache] RJ01682178
[enrich] 927/10500 RJ01682178: tags=6 desc=4470 img=hi [cached]
[cache] RJ01709277
[enrich] 928/10500 RJ01709277: tags=6 desc=1273 img=hi [cached]
[cache] RJ01702943
[enrich] 929/10500 RJ01702943: tags=6 desc=966 img=hi [cached]
[cache] RJ01447723
[enrich] 930/10500 RJ01447723: tags=6 desc=1860 img=hi [cached]
[cache] RJ01697849
[enrich] 931/10500 RJ01697849: tags=6 desc=433 img=hi [cached]
[cache] RJ01696518
[enrich] 932/10500 RJ01696518: tags=6 desc=1291 img=hi [cached]
[cache] RJ01700709
[enrich] 933/10500 RJ01700709: tags=6 desc=998 img=hi [cached]
[cache] RJ01519862
[enrich] 934/10500 RJ01519862: tags=6 desc=1380 img=hi [cached]
[cache] RJ01703015
[enrich] 935/10500 RJ01703015: tags=6 desc=676 img=hi [cached]
[cache] RJ01691063
[enrich] 936/10500 RJ01691063: tags=6 desc=1431 img=hi [cached]
[cache] RJ01683277
[enrich] 937/10500 RJ01683277: tags=6 desc=939 img=hi [cached]
[cache] RJ01686418
[enrich] 938/10500 RJ01686418: tags=6 desc=651 img=hi [cached]
[cache] RJ01721024
[enrich] 939/10500 RJ01721024: tags=6 desc=881 img=hi [cached]
[cache] RJ01712782
[enrich] 940/10500 RJ01712782: tags=5 desc=350 img=hi [cached]
[cache] RJ01657665
[enrich] 941/10500 RJ01657665: tags=6 desc=987 img=hi [cached]
[cache] RJ01693712
[enrich] 942/10500 RJ01693712: tags=6 desc=645 img=hi [cached]
[cache] RJ01084920
[enrich] 943/10500 RJ01084920: tags=6 desc=633 img=hi [cached]
[cache] RJ01664642
[enrich] 944/10500 RJ01664642: tags=6 desc=538 img=hi [cached]
[cache] RJ01708900
[enrich] 945/10500 RJ01708900: tags=6 desc=577 img=hi [cached]
[cache] RJ01705214
[enrich] 946/10500 RJ01705214: tags=6 desc=3294 img=hi [cached]
[cache] RJ01697116
[enrich] 947/10500 RJ01697116: tags=6 desc=928 img=hi [cached]
[cache] RJ01102973
[enrich] 948/10500 RJ01102973: tags=6 desc=2651 img=hi [cached]
[cache] RJ01696828
[enrich] 949/10500 RJ01696828: tags=6 desc=1390 img=hi [cached]
[cache] RJ01702510
[enrich] 950/10500 RJ01702510: tags=6 desc=677 img=hi [cached]
[save] partial 950/10500: 10500 works → /workspace/dlsite-promo-site/data/works.json
[cache] RJ01716691
[enrich] 951/10500 RJ01716691: tags=6 desc=666 img=hi [cached]
[cache] RJ01706991
[enrich] 952/10500 RJ01706991: tags=6 desc=635 img=hi [cached]
[cache] RJ01707048
[enrich] 953/10500 RJ01707048: tags=6 desc=794 img=hi [cached]
[cache] RJ01714764
[enrich] 954/10500 RJ01714764: tags=6 desc=1623 img=hi [cached]
[cache] RJ01716482
[enrich] 955/10500 RJ01716482: tags=6 desc=1081 img=hi [cached]
[cache] RJ01698946
[enrich] 956/10500 RJ01698946: tags=6 desc=220 img=hi [cached]
[cache] RJ01334381
[enrich] 957/10500 RJ01334381: tags=6 desc=696 img=hi [cached]
[cache] RJ01704547
[enrich] 958/10500 RJ01704547: tags=5 desc=2753 img=hi [cached]
[cache] RJ01718903
[enrich] 959/10500 RJ01718903: tags=6 desc=523 img=hi [cached]
[cache] RJ01708210
[enrich] 960/10500 RJ01708210: tags=6 desc=690 img=hi [cached]
[cache] RJ01674550
[enrich] 961/10500 RJ01674550: tags=6 desc=4489 img=hi [cached]
[cache] RJ01675067
[enrich] 962/10500 RJ01675067: tags=6 desc=581 img=hi [cached]
[cache] RJ01715342
[enrich] 963/10500 RJ01715342: tags=6 desc=3932 img=hi [cached]
[cache] RJ380192
[enrich] 964/10500 RJ380192: tags=6 desc=243 img=hi [cached]
[cache] RJ01672820
[enrich] 965/10500 RJ01672820: tags=6 desc=2642 img=hi [cached]
[cache] RJ01722433
[enrich] 966/10500 RJ01722433: tags=6 desc=337 img=hi [cached]
[cache] RJ01719629
[enrich] 967/10500 RJ01719629: tags=6 desc=2639 img=hi [cached]
[cache] RJ01716490
[enrich] 968/10500 RJ01716490: tags=6 desc=1052 img=hi [cached]
[cache] RJ01708351
[enrich] 969/10500 RJ01708351: tags=6 desc=1125 img=hi [cached]
[cache] RJ01711307
[enrich] 970/10500 RJ01711307: tags=6 desc=1637 img=hi [cached]
[cache] RJ01683461
[enrich] 971/10500 RJ01683461: tags=6 desc=492 img=hi [cached]
[cache] RJ01721496
[enrich] 972/10500 RJ01721496: tags=6 desc=431 img=hi [cached]
[cache] RJ01702152
[enrich] 973/10500 RJ01702152: tags=6 desc=2791 img=hi [cached]
[cache] RJ01636387
[enrich] 974/10500 RJ01636387: tags=6 desc=455 img=hi [cached]
[cache] RJ01601357
[enrich] 975/10500 RJ01601357: tags=6 desc=873 img=hi [cached]
[save] partial 975/10500: 10500 works → /workspace/dlsite-promo-site/data/works.json
[cache] RJ01699299
[enrich] 976/10500 RJ01699299: tags=6 desc=989 img=hi [cached]
[cache] RJ01461708
[enrich] 977/10500 RJ01461708: tags=6 desc=269 img=hi [cached]
[cache] RJ01486250
[enrich] 978/10500 RJ01486250: tags=6 desc=1118 img=hi [cached]
[cache] RJ01708314
[enrich] 979/10500 RJ01708314: tags=6 desc=955 img=hi [cached]
[cache] RJ01713681
[enrich] 980/10500 RJ01713681: tags=6 desc=412 img=hi [cached]
[cache] RJ01712982
[enrich] 981/10500 RJ01712982: tags=6 desc=2536 img=hi [cached]
[cache] RJ01716733
[enrich] 982/10500 RJ01716733: tags=6 desc=1460 img=hi [cached]
[cache] RJ420798
[enrich] 983/10500 RJ420798: tags=6 desc=661 img=hi [cached]
[cache] RJ01650239
[enrich] 984/10500 RJ01650239: tags=6 desc=1616 img=hi [cached]
[cache] RJ01691463
[enrich] 985/10500 RJ01691463: tags=6 desc=4494 img=hi [cached]
[cache] RJ01698981
[enrich] 986/10500 RJ01698981: tags=6 desc=415 img=hi [cached]
[cache] RJ01702067
[enrich] 987/10500 RJ01702067: tags=6 desc=1279 img=hi [cached]
[cache] RJ01683873
[enrich] 988/10500 RJ01683873: tags=6 desc=1322 img=hi [cached]
[cache] RJ01698835
[enrich] 989/10500 RJ01698835: tags=6 desc=4490 img=hi [cached]
[cache] RJ01692094
[enrich] 990/10500 RJ01692094: tags=6 desc=629 img=hi [cached]
[cache] RJ01639630
[enrich] 991/10500 RJ01639630: tags=6 desc=898 img=hi [cached]
[cache] RJ01691274
[enrich] 992/10500 RJ01691274: tags=6 desc=935 img=hi [cached]
[cache] RJ01681929
[enrich] 993/10500 RJ01681929: tags=6 desc=1714 img=hi [cached]
[cache] RJ01692978
[enrich] 994/10500 RJ01692978: tags=6 desc=1668 img=hi [cached]
[cache] RJ01701383
[enrich] 995/10500 RJ01701383: tags=6 desc=2300 img=hi [cached]
[cache] RJ01648555
[enrich] 996/10500 RJ01648555: tags=6 desc=2491 img=hi [cached]
[cache] RJ01698228
[enrich] 997/10500 RJ01698228: tags=4 desc=230 img=hi [cached]
[cache] RJ01678051
[enrich] 998/10500 RJ01678051: tags=6 desc=837 img=hi [cached]
[cache] RJ01700446
[enrich] 999/10500 RJ01700446: tags=6 desc=618 img=hi [cached]
[cache] RJ01702353
[enrich] 1000/10500 RJ01702353: tags=6 desc=1096 img=hi [cached]
[save] partial 1000/10500: 10500 works → /workspace/dlsite-promo-site/data/works.json
[cache] RJ01681124
[enrich] 1001/10500 RJ01681124: tags=6 desc=1939 img=hi [cached]
[cache] RJ01692757
[enrich] 1002/10500 RJ01692757: tags=6 desc=530 img=hi [cached]
[cache] RJ01682378
[enrich] 1003/10500 RJ01682378: tags=6 desc=2147 img=hi [cached]
[cache] RJ01684127
[enrich] 1004/10500 RJ01684127: tags=6 desc=4493 img=hi [cached]
[cache] RJ01695509
[enrich] 1005/10500 RJ01695509: tags=6 desc=673 img=hi [cached]
[cache] RJ01676898
[enrich] 1006/10500 RJ01676898: tags=6 desc=4496 img=hi [cached]
[cache] RJ01702128
[enrich] 1007/10500 RJ01702128: tags=6 desc=3208 img=hi [cached]
[cache] RJ01693856
[enrich] 1008/10500 RJ01693856: tags=6 desc=1516 img=hi [cached]
[cache] RJ01688352
[enrich] 1009/10500 RJ01688352: tags=6 desc=987 img=hi [cached]
[cache] RJ01688479
[enrich] 1010/10500 RJ01688479: tags=6 desc=1532 img=hi [cached]
[cache] RJ01707795
[enrich] 1011/10500 RJ01707795: tags=4 desc=433 img=hi [cached]
[cache] RJ01698871
[enrich] 1012/10500 RJ01698871: tags=6 desc=3750 img=hi [cached]
[cache] RJ01680768
[enrich] 1013/10500 RJ01680768: tags=6 desc=2994 img=hi [cached]
[cache] RJ01696644
[enrich] 1014/10500 RJ01696644: tags=6 desc=2946 img=hi [cached]
[cache] RJ01664608
[enrich] 1015/10500 RJ01664608: tags=6 desc=2679 img=hi [cached]
[cache] RJ01697283
[enrich] 1016/10500 RJ01697283: tags=6 desc=2720 img=hi [cached]
[cache] RJ01694366
[enrich] 1017/10500 RJ01694366: tags=6 desc=1897 img=hi [cached]
[cache] RJ01702093
[enrich] 1018/10500 RJ01702093: tags=6 desc=2824 img=hi [cached]
[cache] RJ01653899
[enrich] 1019/10500 RJ01653899: tags=6 desc=2362 img=hi [cached]
[cache] RJ01700661
[enrich] 1020/10500 RJ01700661: tags=6 desc=1152 img=hi [cached]
[cache] RJ01699526
[enrich] 1021/10500 RJ01699526: tags=6 desc=1520 img=hi [cached]
[cache] RJ01712126
[enrich] 1022/10500 RJ01712126: tags=6 desc=4473 img=hi [cached]
[cache] RJ01696339
[enrich] 1023/10500 RJ01696339: tags=6 desc=1521 img=hi [cached]
[cache] RJ01714072
[enrich] 1024/10500 RJ01714072: tags=6 desc=1540 img=hi [cached]
[cache] RJ01694722
[enrich] 1025/10500 RJ01694722: tags=6 desc=1153 img=hi [cached]
[save] partial 1025/10500: 10500 works → /workspace/dlsite-promo-site/data/works.json
[cache] RJ01664495
[enrich] 1026/10500 RJ01664495: tags=6 desc=1842 img=hi [cached]
[cache] RJ01696334
[enrich] 1027/10500 RJ01696334: tags=6 desc=1805 img=hi [cached]
[cache] RJ01668085
[enrich] 1028/10500 RJ01668085: tags=6 desc=647 img=hi [cached]
[cache] RJ01676747
[enrich] 1029/10500 RJ01676747: tags=6 desc=3726 img=hi [cached]
[cache] RJ01698828
[enrich] 1030/10500 RJ01698828: tags=6 desc=1948 img=hi [cached]
[cache] RJ01650181
[enrich] 1031/10500 RJ01650181: tags=6 desc=562 img=hi [cached]
[cache] RJ01669043
[enrich] 1032/10500 RJ01669043: tags=6 desc=1836 img=hi [cached]
[cache] RJ01673437
[enrich] 1033/10500 RJ01673437: tags=6 desc=1841 img=hi [cached]
[cache] RJ01680262
[enrich] 1034/10500 RJ01680262: tags=6 desc=699 img=hi [cached]
[cache] RJ01702179
[enrich] 1035/10500 RJ01702179: tags=6 desc=2664 img=hi [cached]
[cache] RJ01709667
[enrich] 1036/10500 RJ01709667: tags=6 desc=2205 img=hi [cached]
[cache] RJ01717818
[enrich] 1037/10500 RJ01717818: tags=6 desc=1413 img=hi [cached]
[cache] RJ01706477
[enrich] 1038/10500 RJ01706477: tags=6 desc=2808 img=hi [cached]
[cache] RJ01658599
[enrich] 1039/10500 RJ01658599: tags=6 desc=2018 img=hi [cached]
[cache] RJ01720057
[enrich] 1040/10500 RJ01720057: tags=6 desc=1644 img=hi [cached]
[cache] RJ01669580
[enrich] 1041/10500 RJ01669580: tags=6 desc=2178 img=hi [cached]
[cache] RJ01708225
[enrich] 1042/10500 RJ01708225: tags=5 desc=1890 img=hi [cached]
[cache] RJ01717685
[enrich] 1043/10500 RJ01717685: tags=6 desc=1575 img=hi [cached]
[cache] RJ01709197
[enrich] 1044/10500 RJ01709197: tags=6 desc=2676 img=hi [cached]
[cache] RJ01706509
[enrich] 1045/10500 RJ01706509: tags=6 desc=1751 img=hi [cached]
[cache] RJ01712279
[enrich] 1046/10500 RJ01712279: tags=6 desc=1886 img=hi [cached]
[cache] RJ01715919
[enrich] 1047/10500 RJ01715919: tags=6 desc=3703 img=hi [cached]
[cache] RJ01716022
[enrich] 1048/10500 RJ01716022: tags=6 desc=4040 img=hi [cached]
[cache] RJ01716285
[enrich] 1049/10500 RJ01716285: tags=6 desc=1455 img=hi [cached]
[cache] RJ01715177
[enrich] 1050/10500 RJ01715177: tags=6 desc=1531 img=hi [cached]
[save] partial 1050/10500: 10500 works → /workspace/dlsite-promo-site/data/works.json
[cache] RJ01718905
[enrich] 1051/10500 RJ01718905: tags=6 desc=1149 img=hi [cached]
[cache] RJ01722565
[enrich] 1052/10500 RJ01722565: tags=6 desc=412 img=hi [cached]
[cache] RJ01712729
[enrich] 1053/10500 RJ01712729: tags=6 desc=2615 img=hi [cached]
[cache] RJ01712633
[enrich] 1054/10500 RJ01712633: tags=3 desc=341 img=hi [cached]
[cache] RJ01721226
[enrich] 1055/10500 RJ01721226: tags=6 desc=1654 img=hi [cached]
[cache] RJ01719475
[enrich] 1056/10500 RJ01719475: tags=6 desc=1015 img=hi [cached]
[cache] RJ01717449
[enrich] 1057/10500 RJ01717449: tags=6 desc=1610 img=hi [cached]
[cache] RJ01712823
[enrich] 1058/10500 RJ01712823: tags=6 desc=1497 img=hi [cached]
[cache] RJ01658731
[enrich] 1059/10500 RJ01658731: tags=6 desc=2883 img=hi [cached]
[cache] RJ01715876
[enrich] 1060/10500 RJ01715876: tags=6 desc=1806 img=hi [cached]
[cache] RJ01703673
[enrich] 1061/10500 RJ01703673: tags=6 desc=1220 img=hi [cached]
[cache] RJ01680676
[enrich] 1062/10500 RJ01680676: tags=6 desc=677 img=hi [cached]
[cache] RJ01706737
[enrich] 1063/10500 RJ01706737: tags=6 desc=2918 img=hi [cached]
[cache] RJ01714731
[enrich] 1064/10500 RJ01714731: tags=6 desc=2851 img=hi [cached]
[cache] RJ01677732
[enrich] 1065/10500 RJ01677732: tags=6 desc=2355 img=hi [cached]
[cache] RJ01706361
[enrich] 1066/10500 RJ01706361: tags=6 desc=1122 img=hi [cached]
[cache] RJ01712805
[enrich] 1067/10500 RJ01712805: tags=6 desc=2732 img=hi [cached]
[cache] RJ01635048
[enrich] 1068/10500 RJ01635048: tags=6 desc=4007 img=hi [cached]
[cache] RJ01705071
[enrich] 1069/10500 RJ01705071: tags=6 desc=1117 img=hi [cached]
[cache] RJ01669833
[enrich] 1070/10500 RJ01669833: tags=6 desc=1020 img=hi [cached]
[cache] RJ01661834
[enrich] 1071/10500 RJ01661834: tags=6 desc=1034 img=hi [cached]
[cache] RJ01664189
[enrich] 1072/10500 RJ01664189: tags=6 desc=1534 img=hi [cached]
[cache] RJ01713632
[enrich] 1073/10500 RJ01713632: tags=5 desc=1859 img=hi [cached]
[cache] RJ01021284
[enrich] 1074/10500 RJ01021284: tags=6 desc=1377 img=hi [cached]
[cache] RJ01719100
[enrich] 1075/10500 RJ01719100: tags=6 desc=893 img=hi [cached]
[save] partial 1075/10500: 10500 works → /workspace/dlsite-promo-site/data/works.json
[cache] RJ01709662
[enrich] 1076/10500 RJ01709662: tags=6 desc=2388 img=hi [cached]
[cache] RJ01702642
[enrich] 1077/10500 RJ01702642: tags=6 desc=2068 img=hi [cached]
[cache] RJ01715573
[enrich] 1078/10500 RJ01715573: tags=6 desc=1367 img=hi [cached]
[cache] RJ01650921
[enrich] 1079/10500 RJ01650921: tags=6 desc=977 img=hi [cached]
[cache] RJ01249748
[enrich] 1080/10500 RJ01249748: tags=6 desc=921 img=hi [cached]
[cache] RJ01722370
[enrich] 1081/10500 RJ01722370: tags=6 desc=849 img=hi [cached]
[cache] RJ01286098
[enrich] 1082/10500 RJ01286098: tags=4 desc=915 img=hi [cached]
[cache] RJ01308348
[enrich] 1083/10500 RJ01308348: tags=6 desc=397 img=hi [cached]
[cache] RJ01619129
[enrich] 1084/10500 RJ01619129: tags=6 desc=1662 img=hi [cached]
[cache] RJ01650080
[enrich] 1085/10500 RJ01650080: tags=6 desc=2980 img=hi [cached]
[cache] RJ01667172
[enrich] 1086/10500 RJ01667172: tags=6 desc=4497 img=hi [cached]
[cache] RJ365650
[enrich] 1087/10500 RJ365650: tags=6 desc=2392 img=hi [cached]
[cache] RJ01671627
[enrich] 1088/10500 RJ01671627: tags=6 desc=997 img=hi [cached]
[cache] RJ01650032
[enrich] 1089/10500 RJ01650032: tags=6 desc=559 img=hi [cached]
[cache] RJ01512500
[enrich] 1090/10500 RJ01512500: tags=6 desc=1290 img=hi [cached]
[cache] RJ01625321
[enrich] 1091/10500 RJ01625321: tags=6 desc=1322 img=hi [cached]
[cache] RJ01608822
[enrich] 1092/10500 RJ01608822: tags=6 desc=1592 img=hi [cached]
[cache] RJ01434001
[enrich] 1093/10500 RJ01434001: tags=6 desc=3463 img=hi [cached]
[cache] RJ01667872
[enrich] 1094/10500 RJ01667872: tags=6 desc=1326 img=hi [cached]
[cache] RJ01694016
[enrich] 1095/10500 RJ01694016: tags=6 desc=1058 img=hi [cached]
[cache] RJ01561066
[enrich] 1096/10500 RJ01561066: tags=6 desc=1113 img=hi [cached]
[cache] RJ01625781
[enrich] 1097/10500 RJ01625781: tags=6 desc=695 img=hi [cached]
[cache] RJ01699647
[enrich] 1098/10500 RJ01699647: tags=6 desc=2600 img=hi [cached]
[cache] RJ01705944
[enrich] 1099/10500 RJ01705944: tags=6 desc=770 img=hi [cached]
[cache] RJ01693152
[enrich] 1100/10500 RJ01693152: tags=6 desc=128 img=hi [cached]
[save] partial 1100/10500: 10500 works → /workspace/dlsite-promo-site/data/works.json
[cache] RJ01705175
[enrich] 1101/10500 RJ01705175: tags=6 desc=541 img=hi [cached]
[cache] RJ01709047
[enrich] 1102/10500 RJ01709047: tags=6 desc=1238 img=hi [cached]
[cache] RJ01712409
[enrich] 1103/10500 RJ01712409: tags=6 desc=168 img=hi [cached]
[cache] RJ01699765
[enrich] 1104/10500 RJ01699765: tags=6 desc=426 img=hi [cached]
[cache] RJ01402070
[enrich] 1105/10500 RJ01402070: tags=6 desc=1211 img=hi [cached]
[cache] RJ01720541
[enrich] 1106/10500 RJ01720541: tags=5 desc=810 img=hi [cached]
[cache] RJ01459359
[enrich] 1107/10500 RJ01459359: tags=6 desc=691 img=hi [cached]
[cache] RJ01691731
[enrich] 1108/10500 RJ01691731: tags=6 desc=811 img=hi [cached]
[cache] RJ01720799
[enrich] 1109/10500 RJ01720799: tags=6 desc=679 img=hi [cached]
[cache] RJ01152567
[enrich] 1110/10500 RJ01152567: tags=6 desc=2177 img=hi [cached]
[cache] RJ01669987
[enrich] 1111/10500 RJ01669987: tags=6 desc=1728 img=hi [cached]
[cache] RJ01692226
[enrich] 1112/10500 RJ01692226: tags=6 desc=628 img=hi [cached]
[cache] RJ01400992
[enrich] 1113/10500 RJ01400992: tags=6 desc=810 img=hi [cached]
[cache] RJ01648842
[enrich] 1114/10500 RJ01648842: tags=6 desc=1645 img=hi [cached]
[cache] RJ01415588
[enrich] 1115/10500 RJ01415588: tags=6 desc=1042 img=hi [cached]
[cache] RJ01723046
[enrich] 1116/10500 RJ01723046: tags=5 desc=246 img=hi [cached]
[cache] RJ01725668
[enrich] 1117/10500 RJ01725668: tags=6 desc=461 img=hi [cached]
[cache] RJ01339608
[enrich] 1118/10500 RJ01339608: tags=6 desc=1978 img=hi [cached]
[cache] RJ01595162
[enrich] 1119/10500 RJ01595162: tags=6 desc=1811 img=hi [cached]
[cache] RJ01624141
[enrich] 1120/10500 RJ01624141: tags=6 desc=1408 img=hi [cached]
[cache] RJ01694537
[enrich] 1121/10500 RJ01694537: tags=6 desc=1496 img=hi [cached]
[cache] RJ01345367
[enrich] 1122/10500 RJ01345367: tags=6 desc=1262 img=hi [cached]
[cache] RJ01701263
[enrich] 1123/10500 RJ01701263: tags=6 desc=186 img=hi [cached]
[cache] RJ01713587
[enrich] 1124/10500 RJ01713587: tags=6 desc=244 img=hi [cached]
[cache] RJ01707116
[enrich] 1125/10500 RJ01707116: tags=6 desc=324 img=hi [cached]
[save] partial 1125/10500: 10500 works → /workspace/dlsite-promo-site/data/works.json
[cache] RJ01600422
[enrich] 1126/10500 RJ01600422: tags=0 desc=197 img=hi [cached]
[cache] RJ01703986
[enrich] 1127/10500 RJ01703986: tags=2 desc=272 img=hi [cached]
[cache] RJ01709664
[enrich] 1128/10500 RJ01709664: tags=4 desc=78 img=hi [cached]
[cache] RJ01678332
[enrich] 1129/10500 RJ01678332: tags=6 desc=534 img=hi [cached]
[cache] RJ01698954
[enrich] 1130/10500 RJ01698954: tags=6 desc=221 img=hi [cached]
[cache] RJ01691559
[enrich] 1131/10500 RJ01691559: tags=6 desc=222 img=hi [cached]
[cache] RJ01702966
[enrich] 1132/10500 RJ01702966: tags=6 desc=156 img=hi [cached]
[cache] RJ01700551
[enrich] 1133/10500 RJ01700551: tags=4 desc=74 img=hi [cached]
[cache] RJ01693286
[enrich] 1134/10500 RJ01693286: tags=6 desc=258 img=hi [cached]
[cache] RJ01701118
[enrich] 1135/10500 RJ01701118: tags=6 desc=451 img=hi [cached]
[cache] RJ01704815
[enrich] 1136/10500 RJ01704815: tags=6 desc=174 img=hi [cached]
[cache] RJ01276764
[enrich] 1137/10500 RJ01276764: tags=6 desc=318 img=hi [cached]
[cache] RJ01712378
[enrich] 1138/10500 RJ01712378: tags=6 desc=256 img=hi [cached]
[cache] RJ01718327
[enrich] 1139/10500 RJ01718327: tags=6 desc=313 img=hi [cached]
[cache] RJ01699558
[enrich] 1140/10500 RJ01699558: tags=3 desc=142 img=hi [cached]
[cache] RJ01702403
[enrich] 1141/10500 RJ01702403: tags=6 desc=259 img=hi [cached]
[cache] RJ01707088
[enrich] 1142/10500 RJ01707088: tags=6 desc=366 img=hi [cached]
[cache] RJ01677839
[enrich] 1143/10500 RJ01677839: tags=6 desc=63 img=hi [cached]
[cache] RJ01678599
[enrich] 1144/10500 RJ01678599: tags=6 desc=554 img=hi [cached]
[cache] RJ01697200
[enrich] 1145/10500 RJ01697200: tags=6 desc=120 img=hi [cached]
[cache] RJ01676842
[enrich] 1146/10500 RJ01676842: tags=6 desc=431 img=hi [cached]
[cache] RJ01695530
[enrich] 1147/10500 RJ01695530: tags=6 desc=157 img=hi [cached]
[cache] RJ01704901
[enrich] 1148/10500 RJ01704901: tags=6 desc=390 img=hi [cached]
[cache] RJ01692500
[enrich] 1149/10500 RJ01692500: tags=3 desc=119 img=hi [cached]
[cache] RJ01695931
[enrich] 1150/10500 RJ01695931: tags=6 desc=307 img=hi [cached]
[save] partial 1150/10500: 10500 works → /workspace/dlsite-promo-site/data/works.json
[cache] RJ01687115
[enrich] 1151/10500 RJ01687115: tags=6 desc=997 img=hi [cached]
[cache] RJ01665923
[enrich] 1152/10500 RJ01665923: tags=6 desc=1042 img=hi [cached]
[cache] RJ01676255
[enrich] 1153/10500 RJ01676255: tags=6 desc=688 img=hi [cached]
[cache] RJ01657809
[enrich] 1154/10500 RJ01657809: tags=6 desc=540 img=hi [cached]
[cache] RJ01696694
[enrich] 1155/10500 RJ01696694: tags=6 desc=157 img=hi [cached]
[cache] RJ01701305
[enrich] 1156/10500 RJ01701305: tags=6 desc=268 img=hi [cached]
[cache] RJ01414128
[enrich] 1157/10500 RJ01414128: tags=6 desc=566 img=hi [cached]
[cache] RJ01694521
[enrich] 1158/10500 RJ01694521: tags=5 desc=135 img=hi [cached]
[cache] RJ01707265
[enrich] 1159/10500 RJ01707265: tags=6 desc=863 img=hi [cached]
[cache] RJ01677922
[enrich] 1160/10500 RJ01677922: tags=6 desc=353 img=hi [cached]
[cache] RJ01677428
[enrich] 1161/10500 RJ01677428: tags=6 desc=1071 img=hi [cached]
[cache] RJ01440939
[enrich] 1162/10500 RJ01440939: tags=6 desc=130 img=hi [cached]
[cache] RJ01456714
[enrich] 1163/10500 RJ01456714: tags=6 desc=481 img=hi [cached]
[cache] RJ01682458
[enrich] 1164/10500 RJ01682458: tags=6 desc=195 img=hi [cached]
[cache] RJ01708350
[enrich] 1165/10500 RJ01708350: tags=6 desc=110 img=hi [cached]
[cache] RJ01714425
[enrich] 1166/10500 RJ01714425: tags=6 desc=451 img=hi [cached]
[cache] RJ01700523
[enrich] 1167/10500 RJ01700523: tags=3 desc=446 img=hi [cached]
[cache] RJ01670617
[enrich] 1168/10500 RJ01670617: tags=6 desc=844 img=hi [cached]
[cache] RJ01414130
[enrich] 1169/10500 RJ01414130: tags=6 desc=551 img=hi [cached]
[cache] RJ01702447
[enrich] 1170/10500 RJ01702447: tags=6 desc=154 img=hi [cached]
[cache] RJ01680837
[enrich] 1171/10500 RJ01680837: tags=6 desc=487 img=hi [cached]
[cache] RJ01614986
[enrich] 1172/10500 RJ01614986: tags=6 desc=318 img=hi [cached]
[cache] RJ01700878
[enrich] 1173/10500 RJ01700878: tags=6 desc=155 img=hi [cached]
[cache] RJ01688061
[enrich] 1174/10500 RJ01688061: tags=5 desc=426 img=hi [cached]
[cache] RJ01716320
[enrich] 1175/10500 RJ01716320: tags=6 desc=178 img=hi [cached]
[save] partial 1175/10500: 10500 works → /workspace/dlsite-promo-site/data/works.json
[cache] RJ01552026
[enrich] 1176/10500 RJ01552026: tags=6 desc=140 img=hi [cached]
[cache] RJ01713519
[enrich] 1177/10500 RJ01713519: tags=6 desc=49 img=hi [cached]
[cache] RJ01704614
[enrich] 1178/10500 RJ01704614: tags=6 desc=414 img=hi [cached]
[cache] RJ01704912
[enrich] 1179/10500 RJ01704912: tags=6 desc=599 img=hi [cached]
[cache] RJ01677507
[enrich] 1180/10500 RJ01677507: tags=6 desc=775 img=hi [cached]
[cache] RJ01702729
[enrich] 1181/10500 RJ01702729: tags=6 desc=814 img=hi [cached]
[cache] RJ01667878
[enrich] 1182/10500 RJ01667878: tags=6 desc=1273 img=hi [cached]
[cache] RJ01655939
[enrich] 1183/10500 RJ01655939: tags=6 desc=293 img=hi [cached]
[cache] RJ01699371
[enrich] 1184/10500 RJ01699371: tags=6 desc=308 img=hi [cached]
[cache] RJ01718471
[enrich] 1185/10500 RJ01718471: tags=6 desc=340 img=hi [cached]
[cache] RJ01713335
[enrich] 1186/10500 RJ01713335: tags=6 desc=355 img=hi [cached]
[cache] RJ01699570
[enrich] 1187/10500 RJ01699570: tags=6 desc=474 img=hi [cached]
[cache] RJ01379663
[enrich] 1188/10500 RJ01379663: tags=6 desc=170 img=hi [cached]
[cache] RJ01692111
[enrich] 1189/10500 RJ01692111: tags=6 desc=307 img=hi [cached]
[cache] RJ01496001
[enrich] 1190/10500 RJ01496001: tags=6 desc=329 img=hi [cached]
[cache] RJ01711067
[enrich] 1191/10500 RJ01711067: tags=5 desc=1171 img=hi [cached]
[cache] RJ01327119
[enrich] 1192/10500 RJ01327119: tags=6 desc=245 img=hi [cached]
[cache] RJ01720687
[enrich] 1193/10500 RJ01720687: tags=6 desc=562 img=hi [cached]
[cache] RJ01557492
[enrich] 1194/10500 RJ01557492: tags=5 desc=340 img=hi [cached]
[cache] RJ01657989
[enrich] 1195/10500 RJ01657989: tags=6 desc=321 img=hi [cached]
[cache] RJ01724448
[enrich] 1196/10500 RJ01724448: tags=6 desc=1027 img=hi [cached]
[cache] RJ01707236
[enrich] 1197/10500 RJ01707236: tags=6 desc=344 img=hi [cached]
[cache] RJ01674554
[enrich] 1198/10500 RJ01674554: tags=6 desc=366 img=hi [cached]
[cache] RJ01712371
[enrich] 1199/10500 RJ01712371: tags=3 desc=83 img=hi [cached]
[cache] RJ01723671
[enrich] 1200/10500 RJ01723671: tags=6 desc=269 img=hi [cached]
[save] partial 1200/10500: 10500 works → /workspace/dlsite-promo-site/data/works.json
[cache] RJ01720567
[enrich] 1201/10500 RJ01720567: tags=6 desc=461 img=hi [cached]
[cache] RJ01712123
[enrich] 1202/10500 RJ01712123: tags=6 desc=377 img=hi [cached]
[cache] RJ01718896
[enrich] 1203/10500 RJ01718896: tags=6 desc=138 img=hi [cached]
[cache] RJ01648965
[enrich] 1204/10500 RJ01648965: tags=6 desc=525 img=hi [cached]
[cache] RJ01711772
[enrich] 1205/10500 RJ01711772: tags=6 desc=366 img=hi [cached]
[cache] RJ01570544
[enrich] 1206/10500 RJ01570544: tags=6 desc=604 img=hi [cached]
[cache] RJ01427315
[enrich] 1207/10500 RJ01427315: tags=6 desc=1041 img=hi [cached]
[cache] RJ01670779
[enrich] 1208/10500 RJ01670779: tags=6 desc=223 img=hi [cached]
[cache] RJ01718177
[enrich] 1209/10500 RJ01718177: tags=6 desc=816 img=hi [cached]
[cache] RJ01720477
[enrich] 1210/10500 RJ01720477: tags=5 desc=851 img=hi [cached]
[cache] RJ01677023
[enrich] 1211/10500 RJ01677023: tags=6 desc=389 img=hi [cached]
[cache] RJ01699797
[enrich] 1212/10500 RJ01699797: tags=6 desc=488 img=hi [cached]
[cache] RJ01716355
[enrich] 1213/10500 RJ01716355: tags=6 desc=1133 img=hi [cached]
[cache] RJ01692353
[enrich] 1214/10500 RJ01692353: tags=6 desc=552 img=hi [cached]
[cache] RJ413524
[enrich] 1215/10500 RJ413524: tags=6 desc=282 img=hi [cached]
[cache] RJ01679670
[enrich] 1216/10500 RJ01679670: tags=4 desc=91 img=hi [cached]
[cache] RJ01713739
[enrich] 1217/10500 RJ01713739: tags=6 desc=386 img=hi [cached]
[cache] RJ01712945
[enrich] 1218/10500 RJ01712945: tags=5 desc=346 img=hi [cached]
[cache] RJ01724591
[enrich] 1219/10500 RJ01724591: tags=6 desc=323 img=hi [cached]
[cache] RJ01700299
[enrich] 1220/10500 RJ01700299: tags=6 desc=255 img=hi [cached]
[cache] RJ01705144
[enrich] 1221/10500 RJ01705144: tags=6 desc=97 img=hi [cached]
[cache] RJ01720421
[enrich] 1222/10500 RJ01720421: tags=6 desc=99 img=hi [cached]
[cache] RJ01519835
[enrich] 1223/10500 RJ01519835: tags=6 desc=658 img=hi [cached]
[cache] RJ01338739
[enrich] 1224/10500 RJ01338739: tags=6 desc=227 img=hi [cached]
[cache] RJ01724939
[enrich] 1225/10500 RJ01724939: tags=6 desc=269 img=hi [cached]
[save] partial 1225/10500: 10500 works → /workspace/dlsite-promo-site/data/works.json
[cache] RJ01726620
[enrich] 1226/10500 RJ01726620: tags=6 desc=319 img=hi [cached]
[cache] RJ01723254
[enrich] 1227/10500 RJ01723254: tags=6 desc=288 img=hi [cached]
[cache] RJ01723668
[enrich] 1228/10500 RJ01723668: tags=6 desc=283 img=hi [cached]
[cache] RJ01726278
[enrich] 1229/10500 RJ01726278: tags=6 desc=750 img=hi [cached]
[cache] RJ01724672
[enrich] 1230/10500 RJ01724672: tags=6 desc=162 img=hi [cached]
[cache] RJ01502612
[enrich] 1231/10500 RJ01502612: tags=6 desc=92 img=hi [cached]
[cache] RJ01721990
[enrich] 1232/10500 RJ01721990: tags=6 desc=484 img=hi [cached]
[cache] RJ01717063
[enrich] 1233/10500 RJ01717063: tags=6 desc=222 img=hi [cached]
[cache] RJ01261739
[enrich] 1234/10500 RJ01261739: tags=6 desc=85 img=hi [cached]
[cache] RJ01721063
[enrich] 1235/10500 RJ01721063: tags=6 desc=461 img=hi [cached]
[cache] RJ01668757
[enrich] 1236/10500 RJ01668757: tags=6 desc=509 img=hi [cached]
[cache] RJ01304055
[enrich] 1237/10500 RJ01304055: tags=6 desc=710 img=hi [cached]
[cache] RJ01101647
[enrich] 1238/10500 RJ01101647: tags=6 desc=2003 img=hi [cached]
[cache] RJ01725433
[enrich] 1239/10500 RJ01725433: tags=6 desc=734 img=hi [cached]
[cache] RJ01509062
[enrich] 1240/10500 RJ01509062: tags=6 desc=566 img=hi [cached]
[cache] RJ01726158
[enrich] 1241/10500 RJ01726158: tags=5 desc=127 img=hi [cached]
[cache] RJ01702622
[enrich] 1242/10500 RJ01702622: tags=2 desc=245 img=hi [cached]
[cache] RJ01726129
[enrich] 1243/10500 RJ01726129: tags=6 desc=246 img=hi [cached]
[cache] RJ01263658
[enrich] 1244/10500 RJ01263658: tags=6 desc=232 img=hi [cached]
[cache] RJ01655368
[enrich] 1245/10500 RJ01655368: tags=6 desc=326 img=hi [cached]
[cache] RJ01154284
[enrich] 1246/10500 RJ01154284: tags=6 desc=702 img=hi [cached]
[cache] RJ01584423
[enrich] 1247/10500 RJ01584423: tags=6 desc=487 img=hi [cached]
[cache] RJ01361317
[enrich] 1248/10500 RJ01361317: tags=6 desc=1564 img=hi [cached]
[cache] RJ01537915
[enrich] 1249/10500 RJ01537915: tags=5 desc=212 img=hi [cached]
[enrich] 1250/10500 RJ01668170: tags=6 desc=2967 img=hi
[save] partial 1250/10500: 10500 works → /workspace/dlsite-promo-site/data/works.json
[cache] RJ01653265
[enrich] 1251/10500 RJ01653265: tags=6 desc=998 img=hi [cached]
[cache] RJ01527079
[enrich] 1252/10500 RJ01527079: tags=6 desc=798 img=hi [cached]
[cache] RJ01707935
[enrich] 1253/10500 RJ01707935: tags=6 desc=870 img=hi [cached]
[cache] RJ01700797
[enrich] 1254/10500 RJ01700797: tags=6 desc=1131 img=hi [cached]
[cache] RJ01652658
[enrich] 1255/10500 RJ01652658: tags=6 desc=2228 img=hi [cached]
[cache] RJ01654810
[enrich] 1256/10500 RJ01654810: tags=6 desc=474 img=hi [cached]
[cache] RJ01691670
[enrich] 1257/10500 RJ01691670: tags=6 desc=1436 img=hi [cached]
[cache] RJ01671823
[enrich] 1258/10500 RJ01671823: tags=6 desc=1964 img=hi [cached]
[cache] RJ01648086
[enrich] 1259/10500 RJ01648086: tags=6 desc=2176 img=hi [cached]
[cache] RJ01703098
[enrich] 1260/10500 RJ01703098: tags=6 desc=1387 img=hi [cached]
[cache] RJ01725556
[enrich] 1261/10500 RJ01725556: tags=6 desc=291 img=hi [cached]
[cache] RJ01726652
[enrich] 1262/10500 RJ01726652: tags=6 desc=608 img=hi [cached]
[cache] RJ01726721
[enrich] 1263/10500 RJ01726721: tags=6 desc=1681 img=hi [cached]
[cache] RJ01726648
[enrich] 1264/10500 RJ01726648: tags=6 desc=223 img=hi [cached]
[cache] RJ01727128
[enrich] 1265/10500 RJ01727128: tags=6 desc=306 img=hi [cached]
[cache] RJ01726950
[enrich] 1266/10500 RJ01726950: tags=6 desc=369 img=hi [cached]
[cache] RJ01726710
[enrich] 1267/10500 RJ01726710: tags=6 desc=548 img=hi [cached]
[cache] RJ01727027
[enrich] 1268/10500 RJ01727027: tags=1 desc=115 img=hi [cached]
[cache] RJ01727051
[enrich] 1269/10500 RJ01727051: tags=5 desc=517 img=hi [cached]
[cache] RJ01724658
[enrich] 1270/10500 RJ01724658: tags=6 desc=64 img=hi [cached]
[cache] RJ01726898
[enrich] 1271/10500 RJ01726898: tags=6 desc=1288 img=hi [cached]
[cache] RJ01726403
[enrich] 1272/10500 RJ01726403: tags=6 desc=426 img=hi [cached]
[cache] RJ01727031
[enrich] 1273/10500 RJ01727031: tags=6 desc=289 img=hi [cached]
[cache] RJ01726704
[enrich] 1274/10500 RJ01726704: tags=4 desc=227 img=hi [cached]
[cache] RJ01727117
[enrich] 1275/10500 RJ01727117: tags=2 desc=219 img=hi [cached]
[save] partial 1275/10500: 10500 works → /workspace/dlsite-promo-site/data/works.json
[cache] RJ01725249
[enrich] 1276/10500 RJ01725249: tags=5 desc=274 img=hi [cached]
[cache] RJ01726975
[enrich] 1277/10500 RJ01726975: tags=6 desc=345 img=hi [cached]
[cache] RJ01727104
[enrich] 1278/10500 RJ01727104: tags=6 desc=107 img=hi [cached]
[cache] RJ01724795
[enrich] 1279/10500 RJ01724795: tags=6 desc=233 img=hi [cached]
[enrich] 1280/10500 RJ01726786: tags=1 desc=13 img=hi
[cache] RJ01726493
[enrich] 1281/10500 RJ01726493: tags=6 desc=1994 img=hi [cached]
[cache] RJ01726456
[enrich] 1282/10500 RJ01726456: tags=5 desc=824 img=hi [cached]
[cache] RJ01726808
[enrich] 1283/10500 RJ01726808: tags=6 desc=135 img=hi [cached]
[cache] RJ01726802
[enrich] 1284/10500 RJ01726802: tags=5 desc=233 img=hi [cached]
[cache] RJ01726599
[enrich] 1285/10500 RJ01726599: tags=6 desc=1760 img=hi [cached]
[cache] RJ01725231
[enrich] 1286/10500 RJ01725231: tags=6 desc=1286 img=hi [cached]
[cache] RJ01727108
[enrich] 1287/10500 RJ01727108: tags=6 desc=222 img=hi [cached]
[cache] RJ01727075
[enrich] 1288/10500 RJ01727075: tags=6 desc=212 img=hi [cached]
[cache] RJ01726966
[enrich] 1289/10500 RJ01726966: tags=6 desc=893 img=hi [cached]
[cache] RJ01727012
[enrich] 1290/10500 RJ01727012: tags=6 desc=950 img=hi [cached]
[cache] RJ01726902
[enrich] 1291/10500 RJ01726902: tags=5 desc=287 img=hi [cached]
[cache] RJ01727101
[enrich] 1292/10500 RJ01727101: tags=5 desc=304 img=hi [cached]
[cache] RJ01727112
[enrich] 1293/10500 RJ01727112: tags=2 desc=1714 img=hi [cached]
[cache] RJ01726774
[enrich] 1294/10500 RJ01726774: tags=6 desc=365 img=hi [cached]
[cache] RJ01726734
[enrich] 1295/10500 RJ01726734: tags=6 desc=184 img=hi [cached]
[cache] RJ01727093
[enrich] 1296/10500 RJ01727093: tags=6 desc=329 img=hi [cached]
[cache] RJ01727097
[enrich] 1297/10500 RJ01727097: tags=6 desc=290 img=hi [cached]
[cache] RJ01726143
[enrich] 1298/10500 RJ01726143: tags=6 desc=1041 img=hi [cached]
[cache] RJ01726838
[enrich] 1299/10500 RJ01726838: tags=6 desc=1032 img=hi [cached]
[cache] RJ01726843
[enrich] 1300/10500 RJ01726843: tags=6 desc=1076 img=hi [cached]
[save] partial 1300/10500: 10500 works → /workspace/dlsite-promo-site/data/works.json
[cache] RJ01712620
[enrich] 1301/10500 RJ01712620: tags=6 desc=2624 img=hi [cached]
[cache] RJ01712623
[enrich] 1302/10500 RJ01712623: tags=6 desc=1896 img=hi [cached]
[cache] RJ01717329
[enrich] 1303/10500 RJ01717329: tags=6 desc=1619 img=hi [cached]
[cache] RJ01721843
[enrich] 1304/10500 RJ01721843: tags=6 desc=438 img=hi [cached]
[cache] RJ01714891
[enrich] 1305/10500 RJ01714891: tags=6 desc=186 img=hi [cached]
[cache] RJ01562478
[enrich] 1306/10500 RJ01562478: tags=6 desc=1164 img=hi [cached]
[cache] RJ01709121
[enrich] 1307/10500 RJ01709121: tags=6 desc=300 img=hi [cached]
[cache] RJ01714090
[enrich] 1308/10500 RJ01714090: tags=6 desc=884 img=hi [cached]
[cache] RJ01723732
[enrich] 1309/10500 RJ01723732: tags=5 desc=87 img=hi [cached]
[cache] RJ01652725
[enrich] 1310/10500 RJ01652725: tags=3 desc=1142 img=hi [cached]
[cache] RJ01723624
[enrich] 1311/10500 RJ01723624: tags=0 desc=1997 img=hi [cached]
[cache] RJ01726049
[enrich] 1312/10500 RJ01726049: tags=6 desc=257 img=hi [cached]
[cache] RJ01726616
[enrich] 1313/10500 RJ01726616: tags=6 desc=611 img=hi [cached]
[cache] RJ01725589
[enrich] 1314/10500 RJ01725589: tags=6 desc=1287 img=hi [cached]
[cache] RJ01716781
[enrich] 1315/10500 RJ01716781: tags=6 desc=688 img=hi [cached]
[cache] RJ01724890
[enrich] 1316/10500 RJ01724890: tags=6 desc=1433 img=hi [cached]
[cache] RJ01726506
[enrich] 1317/10500 RJ01726506: tags=5 desc=172 img=hi [cached]
[cache] RJ01726551
[enrich] 1318/10500 RJ01726551: tags=6 desc=724 img=hi [cached]
[cache] RJ01724267
[enrich] 1319/10500 RJ01724267: tags=3 desc=808 img=hi [cached]
[cache] RJ01726355
[enrich] 1320/10500 RJ01726355: tags=6 desc=105 img=hi [cached]
[cache] RJ01724214
[enrich] 1321/10500 RJ01724214: tags=6 desc=2153 img=hi [cached]
[cache] RJ01722939
[enrich] 1322/10500 RJ01722939: tags=6 desc=150 img=hi [cached]
[cache] RJ01718505
[enrich] 1323/10500 RJ01718505: tags=1 desc=63 img=hi [cached]
[cache] RJ01726615
[enrich] 1324/10500 RJ01726615: tags=6 desc=397 img=hi [cached]
[cache] RJ01724931
[enrich] 1325/10500 RJ01724931: tags=6 desc=1448 img=hi [cached]
[save] partial 1325/10500: 10500 works → /workspace/dlsite-promo-site/data/works.json
[cache] RJ01726604
[enrich] 1326/10500 RJ01726604: tags=6 desc=118 img=hi [cached]
[cache] RJ01639531
[enrich] 1327/10500 RJ01639531: tags=6 desc=765 img=hi [cached]
[cache] RJ01726537
[enrich] 1328/10500 RJ01726537: tags=5 desc=197 img=hi [cached]
[cache] RJ01726190
[enrich] 1329/10500 RJ01726190: tags=0 desc=264 img=hi [cached]
[cache] RJ01726512
[enrich] 1330/10500 RJ01726512: tags=5 desc=170 img=hi [cached]
[cache] RJ01726526
[enrich] 1331/10500 RJ01726526: tags=5 desc=141 img=hi [cached]
[cache] RJ01708623
[enrich] 1332/10500 RJ01708623: tags=3 desc=550 img=hi [cached]
[cache] RJ01722833
[enrich] 1333/10500 RJ01722833: tags=6 desc=210 img=hi [cached]
[cache] RJ01723119
[enrich] 1334/10500 RJ01723119: tags=5 desc=297 img=hi [cached]
[cache] RJ01723122
[enrich] 1335/10500 RJ01723122: tags=6 desc=778 img=hi [cached]
[cache] RJ01681585
[enrich] 1336/10500 RJ01681585: tags=5 desc=281 img=hi [cached]
[cache] RJ01703384
[enrich] 1337/10500 RJ01703384: tags=6 desc=46 img=hi [cached]
[cache] RJ01722350
[enrich] 1338/10500 RJ01722350: tags=2 desc=465 img=hi [cached]
[cache] RJ01726443
[enrich] 1339/10500 RJ01726443: tags=0 desc=75 img=hi [cached]
[cache] RJ01693711
[enrich] 1340/10500 RJ01693711: tags=6 desc=1277 img=hi [cached]
[cache] RJ01694805
[enrich] 1341/10500 RJ01694805: tags=6 desc=1943 img=hi [cached]
[cache] RJ01705068
[enrich] 1342/10500 RJ01705068: tags=6 desc=1133 img=hi [cached]
[cache] RJ01687946
[enrich] 1343/10500 RJ01687946: tags=6 desc=2279 img=hi [cached]
[cache] RJ01657936
[enrich] 1344/10500 RJ01657936: tags=6 desc=237 img=hi [cached]
[cache] RJ01694664
[enrich] 1345/10500 RJ01694664: tags=6 desc=1698 img=hi [cached]
[cache] RJ01679795
[enrich] 1346/10500 RJ01679795: tags=6 desc=1666 img=hi [cached]
[cache] RJ01698409
[enrich] 1347/10500 RJ01698409: tags=6 desc=2802 img=hi [cached]
[cache] RJ01668025
[enrich] 1348/10500 RJ01668025: tags=6 desc=912 img=hi [cached]
[cache] RJ01689395
[enrich] 1349/10500 RJ01689395: tags=6 desc=1602 img=hi [cached]
[cache] RJ01700489
[enrich] 1350/10500 RJ01700489: tags=6 desc=470 img=hi [cached]
[save] partial 1350/10500: 10500 works → /workspace/dlsite-promo-site/data/works.json
[cache] RJ01683060
[enrich] 1351/10500 RJ01683060: tags=6 desc=820 img=hi [cached]
[cache] RJ01015678
[enrich] 1352/10500 RJ01015678: tags=4 desc=2292 img=hi [cached]
[cache] RJ01690162
[enrich] 1353/10500 RJ01690162: tags=4 desc=2020 img=hi [cached]
[cache] RJ01699795
[enrich] 1354/10500 RJ01699795: tags=6 desc=1587 img=hi [cached]
[cache] RJ01678330
[enrich] 1355/10500 RJ01678330: tags=5 desc=1461 img=hi [cached]
[cache] RJ01709413
[enrich] 1356/10500 RJ01709413: tags=6 desc=672 img=hi [cached]
[cache] RJ01704153
[enrich] 1357/10500 RJ01704153: tags=6 desc=2578 img=hi [cached]
[cache] RJ01345512
[enrich] 1358/10500 RJ01345512: tags=6 desc=1169 img=hi [cached]
[cache] RJ01684023
[enrich] 1359/10500 RJ01684023: tags=1 desc=199 img=hi [cached]
[cache] RJ01668828
[enrich] 1360/10500 RJ01668828: tags=6 desc=1367 img=hi [cached]
[cache] RJ01695883
[enrich] 1361/10500 RJ01695883: tags=6 desc=853 img=hi [cached]
[cache] RJ01708868
[enrich] 1362/10500 RJ01708868: tags=6 desc=1130 img=hi [cached]
[cache] RJ01683007
[enrich] 1363/10500 RJ01683007: tags=4 desc=2000 img=hi [cached]
[cache] RJ01699578
[enrich] 1364/10500 RJ01699578: tags=6 desc=502 img=hi [cached]
[cache] RJ01662991
[enrich] 1365/10500 RJ01662991: tags=6 desc=1577 img=hi [cached]
[cache] RJ01687815
[enrich] 1366/10500 RJ01687815: tags=6 desc=1165 img=hi [cached]
[cache] RJ01699055
[enrich] 1367/10500 RJ01699055: tags=6 desc=1296 img=hi [cached]
[cache] RJ01673638
[enrich] 1368/10500 RJ01673638: tags=6 desc=1257 img=hi [cached]
[cache] RJ01694665
[enrich] 1369/10500 RJ01694665: tags=6 desc=855 img=hi [cached]
[cache] RJ01697376
[enrich] 1370/10500 RJ01697376: tags=6 desc=1029 img=hi [cached]
[cache] RJ01216016
[enrich] 1371/10500 RJ01216016: tags=6 desc=744 img=hi [cached]
[cache] RJ01683068
[enrich] 1372/10500 RJ01683068: tags=6 desc=940 img=hi [cached]
[cache] RJ01687061
[enrich] 1373/10500 RJ01687061: tags=6 desc=107 img=hi [cached]
[cache] RJ01648376
[enrich] 1374/10500 RJ01648376: tags=6 desc=4338 img=hi [cached]
[cache] RJ01345542
[enrich] 1375/10500 RJ01345542: tags=6 desc=1132 img=hi [cached]
[save] partial 1375/10500: 10500 works → /workspace/dlsite-promo-site/data/works.json
[cache] RJ01695252
[enrich] 1376/10500 RJ01695252: tags=3 desc=148 img=hi [cached]
[cache] RJ01647859
[enrich] 1377/10500 RJ01647859: tags=0 desc=885 img=hi [cached]
[cache] RJ01675573
[enrich] 1378/10500 RJ01675573: tags=6 desc=481 img=hi [cached]
[cache] RJ01343428
[enrich] 1379/10500 RJ01343428: tags=3 desc=369 img=hi [cached]
[cache] RJ01721903
[enrich] 1380/10500 RJ01721903: tags=6 desc=1055 img=hi [cached]
[cache] RJ01697402
[enrich] 1381/10500 RJ01697402: tags=4 desc=1618 img=hi [cached]
[cache] RJ01721194
[enrich] 1382/10500 RJ01721194: tags=6 desc=87 img=hi [cached]
[cache] RJ01719773
[enrich] 1383/10500 RJ01719773: tags=0 desc=224 img=hi [cached]
[cache] RJ01702318
[enrich] 1384/10500 RJ01702318: tags=6 desc=751 img=hi [cached]
[cache] RJ01676311
[enrich] 1385/10500 RJ01676311: tags=6 desc=520 img=hi [cached]
[cache] RJ01711661
[enrich] 1386/10500 RJ01711661: tags=6 desc=1292 img=hi [cached]
[cache] RJ01514399
[enrich] 1387/10500 RJ01514399: tags=6 desc=892 img=hi [cached]
[cache] RJ272189
[enrich] 1388/10500 RJ272189: tags=3 desc=170 img=hi [cached]
[cache] RJ01716618
[enrich] 1389/10500 RJ01716618: tags=6 desc=1322 img=hi [cached]
[cache] RJ01136136
[enrich] 1390/10500 RJ01136136: tags=6 desc=1374 img=hi [cached]
[cache] RJ01344410
[enrich] 1391/10500 RJ01344410: tags=4 desc=910 img=hi [cached]
[cache] RJ272192
[enrich] 1392/10500 RJ272192: tags=5 desc=108 img=hi [cached]
[cache] RJ01436409
[enrich] 1393/10500 RJ01436409: tags=6 desc=945 img=hi [cached]
[cache] RJ01211672
[enrich] 1394/10500 RJ01211672: tags=6 desc=4235 img=hi [cached]
[cache] RJ309328
[enrich] 1395/10500 RJ309328: tags=6 desc=2055 img=hi [cached]
[cache] RJ01413160
[enrich] 1396/10500 RJ01413160: tags=5 desc=1225 img=hi [cached]
[cache] RJ325846
[enrich] 1397/10500 RJ325846: tags=4 desc=1243 img=hi [cached]
[cache] RJ01024807
[enrich] 1398/10500 RJ01024807: tags=6 desc=1255 img=hi [cached]
[cache] RJ01081378
[enrich] 1399/10500 RJ01081378: tags=6 desc=2998 img=hi [cached]
[cache] RJ340988
[enrich] 1400/10500 RJ340988: tags=6 desc=1958 img=hi [cached]
[save] partial 1400/10500: 10500 works → /workspace/dlsite-promo-site/data/works.json
[cache] RJ074283
[enrich] 1401/10500 RJ074283: tags=6 desc=712 img=hi [cached]
[cache] RJ287303
[enrich] 1402/10500 RJ287303: tags=4 desc=1545 img=hi [cached]
[cache] RJ01009221
[enrich] 1403/10500 RJ01009221: tags=6 desc=4174 img=hi [cached]
[cache] RJ354276
[enrich] 1404/10500 RJ354276: tags=6 desc=3741 img=hi [cached]
[cache] RJ285228
[enrich] 1405/10500 RJ285228: tags=6 desc=2820 img=hi [cached]
[cache] RJ01463787
[enrich] 1406/10500 RJ01463787: tags=6 desc=292 img=hi [cached]
[cache] RJ290642
[enrich] 1407/10500 RJ290642: tags=6 desc=1530 img=hi [cached]
[cache] RJ244958
[enrich] 1408/10500 RJ244958: tags=3 desc=1603 img=hi [cached]
[cache] RJ305883
[enrich] 1409/10500 RJ305883: tags=4 desc=1039 img=hi [cached]
[cache] RJ419284
[enrich] 1410/10500 RJ419284: tags=6 desc=1980 img=hi [cached]
[cache] RJ362053
[enrich] 1411/10500 RJ362053: tags=0 desc=2727 img=hi [cached]
[cache] RJ341787
[enrich] 1412/10500 RJ341787: tags=6 desc=476 img=hi [cached]
[cache] RJ01010944
[enrich] 1413/10500 RJ01010944: tags=6 desc=1472 img=hi [cached]
[cache] RJ01043646
[enrich] 1414/10500 RJ01043646: tags=6 desc=89 img=hi [cached]
[cache] RJ265148
[enrich] 1415/10500 RJ265148: tags=6 desc=732 img=hi [cached]
[cache] RJ01058928
[enrich] 1416/10500 RJ01058928: tags=3 desc=1389 img=hi [cached]
[cache] RJ293049
[enrich] 1417/10500 RJ293049: tags=5 desc=1001 img=hi [cached]
[cache] RJ190794
[enrich] 1418/10500 RJ190794: tags=6 desc=2110 img=hi [cached]
[cache] RJ01234443
[enrich] 1419/10500 RJ01234443: tags=6 desc=2973 img=hi [cached]
[cache] RJ398603
[enrich] 1420/10500 RJ398603: tags=6 desc=1069 img=hi [cached]
[cache] RJ325076
[enrich] 1421/10500 RJ325076: tags=6 desc=1894 img=hi [cached]
[cache] RJ300161
[enrich] 1422/10500 RJ300161: tags=0 desc=585 img=hi [cached]
[cache] RJ350926
[enrich] 1423/10500 RJ350926: tags=6 desc=530 img=hi [cached]
[cache] RJ344510
[enrich] 1424/10500 RJ344510: tags=6 desc=1221 img=hi [cached]
[cache] RJ01048713
[enrich] 1425/10500 RJ01048713: tags=6 desc=843 img=hi [cached]
[save] partial 1425/10500: 10500 works → /workspace/dlsite-promo-site/data/works.json
[cache] RJ01043749
[enrich] 1426/10500 RJ01043749: tags=6 desc=1557 img=hi [cached]
[cache] RJ01069438
[enrich] 1427/10500 RJ01069438: tags=6 desc=1176 img=hi [cached]
[cache] RJ251301
[enrich] 1428/10500 RJ251301: tags=6 desc=1464 img=hi [cached]
[cache] RJ280139
[enrich] 1429/10500 RJ280139: tags=6 desc=346 img=hi [cached]
[cache] RJ264406
[enrich] 1430/10500 RJ264406: tags=6 desc=3826 img=hi [cached]
[cache] RJ299130
[enrich] 1431/10500 RJ299130: tags=6 desc=4404 img=hi [cached]
[cache] RJ296858
[enrich] 1432/10500 RJ296858: tags=5 desc=260 img=hi [cached]
[cache] RJ250582
[enrich] 1433/10500 RJ250582: tags=5 desc=1299 img=hi [cached]
[cache] RJ01118853
[enrich] 1434/10500 RJ01118853: tags=6 desc=557 img=hi [cached]
[cache] RJ389228
[enrich] 1435/10500 RJ389228: tags=5 desc=1253 img=hi [cached]
[cache] RJ336392
[enrich] 1436/10500 RJ336392: tags=6 desc=850 img=hi [cached]
[cache] RJ01073082
[enrich] 1437/10500 RJ01073082: tags=6 desc=831 img=hi [cached]
[cache] RJ397617
[enrich] 1438/10500 RJ397617: tags=6 desc=1148 img=hi [cached]
[cache] RJ278847
[enrich] 1439/10500 RJ278847: tags=6 desc=222 img=hi [cached]
[cache] RJ338992
[enrich] 1440/10500 RJ338992: tags=6 desc=912 img=hi [cached]
[cache] RJ419944
[enrich] 1441/10500 RJ419944: tags=6 desc=1285 img=hi [cached]
[cache] RJ380176
[enrich] 1442/10500 RJ380176: tags=6 desc=1117 img=hi [cached]
[cache] RJ01131830
[enrich] 1443/10500 RJ01131830: tags=6 desc=1835 img=hi [cached]
[cache] RJ01128034
[enrich] 1444/10500 RJ01128034: tags=6 desc=1297 img=hi [cached]
[cache] RJ01182308
[enrich] 1445/10500 RJ01182308: tags=6 desc=1265 img=hi [cached]
[cache] RJ304810
[enrich] 1446/10500 RJ304810: tags=6 desc=2301 img=hi [cached]
[cache] RJ268920
[enrich] 1447/10500 RJ268920: tags=6 desc=1102 img=hi [cached]
[cache] RJ01150544
[enrich] 1448/10500 RJ01150544: tags=6 desc=830 img=hi [cached]
[cache] RJ390522
[enrich] 1449/10500 RJ390522: tags=6 desc=838 img=hi [cached]
[cache] RJ209760
[enrich] 1450/10500 RJ209760: tags=6 desc=1147 img=hi [cached]
[save] partial 1450/10500: 10500 works → /workspace/dlsite-promo-site/data/works.json
[cache] RJ295827
[enrich] 1451/10500 RJ295827: tags=6 desc=1286 img=hi [cached]
[cache] RJ01245835
[enrich] 1452/10500 RJ01245835: tags=6 desc=3299 img=hi [cached]
[cache] RJ297684
[enrich] 1453/10500 RJ297684: tags=6 desc=727 img=hi [cached]
[cache] RJ402479
[enrich] 1454/10500 RJ402479: tags=6 desc=1520 img=hi [cached]
[cache] RJ262114
[enrich] 1455/10500 RJ262114: tags=6 desc=1334 img=hi [cached]
[cache] RJ341167
[enrich] 1456/10500 RJ341167: tags=6 desc=841 img=hi [cached]
[cache] RJ275997
[enrich] 1457/10500 RJ275997: tags=6 desc=1524 img=hi [cached]
[cache] RJ227621
[enrich] 1458/10500 RJ227621: tags=6 desc=1192 img=hi [cached]
[cache] RJ269742
[enrich] 1459/10500 RJ269742: tags=6 desc=2293 img=hi [cached]
[cache] RJ173356
[enrich] 1460/10500 RJ173356: tags=6 desc=2665 img=hi [cached]
[cache] RJ406400
[enrich] 1461/10500 RJ406400: tags=6 desc=1612 img=hi [cached]
[cache] RJ256808
[enrich] 1462/10500 RJ256808: tags=6 desc=1046 img=hi [cached]
[cache] RJ01022169
[enrich] 1463/10500 RJ01022169: tags=6 desc=691 img=hi [cached]
[cache] RJ355400
[enrich] 1464/10500 RJ355400: tags=2 desc=482 img=hi [cached]
[cache] RJ340586
[enrich] 1465/10500 RJ340586: tags=6 desc=2663 img=hi [cached]
[cache] RJ193419
[enrich] 1466/10500 RJ193419: tags=6 desc=1304 img=hi [cached]
[cache] RJ305515
[enrich] 1467/10500 RJ305515: tags=6 desc=1125 img=hi [cached]
[cache] RJ316251
[enrich] 1468/10500 RJ316251: tags=6 desc=2187 img=hi [cached]
[cache] RJ01006672
[enrich] 1469/10500 RJ01006672: tags=6 desc=3237 img=hi [cached]
[cache] RJ247461
[enrich] 1470/10500 RJ247461: tags=6 desc=1490 img=hi [cached]
[cache] RJ331872
[enrich] 1471/10500 RJ331872: tags=6 desc=558 img=hi [cached]
[cache] RJ176115
[enrich] 1472/10500 RJ176115: tags=3 desc=877 img=hi [cached]
[cache] RJ153305
[enrich] 1473/10500 RJ153305: tags=6 desc=1182 img=hi [cached]
[cache] RJ215684
[enrich] 1474/10500 RJ215684: tags=6 desc=298 img=hi [cached]
[cache] RJ338982
[enrich] 1475/10500 RJ338982: tags=6 desc=1016 img=hi [cached]
[save] partial 1475/10500: 10500 works → /workspace/dlsite-promo-site/data/works.json
[cache] RJ255342
[enrich] 1476/10500 RJ255342: tags=6 desc=1696 img=hi [cached]
[cache] RJ171244
[enrich] 1477/10500 RJ171244: tags=6 desc=1701 img=hi [cached]
[cache] RJ411830
[enrich] 1478/10500 RJ411830: tags=6 desc=993 img=hi [cached]
[cache] RJ182003
[enrich] 1479/10500 RJ182003: tags=6 desc=1803 img=hi [cached]
[cache] RJ140344
[enrich] 1480/10500 RJ140344: tags=6 desc=1139 img=hi [cached]
[cache] RJ237060
[enrich] 1481/10500 RJ237060: tags=6 desc=1202 img=hi [cached]
[cache] RJ197645
[enrich] 1482/10500 RJ197645: tags=6 desc=1000 img=hi [cached]
[cache] RJ235917
[enrich] 1483/10500 RJ235917: tags=6 desc=1101 img=hi [cached]
[cache] RJ436659
[enrich] 1484/10500 RJ436659: tags=6 desc=1511 img=hi [cached]
[cache] RJ01003844
[enrich] 1485/10500 RJ01003844: tags=6 desc=718 img=hi [cached]
[cache] RJ248714
[enrich] 1486/10500 RJ248714: tags=6 desc=1638 img=hi [cached]
[cache] RJ280657
[enrich] 1487/10500 RJ280657: tags=6 desc=944 img=hi [cached]
[cache] RJ300227
[enrich] 1488/10500 RJ300227: tags=6 desc=1056 img=hi [cached]
[cache] RJ079766
[enrich] 1489/10500 RJ079766: tags=6 desc=1152 img=hi [cached]
[cache] RJ312493
[enrich] 1490/10500 RJ312493: tags=6 desc=1049 img=hi [cached]
[cache] RJ01459897
[enrich] 1491/10500 RJ01459897: tags=6 desc=875 img=hi [cached]
[cache] RJ01091173
[enrich] 1492/10500 RJ01091173: tags=6 desc=709 img=hi [cached]
[cache] RJ01295900
[enrich] 1493/10500 RJ01295900: tags=6 desc=872 img=hi [cached]
[cache] RJ435434
[enrich] 1494/10500 RJ435434: tags=6 desc=1759 img=hi [cached]
[cache] RJ337117
[enrich] 1495/10500 RJ337117: tags=6 desc=822 img=hi [cached]
[cache] RJ131930
[enrich] 1496/10500 RJ131930: tags=6 desc=1068 img=hi [cached]
[cache] RJ284312
[enrich] 1497/10500 RJ284312: tags=6 desc=456 img=hi [cached]
[cache] RJ01082124
[enrich] 1498/10500 RJ01082124: tags=6 desc=415 img=hi [cached]
[cache] RJ311637
[enrich] 1499/10500 RJ311637: tags=6 desc=821 img=hi [cached]
[cache] RJ01250869
[enrich] 1500/10500 RJ01250869: tags=6 desc=308 img=hi [cached]
[save] partial 1500/10500: 10500 works → /workspace/dlsite-promo-site/data/works.json
[cache] RJ425353
[enrich] 1501/10500 RJ425353: tags=6 desc=121 img=hi [cached]
[cache] RJ01022153
[enrich] 1502/10500 RJ01022153: tags=5 desc=110 img=hi [cached]
[cache] RJ01381702
[enrich] 1503/10500 RJ01381702: tags=6 desc=351 img=hi [cached]
[cache] RJ01007218
[enrich] 1504/10500 RJ01007218: tags=6 desc=84 img=hi [cached]
[cache] RJ430015
[enrich] 1505/10500 RJ430015: tags=6 desc=502 img=hi [cached]
[cache] RJ200175
[enrich] 1506/10500 RJ200175: tags=6 desc=1027 img=hi [cached]
[cache] RJ01017530
[enrich] 1507/10500 RJ01017530: tags=6 desc=433 img=hi [cached]
[cache] RJ01248996
[enrich] 1508/10500 RJ01248996: tags=6 desc=53 img=hi [cached]
[cache] RJ333045
[enrich] 1509/10500 RJ333045: tags=4 desc=379 img=hi [cached]
[cache] RJ01112685
[enrich] 1510/10500 RJ01112685: tags=6 desc=250 img=hi [cached]
[cache] RJ01014045
[enrich] 1511/10500 RJ01014045: tags=4 desc=89 img=hi [cached]
[cache] RJ362197
[enrich] 1512/10500 RJ362197: tags=6 desc=211 img=hi [cached]
[cache] RJ296960
[enrich] 1513/10500 RJ296960: tags=6 desc=410 img=hi [cached]
[cache] RJ01225571
[enrich] 1514/10500 RJ01225571: tags=6 desc=785 img=hi [cached]
[cache] RJ160339
[enrich] 1515/10500 RJ160339: tags=6 desc=72 img=hi [cached]
[cache] RJ402514
[enrich] 1516/10500 RJ402514: tags=6 desc=252 img=hi [cached]
[cache] RJ432985
[enrich] 1517/10500 RJ432985: tags=6 desc=518 img=hi [cached]
[cache] RJ304650
[enrich] 1518/10500 RJ304650: tags=4 desc=263 img=hi [cached]
[cache] RJ362632
[enrich] 1519/10500 RJ362632: tags=6 desc=615 img=hi [cached]
[cache] RJ306244
[enrich] 1520/10500 RJ306244: tags=2 desc=74 img=hi [cached]
[cache] RJ287989
[enrich] 1521/10500 RJ287989: tags=4 desc=186 img=hi [cached]
[cache] RJ01097954
[enrich] 1522/10500 RJ01097954: tags=6 desc=168 img=hi [cached]
[cache] RJ311461
[enrich] 1523/10500 RJ311461: tags=6 desc=327 img=hi [cached]
[cache] RJ242881
[enrich] 1524/10500 RJ242881: tags=6 desc=540 img=hi [cached]
[cache] RJ01061003
[enrich] 1525/10500 RJ01061003: tags=6 desc=249 img=hi [cached]
[save] partial 1525/10500: 10500 works → /workspace/dlsite-promo-site/data/works.json
[cache] RJ324166
[enrich] 1526/10500 RJ324166: tags=6 desc=260 img=hi [cached]
[cache] RJ263193
[enrich] 1527/10500 RJ263193: tags=6 desc=130 img=hi [cached]
[cache] RJ223885
[enrich] 1528/10500 RJ223885: tags=6 desc=235 img=hi [cached]
[cache] RJ01376328
[enrich] 1529/10500 RJ01376328: tags=6 desc=128 img=hi [cached]
[cache] RJ01134717
[enrich] 1530/10500 RJ01134717: tags=6 desc=503 img=hi [cached]
[cache] RJ01027690
[enrich] 1531/10500 RJ01027690: tags=6 desc=1398 img=hi [cached]
[cache] RJ174541
[enrich] 1532/10500 RJ174541: tags=6 desc=1325 img=hi [cached]
[cache] RJ01228823
[enrich] 1533/10500 RJ01228823: tags=6 desc=310 img=hi [cached]
[cache] RJ202392
[enrich] 1534/10500 RJ202392: tags=6 desc=1960 img=hi [cached]
[cache] RJ084937
[enrich] 1535/10500 RJ084937: tags=6 desc=855 img=hi [cached]
[cache] RJ167339
[enrich] 1536/10500 RJ167339: tags=6 desc=1889 img=hi [cached]
[cache] RJ01159727
[enrich] 1537/10500 RJ01159727: tags=6 desc=1182 img=hi [cached]
[cache] RJ179471
[enrich] 1538/10500 RJ179471: tags=6 desc=594 img=hi [cached]
[cache] RJ030340
[enrich] 1539/10500 RJ030340: tags=6 desc=1208 img=hi [cached]
[cache] RJ096364
[enrich] 1540/10500 RJ096364: tags=6 desc=1685 img=hi [cached]
[cache] RJ359025
[enrich] 1541/10500 RJ359025: tags=6 desc=195 img=hi [cached]
[cache] RJ015622
[enrich] 1542/10500 RJ015622: tags=6 desc=292 img=hi [cached]
[cache] RJ121082
[enrich] 1543/10500 RJ121082: tags=6 desc=1941 img=hi [cached]
[cache] RJ378199
[enrich] 1544/10500 RJ378199: tags=4 desc=645 img=hi [cached]
[cache] RJ204332
[enrich] 1545/10500 RJ204332: tags=6 desc=1837 img=hi [cached]
[cache] RJ255815
[enrich] 1546/10500 RJ255815: tags=6 desc=249 img=hi [cached]
[cache] RJ01320589
[enrich] 1547/10500 RJ01320589: tags=6 desc=2753 img=hi [cached]
[cache] RJ121475
[enrich] 1548/10500 RJ121475: tags=6 desc=865 img=hi [cached]
[cache] RJ358862
[enrich] 1549/10500 RJ358862: tags=6 desc=120 img=hi [cached]
[cache] RJ01184706
[enrich] 1550/10500 RJ01184706: tags=6 desc=855 img=hi [cached]
[save] partial 1550/10500: 10500 works → /workspace/dlsite-promo-site/data/works.json
[cache] RJ112126
[enrich] 1551/10500 RJ112126: tags=5 desc=1346 img=hi [cached]
[cache] RJ198574
[enrich] 1552/10500 RJ198574: tags=6 desc=913 img=hi [cached]
[cache] RJ144678
[enrich] 1553/10500 RJ144678: tags=6 desc=503 img=hi [cached]
[cache] RJ01173579
[enrich] 1554/10500 RJ01173579: tags=6 desc=801 img=hi [cached]
[cache] RJ399143
[enrich] 1555/10500 RJ399143: tags=6 desc=1139 img=hi [cached]
[cache] RJ01336441
[enrich] 1556/10500 RJ01336441: tags=6 desc=1237 img=hi [cached]
[cache] RJ026608
[enrich] 1557/10500 RJ026608: tags=6 desc=1085 img=hi [cached]
[cache] RJ087290
[enrich] 1558/10500 RJ087290: tags=6 desc=1272 img=hi [cached]
[cache] RJ043828
[enrich] 1559/10500 RJ043828: tags=6 desc=2070 img=hi [cached]
[cache] RJ157313
[enrich] 1560/10500 RJ157313: tags=6 desc=560 img=hi [cached]
[cache] RJ01192692
[enrich] 1561/10500 RJ01192692: tags=6 desc=437 img=hi [cached]
[cache] RJ082981
[enrich] 1562/10500 RJ082981: tags=6 desc=1977 img=hi [cached]
[cache] RJ188553
[enrich] 1563/10500 RJ188553: tags=6 desc=926 img=hi [cached]
[cache] RJ180703
[enrich] 1564/10500 RJ180703: tags=6 desc=357 img=hi [cached]
[cache] RJ01047318
[enrich] 1565/10500 RJ01047318: tags=2 desc=285 img=hi [cached]
[cache] RJ179585
[enrich] 1566/10500 RJ179585: tags=6 desc=1089 img=hi [cached]
[cache] RJ065120
[enrich] 1567/10500 RJ065120: tags=6 desc=878 img=hi [cached]
[cache] RJ345152
[enrich] 1568/10500 RJ345152: tags=6 desc=496 img=hi [cached]
[cache] RJ01252561
[enrich] 1569/10500 RJ01252561: tags=6 desc=1291 img=hi [cached]
[cache] RJ013222
[enrich] 1570/10500 RJ013222: tags=0 desc=567 img=hi [cached]
[cache] RJ259439
[enrich] 1571/10500 RJ259439: tags=5 desc=458 img=hi [cached]
[cache] RJ342172
[enrich] 1572/10500 RJ342172: tags=6 desc=561 img=hi [cached]
[cache] RJ281451
[enrich] 1573/10500 RJ281451: tags=6 desc=785 img=hi [cached]
[cache] RJ235212
[enrich] 1574/10500 RJ235212: tags=6 desc=324 img=hi [cached]
[cache] RJ359297
[enrich] 1575/10500 RJ359297: tags=6 desc=1767 img=hi [cached]
[save] partial 1575/10500: 10500 works → /workspace/dlsite-promo-site/data/works.json
[cache] RJ344690
[enrich] 1576/10500 RJ344690: tags=6 desc=336 img=hi [cached]
[cache] RJ306565
[enrich] 1577/10500 RJ306565: tags=6 desc=1168 img=hi [cached]
[cache] RJ107857
[enrich] 1578/10500 RJ107857: tags=6 desc=460 img=hi [cached]
[cache] RJ280807
[enrich] 1579/10500 RJ280807: tags=5 desc=150 img=hi [cached]
[cache] RJ092384
[enrich] 1580/10500 RJ092384: tags=4 desc=490 img=hi [cached]
[cache] RJ061697
[enrich] 1581/10500 RJ061697: tags=4 desc=373 img=hi [cached]
[cache] RJ271712
[enrich] 1582/10500 RJ271712: tags=6 desc=1241 img=hi [cached]
[cache] RJ074766
[enrich] 1583/10500 RJ074766: tags=5 desc=687 img=hi [cached]
[cache] RJ205621
[enrich] 1584/10500 RJ205621: tags=6 desc=521 img=hi [cached]
[cache] RJ239262
[enrich] 1585/10500 RJ239262: tags=6 desc=370 img=hi [cached]
[cache] RJ397118
[enrich] 1586/10500 RJ397118: tags=6 desc=628 img=hi [cached]
[cache] RJ269830
[enrich] 1587/10500 RJ269830: tags=6 desc=583 img=hi [cached]
[cache] RJ318786
[enrich] 1588/10500 RJ318786: tags=6 desc=447 img=hi [cached]
[cache] RJ260784
[enrich] 1589/10500 RJ260784: tags=6 desc=539 img=hi [cached]
[cache] RJ01180687
[enrich] 1590/10500 RJ01180687: tags=1 desc=533 img=hi [cached]
[cache] RJ264139
[enrich] 1591/10500 RJ264139: tags=6 desc=472 img=hi [cached]
[cache] RJ221960
[enrich] 1592/10500 RJ221960: tags=6 desc=836 img=hi [cached]
[cache] RJ255706
[enrich] 1593/10500 RJ255706: tags=6 desc=101 img=hi [cached]
[cache] RJ243106
[enrich] 1594/10500 RJ243106: tags=6 desc=434 img=hi [cached]
[cache] RJ237176
[enrich] 1595/10500 RJ237176: tags=6 desc=221 img=hi [cached]
[cache] RJ208260
[enrich] 1596/10500 RJ208260: tags=6 desc=626 img=hi [cached]
[cache] RJ333860
[enrich] 1597/10500 RJ333860: tags=6 desc=538 img=hi [cached]
[cache] RJ151468
[enrich] 1598/10500 RJ151468: tags=6 desc=907 img=hi [cached]
[cache] RJ238441
[enrich] 1599/10500 RJ238441: tags=6 desc=407 img=hi [cached]
[cache] RJ251384
[enrich] 1600/10500 RJ251384: tags=6 desc=575 img=hi [cached]
[save] partial 1600/10500: 10500 works → /workspace/dlsite-promo-site/data/works.json
[cache] RJ436608
[enrich] 1601/10500 RJ436608: tags=6 desc=1183 img=hi [cached]
[cache] RJ419503
[enrich] 1602/10500 RJ419503: tags=6 desc=1166 img=hi [cached]
[cache] RJ285620
[enrich] 1603/10500 RJ285620: tags=6 desc=464 img=hi [cached]
[cache] RJ267624
[enrich] 1604/10500 RJ267624: tags=6 desc=690 img=hi [cached]
[cache] RJ284738
[enrich] 1605/10500 RJ284738: tags=6 desc=454 img=hi [cached]
[cache] RJ01251887
[enrich] 1606/10500 RJ01251887: tags=6 desc=635 img=hi [cached]
[cache] RJ268343
[enrich] 1607/10500 RJ268343: tags=5 desc=563 img=hi [cached]
[cache] RJ271136
[enrich] 1608/10500 RJ271136: tags=6 desc=464 img=hi [cached]
[enrich] 1609/10500 RJ440426: tags=0 desc=8 img=hi
[cache] RJ246816
[enrich] 1610/10500 RJ246816: tags=6 desc=216 img=hi [cached]
[cache] RJ254095
[enrich] 1611/10500 RJ254095: tags=6 desc=1258 img=hi [cached]
[cache] RJ118043
[enrich] 1612/10500 RJ118043: tags=4 desc=508 img=hi [cached]
[cache] RJ318283
[enrich] 1613/10500 RJ318283: tags=6 desc=180 img=hi [cached]
[cache] RJ131117
[enrich] 1614/10500 RJ131117: tags=6 desc=1289 img=hi [cached]
[cache] RJ01036752
[enrich] 1615/10500 RJ01036752: tags=6 desc=328 img=hi [cached]
[cache] RJ139061
[enrich] 1616/10500 RJ139061: tags=6 desc=1523 img=hi [cached]
[cache] RJ112034
[enrich] 1617/10500 RJ112034: tags=6 desc=809 img=hi [cached]
[cache] RJ01013675
[enrich] 1618/10500 RJ01013675: tags=6 desc=741 img=hi [cached]
[cache] RJ01086617
[enrich] 1619/10500 RJ01086617: tags=6 desc=812 img=hi [cached]
[cache] RJ013820
[enrich] 1620/10500 RJ013820: tags=3 desc=349 img=hi [cached]
[cache] RJ016473
[enrich] 1621/10500 RJ016473: tags=6 desc=795 img=hi [cached]
[cache] RJ404719
[enrich] 1622/10500 RJ404719: tags=6 desc=314 img=hi [cached]
[cache] RJ023039
[enrich] 1623/10500 RJ023039: tags=6 desc=1285 img=hi [cached]
[cache] RJ213146
[enrich] 1624/10500 RJ213146: tags=6 desc=562 img=hi [cached]
[cache] RJ01348097
[enrich] 1625/10500 RJ01348097: tags=6 desc=275 img=hi [cached]
[save] partial 1625/10500: 10500 works → /workspace/dlsite-promo-site/data/works.json
[cache] RJ190846
[enrich] 1626/10500 RJ190846: tags=6 desc=492 img=hi [cached]
[cache] RJ107518
[enrich] 1627/10500 RJ107518: tags=6 desc=474 img=hi [cached]
[cache] RJ313605
[enrich] 1628/10500 RJ313605: tags=6 desc=737 img=hi [cached]
[cache] RJ294502
[enrich] 1629/10500 RJ294502: tags=6 desc=1728 img=hi [cached]
[cache] RJ201655
[enrich] 1630/10500 RJ201655: tags=6 desc=1261 img=hi [cached]
[cache] RJ103854
[enrich] 1631/10500 RJ103854: tags=6 desc=614 img=hi [cached]
[cache] RJ161783
[enrich] 1632/10500 RJ161783: tags=5 desc=1166 img=hi [cached]
[cache] RJ015584
[enrich] 1633/10500 RJ015584: tags=5 desc=698 img=hi [cached]
[cache] RJ257676
[enrich] 1634/10500 RJ257676: tags=6 desc=586 img=hi [cached]
[cache] RJ204612
[enrich] 1635/10500 RJ204612: tags=6 desc=705 img=hi [cached]
[cache] RJ01406309
[enrich] 1636/10500 RJ01406309: tags=6 desc=1969 img=hi [cached]
[cache] RJ245463
[enrich] 1637/10500 RJ245463: tags=6 desc=1233 img=hi [cached]
[cache] RJ300674
[enrich] 1638/10500 RJ300674: tags=6 desc=722 img=hi [cached]
[cache] RJ234351
[enrich] 1639/10500 RJ234351: tags=6 desc=309 img=hi [cached]
[cache] RJ401307
[enrich] 1640/10500 RJ401307: tags=6 desc=1319 img=hi [cached]
[cache] RJ01103007
[enrich] 1641/10500 RJ01103007: tags=6 desc=1868 img=hi [cached]
[cache] RJ052597
[enrich] 1642/10500 RJ052597: tags=5 desc=483 img=hi [cached]
[cache] RJ224134
[enrich] 1643/10500 RJ224134: tags=6 desc=336 img=hi [cached]
[cache] RJ260065
[enrich] 1644/10500 RJ260065: tags=6 desc=952 img=hi [cached]
[cache] RJ01097527
[enrich] 1645/10500 RJ01097527: tags=6 desc=177 img=hi [cached]
[cache] RJ01078364
[enrich] 1646/10500 RJ01078364: tags=6 desc=519 img=hi [cached]
[cache] RJ037266
[enrich] 1647/10500 RJ037266: tags=6 desc=257 img=hi [cached]
[cache] RJ316365
[enrich] 1648/10500 RJ316365: tags=6 desc=2362 img=hi [cached]
[cache] RJ374870
[enrich] 1649/10500 RJ374870: tags=6 desc=1346 img=hi [cached]
[cache] RJ203225
[enrich] 1650/10500 RJ203225: tags=6 desc=470 img=hi [cached]
[save] partial 1650/10500: 10500 works → /workspace/dlsite-promo-site/data/works.json
[cache] RJ323375
[enrich] 1651/10500 RJ323375: tags=6 desc=716 img=hi [cached]
[cache] RJ378985
[enrich] 1652/10500 RJ378985: tags=6 desc=1553 img=hi [cached]
[cache] RJ253595
[enrich] 1653/10500 RJ253595: tags=6 desc=261 img=hi [cached]
[cache] RJ224247
[enrich] 1654/10500 RJ224247: tags=6 desc=800 img=hi [cached]
[cache] RJ01141653
[enrich] 1655/10500 RJ01141653: tags=6 desc=1173 img=hi [cached]
[cache] RJ030288
[enrich] 1656/10500 RJ030288: tags=6 desc=252 img=hi [cached]
[cache] RJ393059
[enrich] 1657/10500 RJ393059: tags=6 desc=3574 img=hi [cached]
[cache] RJ417333
[enrich] 1658/10500 RJ417333: tags=6 desc=1392 img=hi [cached]
[cache] RJ431847
[enrich] 1659/10500 RJ431847: tags=6 desc=1862 img=hi [cached]
[cache] RJ205271
[enrich] 1660/10500 RJ205271: tags=6 desc=519 img=hi [cached]
[cache] RJ402903
[enrich] 1661/10500 RJ402903: tags=6 desc=743 img=hi [cached]
[cache] RJ01205539
[enrich] 1662/10500 RJ01205539: tags=6 desc=124 img=hi [cached]
[cache] RJ141504
[enrich] 1663/10500 RJ141504: tags=6 desc=777 img=hi [cached]
[cache] RJ439331
[enrich] 1664/10500 RJ439331: tags=6 desc=730 img=hi [cached]
[cache] RJ243788
[enrich] 1665/10500 RJ243788: tags=6 desc=109 img=hi [cached]
[cache] RJ01229820
[enrich] 1666/10500 RJ01229820: tags=6 desc=277 img=hi [cached]
[cache] RJ351698
[enrich] 1667/10500 RJ351698: tags=6 desc=709 img=hi [cached]
[cache] RJ044648
[enrich] 1668/10500 RJ044648: tags=5 desc=183 img=hi [cached]
[cache] RJ141907
[enrich] 1669/10500 RJ141907: tags=3 desc=281 img=hi [cached]
[cache] RJ071520
[enrich] 1670/10500 RJ071520: tags=6 desc=141 img=hi [cached]
[cache] RJ059981
[enrich] 1671/10500 RJ059981: tags=6 desc=556 img=hi [cached]
[cache] RJ138400
[enrich] 1672/10500 RJ138400: tags=6 desc=645 img=hi [cached]
[cache] RJ01358524
[enrich] 1673/10500 RJ01358524: tags=6 desc=1754 img=hi [cached]
[cache] RJ117849
[enrich] 1674/10500 RJ117849: tags=6 desc=780 img=hi [cached]
[cache] RJ093336
[enrich] 1675/10500 RJ093336: tags=6 desc=1010 img=hi [cached]
[save] partial 1675/10500: 10500 works → /workspace/dlsite-promo-site/data/works.json
[cache] RJ359865
[enrich] 1676/10500 RJ359865: tags=6 desc=968 img=hi [cached]
[cache] RJ01334414
[enrich] 1677/10500 RJ01334414: tags=6 desc=901 img=hi [cached]
[cache] RJ086304
[enrich] 1678/10500 RJ086304: tags=6 desc=576 img=hi [cached]
[cache] RJ222377
[enrich] 1679/10500 RJ222377: tags=6 desc=2017 img=hi [cached]
[cache] RJ408274
[enrich] 1680/10500 RJ408274: tags=6 desc=2094 img=hi [cached]
[cache] RJ238652
[enrich] 1681/10500 RJ238652: tags=6 desc=318 img=hi [cached]
[cache] RJ235468
[enrich] 1682/10500 RJ235468: tags=6 desc=362 img=hi [cached]
[cache] RJ01166739
[enrich] 1683/10500 RJ01166739: tags=6 desc=531 img=hi [cached]
[cache] RJ01050604
[enrich] 1684/10500 RJ01050604: tags=6 desc=653 img=hi [cached]
[cache] RJ310551
[enrich] 1685/10500 RJ310551: tags=5 desc=385 img=hi [cached]
[cache] RJ013606
[enrich] 1686/10500 RJ013606: tags=2 desc=431 img=hi [cached]
[cache] RJ117635
[enrich] 1687/10500 RJ117635: tags=6 desc=1027 img=hi [cached]
[cache] RJ091145
[enrich] 1688/10500 RJ091145: tags=5 desc=136 img=hi [cached]
[cache] RJ01160034
[enrich] 1689/10500 RJ01160034: tags=6 desc=127 img=hi [cached]
[cache] RJ062592
[enrich] 1690/10500 RJ062592: tags=6 desc=519 img=hi [cached]
[cache] RJ172560
[enrich] 1691/10500 RJ172560: tags=6 desc=515 img=hi [cached]
[cache] RJ085629
[enrich] 1692/10500 RJ085629: tags=6 desc=1624 img=hi [cached]
[cache] RJ01028790
[enrich] 1693/10500 RJ01028790: tags=6 desc=204 img=hi [cached]
[cache] RJ01244970
[enrich] 1694/10500 RJ01244970: tags=0 desc=776 img=hi [cached]
[cache] RJ022641
[enrich] 1695/10500 RJ022641: tags=2 desc=76 img=hi [cached]
[cache] RJ342558
[enrich] 1696/10500 RJ342558: tags=6 desc=3234 img=hi [cached]
[cache] RJ022482
[enrich] 1697/10500 RJ022482: tags=6 desc=558 img=hi [cached]
[cache] RJ132752
[enrich] 1698/10500 RJ132752: tags=6 desc=872 img=hi [cached]
[cache] RJ172521
[enrich] 1699/10500 RJ172521: tags=6 desc=448 img=hi [cached]
[cache] RJ141033
[enrich] 1700/10500 RJ141033: tags=6 desc=256 img=hi [cached]
[save] partial 1700/10500: 10500 works → /workspace/dlsite-promo-site/data/works.json
[cache] RJ01138700
[enrich] 1701/10500 RJ01138700: tags=6 desc=718 img=hi [cached]
[cache] RJ264184
[enrich] 1702/10500 RJ264184: tags=6 desc=106 img=hi [cached]
[cache] RJ01725993
[enrich] 1703/10500 RJ01725993: tags=2 desc=1135 img=hi [cached]
[enrich] 1704/10500 RJ01724753: tags=0 desc=8 img=hi
[enrich] 1705/10500 RJ01724749: tags=0 desc=8 img=hi
[enrich] 1706/10500 RJ01724747: tags=0 desc=8 img=hi
[enrich] 1707/10500 RJ01724740: tags=0 desc=8 img=hi
[enrich] 1708/10500 RJ01724722: tags=0 desc=8 img=hi
[enrich] 1709/10500 RJ01724710: tags=0 desc=8 img=hi
[enrich] 1710/10500 RJ01724709: tags=0 desc=8 img=hi
[enrich] 1711/10500 RJ01724690: tags=0 desc=8 img=hi
[enrich] 1712/10500 RJ01724687: tags=0 desc=8 img=hi
[enrich] 1713/10500 RJ01724685: tags=0 desc=8 img=hi
[enrich] 1714/10500 RJ01724677: tags=0 desc=8 img=hi
[enrich] 1715/10500 RJ01724661: tags=0 desc=8 img=hi
[enrich] 1716/10500 RJ01724650: tags=0 desc=8 img=hi
[enrich] 1717/10500 RJ01724643: tags=0 desc=8 img=hi
[enrich] 1718/10500 RJ01724630: tags=0 desc=8 img=hi
[enrich] 1719/10500 RJ01724601: tags=0 desc=8 img=hi
[enrich] 1720/10500 RJ01724584: tags=0 desc=8 img=hi
[enrich] 1721/10500 RJ01724567: tags=0 desc=8 img=hi
[enrich] 1722/10500 RJ01724558: tags=0 desc=8 img=hi
[enrich] 1723/10500 RJ01724529: tags=0 desc=8 img=hi
[enrich] 1724/10500 RJ01724519: tags=0 desc=8 img=hi
[enrich] 1725/10500 RJ01724513: tags=0 desc=8 img=hi
[save] partial 1725/10500: 10500 works → /workspace/dlsite-promo-site/data/works.json
[enrich] 1726/10500 RJ01724512: tags=0 desc=8 img=hi
[enrich] 1727/10500 RJ01724508: tags=0 desc=8 img=hi
[enrich] 1728/10500 RJ01724507: tags=0 desc=8 img=hi
[enrich] 1729/10500 RJ01724503: tags=0 desc=8 img=hi
[enrich] 1730/10500 RJ01724467: tags=0 desc=8 img=hi
[enrich] 1731/10500 RJ01724466: tags=0 desc=8 img=hi
[enrich] 1732/10500 RJ01724450: tags=0 desc=8 img=hi
[enrich] 1733/10500 RJ01724449: tags=0 desc=8 img=hi
[enrich] 1734/10500 RJ01724446: tags=0 desc=8 img=hi
[enrich] 1735/10500 RJ01724441: tags=0 desc=8 img=hi
[enrich] 1736/10500 RJ01724430: tags=0 desc=8 img=hi
[enrich] 1737/10500 RJ01724427: tags=0 desc=8 img=hi
[enrich] 1738/10500 RJ01724400: tags=0 desc=8 img=hi
[enrich] 1739/10500 RJ01724396: tags=0 desc=8 img=hi
[enrich] 1740/10500 RJ01724385: tags=0 desc=8 img=hi
[enrich] 1741/10500 RJ01724357: tags=0 desc=8 img=hi
[cache] RJ01726079
[enrich] 1742/10500 RJ01726079: tags=6 desc=967 img=hi [cached]
[cache] RJ01725887
[enrich] 1743/10500 RJ01725887: tags=6 desc=233 img=hi [cached]
[cache] RJ01725410
[enrich] 1744/10500 RJ01725410: tags=5 desc=2853 img=hi [cached]
[cache] RJ01711224
[enrich] 1745/10500 RJ01711224: tags=6 desc=236 img=hi [cached]
[cache] RJ01691821
[enrich] 1746/10500 RJ01691821: tags=6 desc=3176 img=hi [cached]
[cache] RJ01725964
[enrich] 1747/10500 RJ01725964: tags=1 desc=298 img=hi [cached]
[cache] RJ01725920
[enrich] 1748/10500 RJ01725920: tags=2 desc=892 img=hi [cached]
[cache] RJ01725489
[enrich] 1749/10500 RJ01725489: tags=6 desc=280 img=hi [cached]
[cache] RJ01725436
[enrich] 1750/10500 RJ01725436: tags=6 desc=747 img=hi [cached]
[save] partial 1750/10500: 10500 works → /workspace/dlsite-promo-site/data/works.json
[cache] RJ01724940
[enrich] 1751/10500 RJ01724940: tags=6 desc=1137 img=hi [cached]
[cache] RJ01724915
[enrich] 1752/10500 RJ01724915: tags=6 desc=1235 img=hi [cached]
[cache] RJ01724311
[enrich] 1753/10500 RJ01724311: tags=6 desc=799 img=hi [cached]
[enrich] 1754/10500 RJ01723531: tags=0 desc=8 img=hi
[cache] RJ01723321
[enrich] 1755/10500 RJ01723321: tags=2 desc=644 img=hi [cached]
[cache] RJ01717535
[enrich] 1756/10500 RJ01717535: tags=6 desc=356 img=hi [cached]
[cache] RJ01717303
[enrich] 1757/10500 RJ01717303: tags=6 desc=1387 img=hi [cached]
[cache] RJ01714804
[enrich] 1758/10500 RJ01714804: tags=6 desc=1741 img=hi [cached]
[cache] RJ01708108
[enrich] 1759/10500 RJ01708108: tags=6 desc=1047 img=hi [cached]
[cache] RJ01725758
[enrich] 1760/10500 RJ01725758: tags=3 desc=705 img=hi [cached]
[cache] RJ01725539
[enrich] 1761/10500 RJ01725539: tags=6 desc=150 img=hi [cached]
[enrich] 1762/10500 RJ01725533: tags=1 desc=4 img=hi
[cache] RJ01725014
[enrich] 1763/10500 RJ01725014: tags=6 desc=1131 img=hi [cached]
[cache] RJ01721921
[enrich] 1764/10500 RJ01721921: tags=6 desc=656 img=hi [cached]
[cache] RJ01725250
[enrich] 1765/10500 RJ01725250: tags=6 desc=698 img=hi [cached]
[enrich] 1766/10500 RJ01725165: tags=2 desc=8 img=hi
[cache] RJ01724950
[enrich] 1767/10500 RJ01724950: tags=6 desc=541 img=hi [cached]
[cache] RJ01724737
[enrich] 1768/10500 RJ01724737: tags=6 desc=997 img=hi [cached]
[cache] RJ01724703
[enrich] 1769/10500 RJ01724703: tags=0 desc=1265 img=hi [cached]
[cache] RJ01724654
[enrich] 1770/10500 RJ01724654: tags=4 desc=232 img=hi [cached]
[cache] RJ01723615
[enrich] 1771/10500 RJ01723615: tags=6 desc=483 img=hi [cached]
[cache] RJ01723507
[enrich] 1772/10500 RJ01723507: tags=4 desc=1250 img=hi [cached]
[cache] RJ01719513
[enrich] 1773/10500 RJ01719513: tags=6 desc=2232 img=hi [cached]
[cache] RJ01717287
[enrich] 1774/10500 RJ01717287: tags=6 desc=936 img=hi [cached]
[cache] RJ01708104
[enrich] 1775/10500 RJ01708104: tags=6 desc=1013 img=hi [cached]
[save] partial 1775/10500: 10500 works → /workspace/dlsite-promo-site/data/works.json
[cache] RJ01702895
[enrich] 1776/10500 RJ01702895: tags=6 desc=234 img=hi [cached]
[cache] RJ01700570
[enrich] 1777/10500 RJ01700570: tags=6 desc=1008 img=hi [cached]
[cache] RJ01665972
[enrich] 1778/10500 RJ01665972: tags=6 desc=864 img=hi [cached]
[cache] RJ01583480
[enrich] 1779/10500 RJ01583480: tags=6 desc=995 img=hi [cached]
[cache] RJ01724903
[enrich] 1780/10500 RJ01724903: tags=6 desc=356 img=hi [cached]
[cache] RJ01724823
[enrich] 1781/10500 RJ01724823: tags=6 desc=1182 img=hi [cached]
[cache] RJ01724669
[enrich] 1782/10500 RJ01724669: tags=6 desc=1056 img=hi [cached]
[cache] RJ01723449
[enrich] 1783/10500 RJ01723449: tags=6 desc=971 img=hi [cached]
[cache] RJ01724540
[enrich] 1784/10500 RJ01724540: tags=4 desc=235 img=hi [cached]
[cache] RJ01724479
[enrich] 1785/10500 RJ01724479: tags=6 desc=1805 img=hi [cached]
[cache] RJ01724438
[enrich] 1786/10500 RJ01724438: tags=6 desc=1803 img=hi [cached]
[cache] RJ01724229
[enrich] 1787/10500 RJ01724229: tags=6 desc=1810 img=hi [cached]
[cache] RJ01724099
[enrich] 1788/10500 RJ01724099: tags=6 desc=1780 img=hi [cached]
[cache] RJ01723934
[enrich] 1789/10500 RJ01723934: tags=6 desc=472 img=hi [cached]
[cache] RJ01723301
[enrich] 1790/10500 RJ01723301: tags=5 desc=406 img=hi [cached]
[cache] RJ01723237
[enrich] 1791/10500 RJ01723237: tags=6 desc=924 img=hi [cached]
[cache] RJ01723121
[enrich] 1792/10500 RJ01723121: tags=6 desc=1682 img=hi [cached]
[cache] RJ01722431
[enrich] 1793/10500 RJ01722431: tags=6 desc=1069 img=hi [cached]
[cache] RJ01722356
[enrich] 1794/10500 RJ01722356: tags=6 desc=901 img=hi [cached]
[cache] RJ01721887
[enrich] 1795/10500 RJ01721887: tags=6 desc=2350 img=hi [cached]
[cache] RJ01720579
[enrich] 1796/10500 RJ01720579: tags=6 desc=818 img=hi [cached]
[cache] RJ01720250
[enrich] 1797/10500 RJ01720250: tags=6 desc=2062 img=hi [cached]
[cache] RJ01718823
[enrich] 1798/10500 RJ01718823: tags=6 desc=1995 img=hi [cached]
[cache] RJ01717084
[enrich] 1799/10500 RJ01717084: tags=6 desc=1744 img=hi [cached]
[cache] RJ01716908
[enrich] 1800/10500 RJ01716908: tags=6 desc=951 img=hi [cached]
[save] partial 1800/10500: 10500 works → /workspace/dlsite-promo-site/data/works.json
[cache] RJ01714798
[enrich] 1801/10500 RJ01714798: tags=6 desc=1465 img=hi [cached]
[cache] RJ01714740
[enrich] 1802/10500 RJ01714740: tags=6 desc=2220 img=hi [cached]
[cache] RJ01713835
[enrich] 1803/10500 RJ01713835: tags=1 desc=421 img=hi [cached]
[cache] RJ01708913
[enrich] 1804/10500 RJ01708913: tags=5 desc=1242 img=hi [cached]
[cache] RJ01708099
[enrich] 1805/10500 RJ01708099: tags=6 desc=1117 img=hi [cached]
[cache] RJ01690063
[enrich] 1806/10500 RJ01690063: tags=5 desc=2123 img=hi [cached]
[cache] RJ01724354
[enrich] 1807/10500 RJ01724354: tags=3 desc=86 img=hi [cached]
[cache] RJ01724257
[enrich] 1808/10500 RJ01724257: tags=1 desc=298 img=hi [cached]
[cache] RJ01722315
[enrich] 1809/10500 RJ01722315: tags=6 desc=1765 img=hi [cached]
[cache] RJ01715455
[enrich] 1810/10500 RJ01715455: tags=4 desc=289 img=hi [cached]
[cache] RJ01695873
[enrich] 1811/10500 RJ01695873: tags=2 desc=586 img=hi [cached]
[cache] RJ01695862
[enrich] 1812/10500 RJ01695862: tags=1 desc=586 img=hi [cached]
[cache] RJ01693595
[enrich] 1813/10500 RJ01693595: tags=6 desc=823 img=hi [cached]
[cache] RJ01690729
[enrich] 1814/10500 RJ01690729: tags=6 desc=1137 img=hi [cached]
[cache] RJ01689344
[enrich] 1815/10500 RJ01689344: tags=6 desc=725 img=hi [cached]
[cache] RJ01365566
[enrich] 1816/10500 RJ01365566: tags=6 desc=2139 img=hi [cached]
[enrich] 1817/10500 RJ01726221: tags=0 desc=8 img=hi
[enrich] 1818/10500 RJ01725806: tags=0 desc=8 img=hi
[cache] RJ01725762
[enrich] 1819/10500 RJ01725762: tags=2 desc=871 img=hi [cached]
[cache] RJ01725847
[enrich] 1820/10500 RJ01725847: tags=6 desc=105 img=hi [cached]
[cache] RJ01725535
[enrich] 1821/10500 RJ01725535: tags=2 desc=613 img=hi [cached]
[enrich] 1822/10500 RJ01723819: tags=0 desc=8 img=hi
[enrich] 1823/10500 RJ01723636: tags=0 desc=8 img=hi
[enrich] 1824/10500 RJ01722829: tags=0 desc=8 img=hi
[cache] RJ01721332
[enrich] 1825/10500 RJ01721332: tags=5 desc=277 img=hi [cached]
[save] partial 1825/10500: 10500 works → /workspace/dlsite-promo-site/data/works.json
[cache] RJ01725349
[enrich] 1826/10500 RJ01725349: tags=5 desc=153 img=hi [cached]
[cache] RJ01725244
[enrich] 1827/10500 RJ01725244: tags=6 desc=1221 img=hi [cached]
[cache] RJ01724681
[enrich] 1828/10500 RJ01724681: tags=5 desc=164 img=hi [cached]
[cache] RJ01724653
[enrich] 1829/10500 RJ01724653: tags=6 desc=511 img=hi [cached]
[enrich] 1830/10500 RJ01723459: tags=0 desc=8 img=hi
[enrich] 1831/10500 RJ01723022: tags=0 desc=8 img=hi
[enrich] 1832/10500 RJ01722767: tags=0 desc=8 img=hi
[cache] RJ01680718
[enrich] 1833/10500 RJ01680718: tags=6 desc=430 img=hi [cached]
[cache] RJ01724741
[enrich] 1834/10500 RJ01724741: tags=6 desc=280 img=hi [cached]
[cache] RJ01724670
[enrich] 1835/10500 RJ01724670: tags=0 desc=303 img=hi [cached]
[enrich] 1836/10500 RJ01722028: tags=0 desc=8 img=hi
[enrich] 1837/10500 RJ01721774: tags=0 desc=8 img=hi
[enrich] 1838/10500 RJ01721421: tags=0 desc=8 img=hi
[cache] RJ01724432
[enrich] 1839/10500 RJ01724432: tags=6 desc=447 img=hi [cached]
[cache] RJ01724113
[enrich] 1840/10500 RJ01724113: tags=0 desc=358 img=hi [cached]
[enrich] 1841/10500 RJ01720960: tags=0 desc=8 img=hi
[cache] RJ01716844
[enrich] 1842/10500 RJ01716844: tags=1 desc=511 img=hi [cached]
[cache] RJ01714226
[enrich] 1843/10500 RJ01714226: tags=6 desc=134 img=hi [cached]
[cache] RJ01724056
[enrich] 1844/10500 RJ01724056: tags=2 desc=220 img=hi [cached]
[enrich] 1845/10500 RJ01721626: tags=0 desc=8 img=hi
[enrich] 1846/10500 RJ01721601: tags=0 desc=8 img=hi
[enrich] 1847/10500 RJ01721117: tags=0 desc=8 img=hi
[enrich] 1848/10500 RJ01721006: tags=0 desc=8 img=hi
[enrich] 1849/10500 RJ01720857: tags=0 desc=8 img=hi
[enrich] 1850/10500 RJ01718779: tags=0 desc=8 img=hi
[save] partial 1850/10500: 10500 works → /workspace/dlsite-promo-site/data/works.json
[cache] RJ01702523
[enrich] 1851/10500 RJ01702523: tags=6 desc=238 img=hi [cached]
[cache] RJ01723432
[enrich] 1852/10500 RJ01723432: tags=6 desc=180 img=hi [cached]
[cache] RJ01723094
[enrich] 1853/10500 RJ01723094: tags=6 desc=1163 img=hi [cached]
[cache] RJ01722999
[enrich] 1854/10500 RJ01722999: tags=6 desc=503 img=hi [cached]
[cache] RJ01722736
[enrich] 1855/10500 RJ01722736: tags=4 desc=305 img=hi [cached]
[cache] RJ01722332
[enrich] 1856/10500 RJ01722332: tags=6 desc=152 img=hi [cached]
[enrich] 1857/10500 RJ01720695: tags=0 desc=8 img=hi
[enrich] 1858/10500 RJ01720331: tags=0 desc=8 img=hi
[enrich] 1859/10500 RJ01718930: tags=0 desc=8 img=hi
[cache] RJ01718412
[enrich] 1860/10500 RJ01718412: tags=6 desc=772 img=hi [cached]
[cache] RJ01718388
[enrich] 1861/10500 RJ01718388: tags=6 desc=493 img=hi [cached]
[cache] RJ01716484
[enrich] 1862/10500 RJ01716484: tags=6 desc=737 img=hi [cached]
[cache] RJ01712952
[enrich] 1863/10500 RJ01712952: tags=6 desc=1073 img=hi [cached]
[enrich] 1864/10500 RJ01723260: tags=6 desc=21 img=hi
[cache] RJ01722898
[enrich] 1865/10500 RJ01722898: tags=6 desc=238 img=hi [cached]
[enrich] 1866/10500 RJ01722685: tags=0 desc=8 img=hi
[enrich] 1867/10500 RJ01723380: tags=0 desc=8 img=hi
[enrich] 1868/10500 RJ01721614: tags=0 desc=8 img=hi
[enrich] 1869/10500 RJ01711873: tags=0 desc=8 img=hi
[enrich] 1870/10500 RJ01713601: tags=0 desc=8 img=hi
[cache] RJ01700944
[enrich] 1871/10500 RJ01700944: tags=6 desc=106 img=hi [cached]
[cache] RJ01638291
[enrich] 1872/10500 RJ01638291: tags=6 desc=583 img=hi [cached]
[cache] RJ01652322
[enrich] 1873/10500 RJ01652322: tags=6 desc=746 img=hi [cached]
[cache] RJ01661359
[enrich] 1874/10500 RJ01661359: tags=6 desc=888 img=hi [cached]
[cache] RJ01629166
[enrich] 1875/10500 RJ01629166: tags=6 desc=541 img=hi [cached]
[save] partial 1875/10500: 10500 works → /workspace/dlsite-promo-site/data/works.json
[cache] RJ01640964
[enrich] 1876/10500 RJ01640964: tags=6 desc=753 img=hi [cached]
[cache] RJ01696212
[enrich] 1877/10500 RJ01696212: tags=6 desc=1351 img=hi [cached]
[cache] RJ01657316
[enrich] 1878/10500 RJ01657316: tags=6 desc=650 img=hi [cached]
[cache] RJ01648342
[enrich] 1879/10500 RJ01648342: tags=6 desc=459 img=hi [cached]
[cache] RJ01682317
[enrich] 1880/10500 RJ01682317: tags=6 desc=737 img=hi [cached]
[cache] RJ01696737
[enrich] 1881/10500 RJ01696737: tags=6 desc=811 img=hi [cached]
[cache] RJ01700954
[enrich] 1882/10500 RJ01700954: tags=6 desc=3452 img=hi [cached]
[cache] RJ01574331
[enrich] 1883/10500 RJ01574331: tags=6 desc=1141 img=hi [cached]
[cache] RJ01674477
[enrich] 1884/10500 RJ01674477: tags=6 desc=660 img=hi [cached]
[cache] RJ01690443
[enrich] 1885/10500 RJ01690443: tags=6 desc=770 img=hi [cached]
[cache] RJ01674915
[enrich] 1886/10500 RJ01674915: tags=6 desc=1049 img=hi [cached]
[cache] RJ01700447
[enrich] 1887/10500 RJ01700447: tags=6 desc=1962 img=hi [cached]
[cache] RJ01653858
[enrich] 1888/10500 RJ01653858: tags=6 desc=2025 img=hi [cached]
[cache] RJ01649780
[enrich] 1889/10500 RJ01649780: tags=0 desc=675 img=hi [cached]
[cache] RJ01629280
[enrich] 1890/10500 RJ01629280: tags=6 desc=2990 img=hi [cached]
[cache] RJ01680543
[enrich] 1891/10500 RJ01680543: tags=6 desc=1225 img=hi [cached]
[cache] RJ01657878
[enrich] 1892/10500 RJ01657878: tags=6 desc=1300 img=hi [cached]
[cache] RJ01676679
[enrich] 1893/10500 RJ01676679: tags=6 desc=2184 img=hi [cached]
[cache] RJ294140
[enrich] 1894/10500 RJ294140: tags=5 desc=1509 img=hi [cached]
[cache] RJ01043707
[enrich] 1895/10500 RJ01043707: tags=6 desc=1082 img=hi [cached]
[cache] RJ355147
[enrich] 1896/10500 RJ355147: tags=3 desc=310 img=hi [cached]
[cache] RJ184422
[enrich] 1897/10500 RJ184422: tags=6 desc=118 img=hi [cached]
[cache] RJ307229
[enrich] 1898/10500 RJ307229: tags=6 desc=227 img=hi [cached]
[cache] RJ01581799
[enrich] 1899/10500 RJ01581799: tags=6 desc=543 img=hi [cached]
[cache] RJ01212930
[enrich] 1900/10500 RJ01212930: tags=3 desc=143 img=hi [cached]
[save] partial 1900/10500: 10500 works → /workspace/dlsite-promo-site/data/works.json
[cache] RJ384437
[enrich] 1901/10500 RJ384437: tags=4 desc=469 img=hi [cached]
[cache] RJ220635
[enrich] 1902/10500 RJ220635: tags=4 desc=1156 img=hi [cached]
[cache] RJ173774
[enrich] 1903/10500 RJ173774: tags=4 desc=753 img=hi [cached]
[cache] RJ354952
[enrich] 1904/10500 RJ354952: tags=2 desc=243 img=hi [cached]
[cache] RJ01054984
[enrich] 1905/10500 RJ01054984: tags=6 desc=1540 img=hi [cached]
[cache] RJ354962
[enrich] 1906/10500 RJ354962: tags=2 desc=406 img=hi [cached]
[cache] RJ276342
[enrich] 1907/10500 RJ276342: tags=5 desc=1295 img=hi [cached]
[cache] RJ355035
[enrich] 1908/10500 RJ355035: tags=2 desc=371 img=hi [cached]
[cache] RJ189096
[enrich] 1909/10500 RJ189096: tags=6 desc=580 img=hi [cached]
[cache] RJ355036
[enrich] 1910/10500 RJ355036: tags=2 desc=214 img=hi [cached]
[cache] RJ221671
[enrich] 1911/10500 RJ221671: tags=6 desc=127 img=hi [cached]
[cache] RJ257641
[enrich] 1912/10500 RJ257641: tags=6 desc=2930 img=hi [cached]
[cache] RJ354961
[enrich] 1913/10500 RJ354961: tags=2 desc=264 img=hi [cached]
[cache] RJ365447
[enrich] 1914/10500 RJ365447: tags=6 desc=1363 img=hi [cached]
[cache] RJ221176
[enrich] 1915/10500 RJ221176: tags=6 desc=122 img=hi [cached]
[cache] RJ355033
[enrich] 1916/10500 RJ355033: tags=2 desc=215 img=hi [cached]
[cache] RJ336447
[enrich] 1917/10500 RJ336447: tags=6 desc=767 img=hi [cached]
[cache] RJ01341952
[enrich] 1918/10500 RJ01341952: tags=2 desc=341 img=hi [cached]
[cache] RJ144443
[enrich] 1919/10500 RJ144443: tags=3 desc=390 img=hi [cached]
[cache] RJ348240
[enrich] 1920/10500 RJ348240: tags=6 desc=1898 img=hi [cached]
[cache] RJ240262
[enrich] 1921/10500 RJ240262: tags=6 desc=2420 img=hi [cached]
[cache] RJ297919
[enrich] 1922/10500 RJ297919: tags=4 desc=208 img=hi [cached]
[cache] RJ334206
[enrich] 1923/10500 RJ334206: tags=3 desc=276 img=hi [cached]
[cache] RJ355034
[enrich] 1924/10500 RJ355034: tags=2 desc=198 img=hi [cached]
[cache] RJ181362
[enrich] 1925/10500 RJ181362: tags=4 desc=999 img=hi [cached]
[save] partial 1925/10500: 10500 works → /workspace/dlsite-promo-site/data/works.json
[cache] RJ197881
[enrich] 1926/10500 RJ197881: tags=4 desc=1057 img=hi [cached]
[cache] RJ160236
[enrich] 1927/10500 RJ160236: tags=6 desc=1976 img=hi [cached]
[cache] RJ167694
[enrich] 1928/10500 RJ167694: tags=6 desc=622 img=hi [cached]
[cache] RJ175803
[enrich] 1929/10500 RJ175803: tags=6 desc=1750 img=hi [cached]
[cache] RJ01365516
[enrich] 1930/10500 RJ01365516: tags=6 desc=1255 img=hi [cached]
[cache] RJ284031
[enrich] 1931/10500 RJ284031: tags=6 desc=399 img=hi [cached]
[cache] RJ258283
[enrich] 1932/10500 RJ258283: tags=6 desc=2506 img=hi [cached]
[cache] RJ276847
[enrich] 1933/10500 RJ276847: tags=6 desc=164 img=hi [cached]
[cache] RJ340256
[enrich] 1934/10500 RJ340256: tags=6 desc=1690 img=hi [cached]
[cache] RJ409513
[enrich] 1935/10500 RJ409513: tags=6 desc=926 img=hi [cached]
[cache] RJ340255
[enrich] 1936/10500 RJ340255: tags=6 desc=1969 img=hi [cached]
[cache] RJ213992
[enrich] 1937/10500 RJ213992: tags=2 desc=597 img=hi [cached]
[cache] RJ247787
[enrich] 1938/10500 RJ247787: tags=6 desc=2463 img=hi [cached]
[cache] RJ395608
[enrich] 1939/10500 RJ395608: tags=5 desc=1101 img=hi [cached]
[cache] RJ340136
[enrich] 1940/10500 RJ340136: tags=6 desc=2009 img=hi [cached]
[cache] RJ251051
[enrich] 1941/10500 RJ251051: tags=5 desc=688 img=hi [cached]
[cache] RJ219839
[enrich] 1942/10500 RJ219839: tags=4 desc=1002 img=hi [cached]
[cache] RJ241102
[enrich] 1943/10500 RJ241102: tags=6 desc=2022 img=hi [cached]
[cache] RJ232455
[enrich] 1944/10500 RJ232455: tags=6 desc=727 img=hi [cached]
[cache] RJ336985
[enrich] 1945/10500 RJ336985: tags=6 desc=365 img=hi [cached]
[cache] RJ424112
[enrich] 1946/10500 RJ424112: tags=6 desc=507 img=hi [cached]
[cache] RJ01293993
[enrich] 1947/10500 RJ01293993: tags=6 desc=1677 img=hi [cached]
[cache] RJ205277
[enrich] 1948/10500 RJ205277: tags=4 desc=822 img=hi [cached]
[cache] RJ278789
[enrich] 1949/10500 RJ278789: tags=6 desc=1436 img=hi [cached]
[cache] RJ424967
[enrich] 1950/10500 RJ424967: tags=6 desc=1806 img=hi [cached]
[save] partial 1950/10500: 10500 works → /workspace/dlsite-promo-site/data/works.json
[cache] RJ255064
[enrich] 1951/10500 RJ255064: tags=6 desc=104 img=hi [cached]
[cache] RJ252625
[enrich] 1952/10500 RJ252625: tags=6 desc=3125 img=hi [cached]
[cache] RJ01119986
[enrich] 1953/10500 RJ01119986: tags=2 desc=351 img=hi [cached]
[cache] RJ159115
[enrich] 1954/10500 RJ159115: tags=5 desc=814 img=hi [cached]
[cache] RJ368564
[enrich] 1955/10500 RJ368564: tags=5 desc=517 img=hi [cached]
[cache] RJ302961
[enrich] 1956/10500 RJ302961: tags=6 desc=667 img=hi [cached]
[cache] RJ216068
[enrich] 1957/10500 RJ216068: tags=6 desc=1752 img=hi [cached]
[cache] RJ258282
[enrich] 1958/10500 RJ258282: tags=6 desc=3130 img=hi [cached]
[cache] RJ151299
[enrich] 1959/10500 RJ151299: tags=3 desc=1186 img=hi [cached]
[cache] RJ272766
[enrich] 1960/10500 RJ272766: tags=5 desc=2167 img=hi [cached]
[cache] RJ298823
[enrich] 1961/10500 RJ298823: tags=6 desc=1459 img=hi [cached]
[cache] RJ340133
[enrich] 1962/10500 RJ340133: tags=6 desc=1925 img=hi [cached]
[cache] RJ01007696
[enrich] 1963/10500 RJ01007696: tags=6 desc=334 img=hi [cached]
[cache] RJ01725442
[enrich] 1964/10500 RJ01725442: tags=2 desc=518 img=hi [cached]
[cache] RJ01726336
[enrich] 1965/10500 RJ01726336: tags=2 desc=975 img=hi [cached]
[cache] RJ01726348
[enrich] 1966/10500 RJ01726348: tags=2 desc=975 img=hi [cached]
[cache] RJ01375086
[enrich] 1967/10500 RJ01375086: tags=1 desc=1437 img=hi [cached]
[cache] RJ01276910
[enrich] 1968/10500 RJ01276910: tags=4 desc=1153 img=hi [cached]
[cache] RJ01361455
[enrich] 1969/10500 RJ01361455: tags=3 desc=1207 img=hi [cached]
[cache] RJ01348387
[enrich] 1970/10500 RJ01348387: tags=6 desc=685 img=hi [cached]
[cache] RJ205206
[enrich] 1971/10500 RJ205206: tags=2 desc=740 img=hi [cached]
[cache] RJ01017250
[enrich] 1972/10500 RJ01017250: tags=6 desc=1506 img=hi [cached]
[cache] RJ168418
[enrich] 1973/10500 RJ168418: tags=6 desc=608 img=hi [cached]
[cache] RJ333032
[enrich] 1974/10500 RJ333032: tags=6 desc=1029 img=hi [cached]
[cache] RJ239975
[enrich] 1975/10500 RJ239975: tags=2 desc=653 img=hi [cached]
[save] partial 1975/10500: 10500 works → /workspace/dlsite-promo-site/data/works.json
[cache] RJ180178
[enrich] 1976/10500 RJ180178: tags=6 desc=662 img=hi [cached]
[cache] RJ296707
[enrich] 1977/10500 RJ296707: tags=6 desc=1252 img=hi [cached]
[cache] RJ235469
[enrich] 1978/10500 RJ235469: tags=2 desc=796 img=hi [cached]
[cache] RJ229955
[enrich] 1979/10500 RJ229955: tags=5 desc=1396 img=hi [cached]
[cache] RJ186336
[enrich] 1980/10500 RJ186336: tags=6 desc=749 img=hi [cached]
[cache] RJ265559
[enrich] 1981/10500 RJ265559: tags=0 desc=839 img=hi [cached]
[cache] RJ208685
[enrich] 1982/10500 RJ208685: tags=0 desc=678 img=hi [cached]
[cache] RJ200215
[enrich] 1983/10500 RJ200215: tags=0 desc=805 img=hi [cached]
[cache] RJ200211
[enrich] 1984/10500 RJ200211: tags=1 desc=697 img=hi [cached]
[cache] RJ180671
[enrich] 1985/10500 RJ180671: tags=6 desc=608 img=hi [cached]
[cache] RJ170828
[enrich] 1986/10500 RJ170828: tags=6 desc=603 img=hi [cached]
[cache] RJ01115286
[enrich] 1987/10500 RJ01115286: tags=6 desc=2653 img=hi [cached]
[cache] RJ01187573
[enrich] 1988/10500 RJ01187573: tags=5 desc=294 img=hi [cached]
[cache] RJ01689051
[enrich] 1989/10500 RJ01689051: tags=6 desc=544 img=hi [cached]
[cache] RJ01104148
[enrich] 1990/10500 RJ01104148: tags=4 desc=1618 img=hi [cached]
[cache] RJ229928
[enrich] 1991/10500 RJ229928: tags=1 desc=759 img=hi [cached]
[cache] RJ137408
[enrich] 1992/10500 RJ137408: tags=5 desc=1057 img=hi [cached]
[cache] RJ01317169
[enrich] 1993/10500 RJ01317169: tags=6 desc=509 img=hi [cached]
[cache] RJ01279461
[enrich] 1994/10500 RJ01279461: tags=6 desc=520 img=hi [cached]
[cache] RJ01516157
[enrich] 1995/10500 RJ01516157: tags=6 desc=665 img=hi [cached]
[cache] RJ01283273
[enrich] 1996/10500 RJ01283273: tags=6 desc=1324 img=hi [cached]
[cache] RJ01365056
[enrich] 1997/10500 RJ01365056: tags=6 desc=707 img=hi [cached]
[cache] RJ314437
[enrich] 1998/10500 RJ314437: tags=6 desc=1208 img=hi [cached]
[cache] RJ01092619
[enrich] 1999/10500 RJ01092619: tags=6 desc=804 img=hi [cached]
[cache] RJ01200468
[enrich] 2000/10500 RJ01200468: tags=6 desc=1079 img=hi [cached]
[save] partial 2000/10500: 10500 works → /workspace/dlsite-promo-site/data/works.json
[cache] RJ430239
[enrich] 2001/10500 RJ430239: tags=6 desc=789 img=hi [cached]
[cache] RJ01124975
[enrich] 2002/10500 RJ01124975: tags=6 desc=704 img=hi [cached]
[cache] RJ01240588
[enrich] 2003/10500 RJ01240588: tags=5 desc=255 img=hi [cached]
[cache] RJ01165246
[enrich] 2004/10500 RJ01165246: tags=6 desc=219 img=hi [cached]
[cache] RJ01185543
[enrich] 2005/10500 RJ01185543: tags=6 desc=200 img=hi [cached]
[cache] RJ01213939
[enrich] 2006/10500 RJ01213939: tags=6 desc=159 img=hi [cached]
[cache] RJ01273016
[enrich] 2007/10500 RJ01273016: tags=6 desc=109 img=hi [cached]
[cache] RJ01370498
[enrich] 2008/10500 RJ01370498: tags=6 desc=1728 img=hi [cached]
[cache] RJ01495261
[enrich] 2009/10500 RJ01495261: tags=3 desc=1380 img=hi [cached]
[cache] RJ01046220
[enrich] 2010/10500 RJ01046220: tags=6 desc=2600 img=hi [cached]
[cache] RJ416750
[enrich] 2011/10500 RJ416750: tags=6 desc=2187 img=hi [cached]
[cache] RJ332920
[enrich] 2012/10500 RJ332920: tags=6 desc=2823 img=hi [cached]
[cache] RJ315642
[enrich] 2013/10500 RJ315642: tags=6 desc=2856 img=hi [cached]
[cache] RJ01404735
[enrich] 2014/10500 RJ01404735: tags=6 desc=2151 img=hi [cached]
[cache] RJ01050450
[enrich] 2015/10500 RJ01050450: tags=6 desc=1741 img=hi [cached]
[cache] RJ01268906
[enrich] 2016/10500 RJ01268906: tags=6 desc=1268 img=hi [cached]
[cache] RJ01141753
[enrich] 2017/10500 RJ01141753: tags=6 desc=771 img=hi [cached]
[cache] RJ434977
[enrich] 2018/10500 RJ434977: tags=6 desc=528 img=hi [cached]
[cache] RJ01381404
[enrich] 2019/10500 RJ01381404: tags=2 desc=380 img=hi [cached]
[cache] RJ269499
[enrich] 2020/10500 RJ269499: tags=3 desc=996 img=hi [cached]
[cache] RJ01260242
[enrich] 2021/10500 RJ01260242: tags=6 desc=1143 img=hi [cached]
[cache] RJ01071198
[enrich] 2022/10500 RJ01071198: tags=6 desc=1201 img=hi [cached]
[cache] RJ01532570
[enrich] 2023/10500 RJ01532570: tags=6 desc=1983 img=hi [cached]
[cache] RJ01301960
[enrich] 2024/10500 RJ01301960: tags=6 desc=1223 img=hi [cached]
[cache] RJ01301521
[enrich] 2025/10500 RJ01301521: tags=6 desc=1344 img=hi [cached]
[save] partial 2025/10500: 10500 works → /workspace/dlsite-promo-site/data/works.json
[cache] RJ413111
[enrich] 2026/10500 RJ413111: tags=5 desc=3481 img=hi [cached]
[cache] RJ392122
[enrich] 2027/10500 RJ392122: tags=6 desc=1148 img=hi [cached]
[cache] RJ01383331
[enrich] 2028/10500 RJ01383331: tags=6 desc=1282 img=hi [cached]
[cache] RJ01556851
[enrich] 2029/10500 RJ01556851: tags=6 desc=957 img=hi [cached]
[cache] RJ01391843
[enrich] 2030/10500 RJ01391843: tags=6 desc=695 img=hi [cached]
[cache] RJ01349307
[enrich] 2031/10500 RJ01349307: tags=6 desc=687 img=hi [cached]
[cache] RJ01381445
[enrich] 2032/10500 RJ01381445: tags=2 desc=345 img=hi [cached]
[cache] RJ01079734
[enrich] 2033/10500 RJ01079734: tags=2 desc=1490 img=hi [cached]
[cache] RJ405985
[enrich] 2034/10500 RJ405985: tags=6 desc=2325 img=hi [cached]
[cache] RJ266492
[enrich] 2035/10500 RJ266492: tags=6 desc=1721 img=hi [cached]
[cache] RJ435138
[enrich] 2036/10500 RJ435138: tags=6 desc=4485 img=hi [cached]
[cache] RJ189197
[enrich] 2037/10500 RJ189197: tags=6 desc=1612 img=hi [cached]
[cache] RJ01015789
[enrich] 2038/10500 RJ01015789: tags=6 desc=902 img=hi [cached]
[cache] RJ278635
[enrich] 2039/10500 RJ278635: tags=6 desc=4491 img=hi [cached]
[cache] RJ415194
[enrich] 2040/10500 RJ415194: tags=6 desc=1670 img=hi [cached]
[cache] RJ256877
[enrich] 2041/10500 RJ256877: tags=6 desc=423 img=hi [cached]
[cache] RJ374986
[enrich] 2042/10500 RJ374986: tags=6 desc=1419 img=hi [cached]
[cache] RJ355025
[enrich] 2043/10500 RJ355025: tags=6 desc=4500 img=hi [cached]
[cache] RJ328016
[enrich] 2044/10500 RJ328016: tags=6 desc=4266 img=hi [cached]
[cache] RJ331318
[enrich] 2045/10500 RJ331318: tags=6 desc=498 img=hi [cached]
[cache] RJ334212
[enrich] 2046/10500 RJ334212: tags=6 desc=3269 img=hi [cached]
[cache] RJ01160073
[enrich] 2047/10500 RJ01160073: tags=6 desc=1738 img=hi [cached]
[cache] RJ094817
[enrich] 2048/10500 RJ094817: tags=6 desc=824 img=hi [cached]
[cache] RJ01214501
[enrich] 2049/10500 RJ01214501: tags=6 desc=510 img=hi [cached]
[cache] RJ01338029
[enrich] 2050/10500 RJ01338029: tags=6 desc=1907 img=hi [cached]
[save] partial 2050/10500: 10500 works → /workspace/dlsite-promo-site/data/works.json
[cache] RJ269538
[enrich] 2051/10500 RJ269538: tags=6 desc=480 img=hi [cached]
[cache] RJ343101
[enrich] 2052/10500 RJ343101: tags=6 desc=2018 img=hi [cached]
[cache] RJ269461
[enrich] 2053/10500 RJ269461: tags=6 desc=1863 img=hi [cached]
[cache] RJ01218891
[enrich] 2054/10500 RJ01218891: tags=5 desc=1181 img=hi [cached]
[cache] RJ431703
[enrich] 2055/10500 RJ431703: tags=6 desc=1836 img=hi [cached]
[cache] RJ319767
[enrich] 2056/10500 RJ319767: tags=6 desc=2915 img=hi [cached]
[cache] RJ351727
[enrich] 2057/10500 RJ351727: tags=6 desc=318 img=hi [cached]
[cache] RJ01233326
[enrich] 2058/10500 RJ01233326: tags=6 desc=1259 img=hi [cached]
[cache] RJ01018005
[enrich] 2059/10500 RJ01018005: tags=6 desc=1097 img=hi [cached]
[cache] RJ01217915
[enrich] 2060/10500 RJ01217915: tags=6 desc=1746 img=hi [cached]
[cache] RJ01140961
[enrich] 2061/10500 RJ01140961: tags=6 desc=2460 img=hi [cached]
[cache] RJ410655
[enrich] 2062/10500 RJ410655: tags=1 desc=743 img=hi [cached]
[cache] RJ01048726
[enrich] 2063/10500 RJ01048726: tags=6 desc=847 img=hi [cached]
[cache] RJ272384
[enrich] 2064/10500 RJ272384: tags=6 desc=1121 img=hi [cached]
[cache] RJ01099466
[enrich] 2065/10500 RJ01099466: tags=6 desc=1529 img=hi [cached]
[cache] RJ01006046
[enrich] 2066/10500 RJ01006046: tags=6 desc=2065 img=hi [cached]
[cache] RJ215569
[enrich] 2067/10500 RJ215569: tags=6 desc=1433 img=hi [cached]
[cache] RJ302606
[enrich] 2068/10500 RJ302606: tags=6 desc=1438 img=hi [cached]
[cache] RJ01132467
[enrich] 2069/10500 RJ01132467: tags=6 desc=2019 img=hi [cached]
[cache] RJ01141146
[enrich] 2070/10500 RJ01141146: tags=6 desc=739 img=hi [cached]
[cache] RJ01021775
[enrich] 2071/10500 RJ01021775: tags=6 desc=2991 img=hi [cached]
[cache] RJ343158
[enrich] 2072/10500 RJ343158: tags=6 desc=2083 img=hi [cached]
[cache] RJ180752
[enrich] 2073/10500 RJ180752: tags=6 desc=1270 img=hi [cached]
[cache] RJ01148056
[enrich] 2074/10500 RJ01148056: tags=6 desc=2282 img=hi [cached]
[cache] RJ405995
[enrich] 2075/10500 RJ405995: tags=6 desc=1730 img=hi [cached]
[save] partial 2075/10500: 10500 works → /workspace/dlsite-promo-site/data/works.json
[cache] RJ01056226
[enrich] 2076/10500 RJ01056226: tags=6 desc=1051 img=hi [cached]
[cache] RJ01078045
[enrich] 2077/10500 RJ01078045: tags=6 desc=1735 img=hi [cached]
[cache] RJ282759
[enrich] 2078/10500 RJ282759: tags=6 desc=292 img=hi [cached]
[cache] RJ430982
[enrich] 2079/10500 RJ430982: tags=6 desc=1234 img=hi [cached]
[cache] RJ282134
[enrich] 2080/10500 RJ282134: tags=6 desc=924 img=hi [cached]
[cache] RJ01058871
[enrich] 2081/10500 RJ01058871: tags=5 desc=464 img=hi [cached]
[cache] RJ01213980
[enrich] 2082/10500 RJ01213980: tags=6 desc=2584 img=hi [cached]
[cache] RJ01420918
[enrich] 2083/10500 RJ01420918: tags=6 desc=2221 img=hi [cached]
[cache] RJ270580
[enrich] 2084/10500 RJ270580: tags=6 desc=2858 img=hi [cached]
[cache] RJ378488
[enrich] 2085/10500 RJ378488: tags=6 desc=1036 img=hi [cached]
[cache] RJ157644
[enrich] 2086/10500 RJ157644: tags=6 desc=1054 img=hi [cached]
[cache] RJ342531
[enrich] 2087/10500 RJ342531: tags=6 desc=1580 img=hi [cached]
[cache] RJ309382
[enrich] 2088/10500 RJ309382: tags=6 desc=631 img=hi [cached]
[cache] RJ01019485
[enrich] 2089/10500 RJ01019485: tags=6 desc=1248 img=hi [cached]
[cache] RJ281302
[enrich] 2090/10500 RJ281302: tags=6 desc=3743 img=hi [cached]
[cache] RJ113561
[enrich] 2091/10500 RJ113561: tags=4 desc=718 img=hi [cached]
[cache] RJ297725
[enrich] 2092/10500 RJ297725: tags=6 desc=1780 img=hi [cached]
[cache] RJ203898
[enrich] 2093/10500 RJ203898: tags=5 desc=1386 img=hi [cached]
[cache] RJ272263
[enrich] 2094/10500 RJ272263: tags=6 desc=1997 img=hi [cached]
[cache] RJ01052892
[enrich] 2095/10500 RJ01052892: tags=6 desc=2128 img=hi [cached]
[cache] RJ263773
[enrich] 2096/10500 RJ263773: tags=6 desc=2025 img=hi [cached]
[cache] RJ01060148
[enrich] 2097/10500 RJ01060148: tags=6 desc=1898 img=hi [cached]
[cache] RJ328176
[enrich] 2098/10500 RJ328176: tags=6 desc=1206 img=hi [cached]
[cache] RJ01316777
[enrich] 2099/10500 RJ01316777: tags=6 desc=2702 img=hi [cached]
[cache] RJ01168990
[enrich] 2100/10500 RJ01168990: tags=6 desc=2717 img=hi [cached]
[save] partial 2100/10500: 10500 works → /workspace/dlsite-promo-site/data/works.json
[cache] RJ391476
[enrich] 2101/10500 RJ391476: tags=6 desc=4493 img=hi [cached]
[cache] RJ198067
[enrich] 2102/10500 RJ198067: tags=5 desc=1735 img=hi [cached]
[cache] RJ282001
[enrich] 2103/10500 RJ282001: tags=6 desc=2795 img=hi [cached]
[cache] RJ190932
[enrich] 2104/10500 RJ190932: tags=6 desc=1792 img=hi [cached]
[cache] RJ367944
[enrich] 2105/10500 RJ367944: tags=6 desc=721 img=hi [cached]
[cache] RJ274356
[enrich] 2106/10500 RJ274356: tags=6 desc=2631 img=hi [cached]
[cache] RJ293496
[enrich] 2107/10500 RJ293496: tags=6 desc=57 img=hi [cached]
[cache] RJ156568
[enrich] 2108/10500 RJ156568: tags=4 desc=1193 img=hi [cached]
[cache] RJ01164204
[enrich] 2109/10500 RJ01164204: tags=6 desc=200 img=hi [cached]
[cache] RJ087520
[enrich] 2110/10500 RJ087520: tags=6 desc=773 img=hi [cached]
[cache] RJ343349
[enrich] 2111/10500 RJ343349: tags=6 desc=806 img=hi [cached]
[cache] RJ344418
[enrich] 2112/10500 RJ344418: tags=6 desc=3267 img=hi [cached]
[cache] RJ241993
[enrich] 2113/10500 RJ241993: tags=6 desc=1159 img=hi [cached]
[cache] RJ138742
[enrich] 2114/10500 RJ138742: tags=5 desc=123 img=hi [cached]
[cache] RJ01129599
[enrich] 2115/10500 RJ01129599: tags=6 desc=526 img=hi [cached]
[cache] RJ163833
[enrich] 2116/10500 RJ163833: tags=6 desc=2183 img=hi [cached]
[cache] RJ406338
[enrich] 2117/10500 RJ406338: tags=6 desc=601 img=hi [cached]
[cache] RJ334677
[enrich] 2118/10500 RJ334677: tags=6 desc=3800 img=hi [cached]
[cache] RJ01351531
[enrich] 2119/10500 RJ01351531: tags=6 desc=630 img=hi [cached]
[cache] RJ195774
[enrich] 2120/10500 RJ195774: tags=6 desc=2098 img=hi [cached]
[cache] RJ01031132
[enrich] 2121/10500 RJ01031132: tags=6 desc=1641 img=hi [cached]
[cache] RJ331945
[enrich] 2122/10500 RJ331945: tags=6 desc=556 img=hi [cached]
[cache] RJ272137
[enrich] 2123/10500 RJ272137: tags=6 desc=911 img=hi [cached]
[enrich] 2124/10500 RJ01041697: tags=0 desc=8 img=hi
[cache] RJ204823
[enrich] 2125/10500 RJ204823: tags=6 desc=1415 img=hi [cached]
[save] partial 2125/10500: 10500 works → /workspace/dlsite-promo-site/data/works.json
[cache] RJ309822
[enrich] 2126/10500 RJ309822: tags=6 desc=747 img=hi [cached]
[cache] RJ01446405
[enrich] 2127/10500 RJ01446405: tags=6 desc=475 img=hi [cached]
[cache] RJ250686
[enrich] 2128/10500 RJ250686: tags=6 desc=1025 img=hi [cached]
[cache] RJ230551
[enrich] 2129/10500 RJ230551: tags=5 desc=406 img=hi [cached]
[cache] RJ419237
[enrich] 2130/10500 RJ419237: tags=6 desc=1875 img=hi [cached]
[cache] RJ245378
[enrich] 2131/10500 RJ245378: tags=5 desc=1023 img=hi [cached]
[cache] RJ01391107
[enrich] 2132/10500 RJ01391107: tags=6 desc=1695 img=hi [cached]
[cache] RJ214446
[enrich] 2133/10500 RJ214446: tags=6 desc=710 img=hi [cached]
[cache] RJ01162013
[enrich] 2134/10500 RJ01162013: tags=6 desc=758 img=hi [cached]
[cache] RJ304877
[enrich] 2135/10500 RJ304877: tags=6 desc=712 img=hi [cached]
[cache] RJ203687
[enrich] 2136/10500 RJ203687: tags=6 desc=719 img=hi [cached]
[cache] RJ01483219
[enrich] 2137/10500 RJ01483219: tags=6 desc=3418 img=hi [cached]
[cache] RJ219681
[enrich] 2138/10500 RJ219681: tags=6 desc=1279 img=hi [cached]
[cache] RJ331946
[enrich] 2139/10500 RJ331946: tags=6 desc=557 img=hi [cached]
[cache] RJ341567
[enrich] 2140/10500 RJ341567: tags=6 desc=1231 img=hi [cached]
[cache] RJ247298
[enrich] 2141/10500 RJ247298: tags=6 desc=2786 img=hi [cached]
[cache] RJ223394
[enrich] 2142/10500 RJ223394: tags=6 desc=1319 img=hi [cached]
[cache] RJ419055
[enrich] 2143/10500 RJ419055: tags=6 desc=2134 img=hi [cached]
[cache] RJ328341
[enrich] 2144/10500 RJ328341: tags=4 desc=1743 img=hi [cached]
[cache] RJ147837
[enrich] 2145/10500 RJ147837: tags=6 desc=3633 img=hi [cached]
[cache] RJ415409
[enrich] 2146/10500 RJ415409: tags=6 desc=691 img=hi [cached]
[cache] RJ224571
[enrich] 2147/10500 RJ224571: tags=6 desc=1845 img=hi [cached]
[cache] RJ01195284
[enrich] 2148/10500 RJ01195284: tags=6 desc=814 img=hi [cached]
[cache] RJ01355493
[enrich] 2149/10500 RJ01355493: tags=6 desc=377 img=hi [cached]
[cache] RJ406267
[enrich] 2150/10500 RJ406267: tags=6 desc=1020 img=hi [cached]
[save] partial 2150/10500: 10500 works → /workspace/dlsite-promo-site/data/works.json
[cache] RJ279780
[enrich] 2151/10500 RJ279780: tags=6 desc=565 img=hi [cached]
[cache] RJ272147
[enrich] 2152/10500 RJ272147: tags=6 desc=1306 img=hi [cached]
[cache] RJ124868
[enrich] 2153/10500 RJ124868: tags=4 desc=1248 img=hi [cached]
[cache] RJ237469
[enrich] 2154/10500 RJ237469: tags=6 desc=1184 img=hi [cached]
[cache] RJ226905
[enrich] 2155/10500 RJ226905: tags=6 desc=1988 img=hi [cached]
[cache] RJ368035
[enrich] 2156/10500 RJ368035: tags=6 desc=601 img=hi [cached]
[cache] RJ01032161
[enrich] 2157/10500 RJ01032161: tags=6 desc=957 img=hi [cached]
[cache] RJ222920
[enrich] 2158/10500 RJ222920: tags=6 desc=1244 img=hi [cached]
[cache] RJ233656
[enrich] 2159/10500 RJ233656: tags=6 desc=188 img=hi [cached]
[cache] RJ01006188
[enrich] 2160/10500 RJ01006188: tags=6 desc=629 img=hi [cached]
[cache] RJ01049120
[enrich] 2161/10500 RJ01049120: tags=6 desc=2414 img=hi [cached]
[cache] RJ379257
[enrich] 2162/10500 RJ379257: tags=6 desc=4497 img=hi [cached]
[cache] RJ01527035
[enrich] 2163/10500 RJ01527035: tags=6 desc=453 img=hi [cached]
[cache] RJ181931
[enrich] 2164/10500 RJ181931: tags=6 desc=692 img=hi [cached]
[cache] RJ223237
[enrich] 2165/10500 RJ223237: tags=6 desc=1472 img=hi [cached]
[cache] RJ01062825
[enrich] 2166/10500 RJ01062825: tags=6 desc=1921 img=hi [cached]
[cache] RJ370798
[enrich] 2167/10500 RJ370798: tags=6 desc=141 img=hi [cached]
[cache] RJ370047
[enrich] 2168/10500 RJ370047: tags=6 desc=376 img=hi [cached]
[cache] RJ202932
[enrich] 2169/10500 RJ202932: tags=6 desc=375 img=hi [cached]
[cache] RJ315209
[enrich] 2170/10500 RJ315209: tags=6 desc=829 img=hi [cached]
[cache] RJ238414
[enrich] 2171/10500 RJ238414: tags=6 desc=425 img=hi [cached]
[cache] RJ263741
[enrich] 2172/10500 RJ263741: tags=6 desc=211 img=hi [cached]
[cache] RJ244244
[enrich] 2173/10500 RJ244244: tags=6 desc=88 img=hi [cached]
[cache] RJ263223
[enrich] 2174/10500 RJ263223: tags=6 desc=127 img=hi [cached]
[cache] RJ01075280
[enrich] 2175/10500 RJ01075280: tags=6 desc=562 img=hi [cached]
[save] partial 2175/10500: 10500 works → /workspace/dlsite-promo-site/data/works.json
[cache] RJ438947
[enrich] 2176/10500 RJ438947: tags=6 desc=77 img=hi [cached]
[cache] RJ238871
[enrich] 2177/10500 RJ238871: tags=6 desc=75 img=hi [cached]
[cache] RJ01191787
[enrich] 2178/10500 RJ01191787: tags=6 desc=141 img=hi [cached]
[cache] RJ406560
[enrich] 2179/10500 RJ406560: tags=0 desc=200 img=hi [cached]
[cache] RJ01102036
[enrich] 2180/10500 RJ01102036: tags=6 desc=238 img=hi [cached]
[cache] RJ01081235
[enrich] 2181/10500 RJ01081235: tags=6 desc=242 img=hi [cached]
[cache] RJ01106763
[enrich] 2182/10500 RJ01106763: tags=6 desc=130 img=hi [cached]
[cache] RJ258045
[enrich] 2183/10500 RJ258045: tags=6 desc=697 img=hi [cached]
[cache] RJ01172502
[enrich] 2184/10500 RJ01172502: tags=0 desc=123 img=hi [cached]
[cache] RJ132262
[enrich] 2185/10500 RJ132262: tags=3 desc=94 img=hi [cached]
[cache] RJ243457
[enrich] 2186/10500 RJ243457: tags=5 desc=161 img=hi [cached]
[cache] RJ01262095
[enrich] 2187/10500 RJ01262095: tags=6 desc=205 img=hi [cached]
[cache] RJ01331011
[enrich] 2188/10500 RJ01331011: tags=6 desc=638 img=hi [cached]
[cache] RJ404390
[enrich] 2189/10500 RJ404390: tags=6 desc=503 img=hi [cached]
[cache] RJ230272
[enrich] 2190/10500 RJ230272: tags=6 desc=392 img=hi [cached]
[cache] RJ01394873
[enrich] 2191/10500 RJ01394873: tags=6 desc=315 img=hi [cached]
[cache] RJ01268271
[enrich] 2192/10500 RJ01268271: tags=6 desc=299 img=hi [cached]
[cache] RJ274551
[enrich] 2193/10500 RJ274551: tags=6 desc=344 img=hi [cached]
[cache] RJ01146114
[enrich] 2194/10500 RJ01146114: tags=6 desc=255 img=hi [cached]
[cache] RJ335228
[enrich] 2195/10500 RJ335228: tags=6 desc=506 img=hi [cached]
[cache] RJ329987
[enrich] 2196/10500 RJ329987: tags=6 desc=213 img=hi [cached]
[cache] RJ01309799
[enrich] 2197/10500 RJ01309799: tags=6 desc=451 img=hi [cached]
[cache] RJ325503
[enrich] 2198/10500 RJ325503: tags=6 desc=407 img=hi [cached]
[cache] RJ195876
[enrich] 2199/10500 RJ195876: tags=6 desc=627 img=hi [cached]
[cache] RJ415474
[enrich] 2200/10500 RJ415474: tags=5 desc=97 img=hi [cached]
[save] partial 2200/10500: 10500 works → /workspace/dlsite-promo-site/data/works.json
[cache] RJ300617
[enrich] 2201/10500 RJ300617: tags=6 desc=375 img=hi [cached]
[cache] RJ417751
[enrich] 2202/10500 RJ417751: tags=6 desc=245 img=hi [cached]
[cache] RJ01299100
[enrich] 2203/10500 RJ01299100: tags=6 desc=207 img=hi [cached]
[cache] RJ263806
[enrich] 2204/10500 RJ263806: tags=1 desc=254 img=hi [cached]
[cache] RJ273000
[enrich] 2205/10500 RJ273000: tags=6 desc=995 img=hi [cached]
[cache] RJ165659
[enrich] 2206/10500 RJ165659: tags=6 desc=1068 img=hi [cached]
[cache] RJ380450
[enrich] 2207/10500 RJ380450: tags=6 desc=739 img=hi [cached]
[cache] RJ326939
[enrich] 2208/10500 RJ326939: tags=6 desc=1217 img=hi [cached]
[cache] RJ253732
[enrich] 2209/10500 RJ253732: tags=6 desc=1419 img=hi [cached]
[cache] RJ142825
[enrich] 2210/10500 RJ142825: tags=5 desc=1042 img=hi [cached]
[cache] RJ249820
[enrich] 2211/10500 RJ249820: tags=6 desc=1294 img=hi [cached]
[cache] RJ236913
[enrich] 2212/10500 RJ236913: tags=6 desc=775 img=hi [cached]
[cache] RJ408810
[enrich] 2213/10500 RJ408810: tags=6 desc=2906 img=hi [cached]
[cache] RJ293429
[enrich] 2214/10500 RJ293429: tags=6 desc=744 img=hi [cached]
[cache] RJ150479
[enrich] 2215/10500 RJ150479: tags=6 desc=861 img=hi [cached]
[cache] RJ138193
[enrich] 2216/10500 RJ138193: tags=6 desc=2901 img=hi [cached]
[cache] RJ187670
[enrich] 2217/10500 RJ187670: tags=6 desc=1579 img=hi [cached]
[cache] RJ353002
[enrich] 2218/10500 RJ353002: tags=6 desc=1269 img=hi [cached]
[cache] RJ435322
[enrich] 2219/10500 RJ435322: tags=6 desc=1319 img=hi [cached]
[cache] RJ287373
[enrich] 2220/10500 RJ287373: tags=6 desc=889 img=hi [cached]
[cache] RJ221304
[enrich] 2221/10500 RJ221304: tags=6 desc=1969 img=hi [cached]
[cache] RJ213313
[enrich] 2222/10500 RJ213313: tags=6 desc=1556 img=hi [cached]
[cache] RJ01159272
[enrich] 2223/10500 RJ01159272: tags=6 desc=1970 img=hi [cached]
[cache] RJ339137
[enrich] 2224/10500 RJ339137: tags=6 desc=1258 img=hi [cached]
[cache] RJ294780
[enrich] 2225/10500 RJ294780: tags=6 desc=673 img=hi [cached]
[save] partial 2225/10500: 10500 works → /workspace/dlsite-promo-site/data/works.json
[cache] RJ203431
[enrich] 2226/10500 RJ203431: tags=6 desc=895 img=hi [cached]
[cache] RJ392306
[enrich] 2227/10500 RJ392306: tags=6 desc=1178 img=hi [cached]
[cache] RJ01140283
[enrich] 2228/10500 RJ01140283: tags=6 desc=887 img=hi [cached]
[cache] RJ196616
[enrich] 2229/10500 RJ196616: tags=6 desc=625 img=hi [cached]
[cache] RJ01045491
[enrich] 2230/10500 RJ01045491: tags=4 desc=1706 img=hi [cached]
[cache] RJ240457
[enrich] 2231/10500 RJ240457: tags=6 desc=1424 img=hi [cached]
[cache] RJ306266
[enrich] 2232/10500 RJ306266: tags=6 desc=2914 img=hi [cached]
[cache] RJ177899
[enrich] 2233/10500 RJ177899: tags=6 desc=1310 img=hi [cached]
[cache] RJ280540
[enrich] 2234/10500 RJ280540: tags=6 desc=2253 img=hi [cached]
[cache] RJ210220
[enrich] 2235/10500 RJ210220: tags=6 desc=1068 img=hi [cached]
[cache] RJ326502
[enrich] 2236/10500 RJ326502: tags=6 desc=200 img=hi [cached]
[cache] RJ115762
[enrich] 2237/10500 RJ115762: tags=6 desc=2063 img=hi [cached]
[cache] RJ166249
[enrich] 2238/10500 RJ166249: tags=6 desc=1723 img=hi [cached]
[cache] RJ311454
[enrich] 2239/10500 RJ311454: tags=5 desc=1077 img=hi [cached]
[cache] RJ269025
[enrich] 2240/10500 RJ269025: tags=6 desc=1017 img=hi [cached]
[cache] RJ174492
[enrich] 2241/10500 RJ174492: tags=6 desc=1465 img=hi [cached]
[cache] RJ290576
[enrich] 2242/10500 RJ290576: tags=6 desc=793 img=hi [cached]
[cache] RJ297816
[enrich] 2243/10500 RJ297816: tags=6 desc=1830 img=hi [cached]
[cache] RJ132981
[enrich] 2244/10500 RJ132981: tags=6 desc=2029 img=hi [cached]
[cache] RJ01325238
[enrich] 2245/10500 RJ01325238: tags=6 desc=702 img=hi [cached]
[cache] RJ153143
[enrich] 2246/10500 RJ153143: tags=6 desc=1672 img=hi [cached]
[cache] RJ079747
[enrich] 2247/10500 RJ079747: tags=6 desc=1108 img=hi [cached]
[cache] RJ01407125
[enrich] 2248/10500 RJ01407125: tags=6 desc=308 img=hi [cached]
[cache] RJ251850
[enrich] 2249/10500 RJ251850: tags=6 desc=1317 img=hi [cached]
[cache] RJ334954
[enrich] 2250/10500 RJ334954: tags=6 desc=413 img=hi [cached]
[save] partial 2250/10500: 10500 works → /workspace/dlsite-promo-site/data/works.json
[cache] RJ102533
[enrich] 2251/10500 RJ102533: tags=3 desc=579 img=hi [cached]
[cache] RJ01531293
[enrich] 2252/10500 RJ01531293: tags=4 desc=368 img=hi [cached]
[cache] RJ324880
[enrich] 2253/10500 RJ324880: tags=6 desc=1115 img=hi [cached]
[cache] RJ175005
[enrich] 2254/10500 RJ175005: tags=6 desc=1966 img=hi [cached]
[cache] RJ048661
[enrich] 2255/10500 RJ048661: tags=6 desc=776 img=hi [cached]
[cache] RJ01302746
[enrich] 2256/10500 RJ01302746: tags=6 desc=2494 img=hi [cached]
[cache] RJ061468
[enrich] 2257/10500 RJ061468: tags=6 desc=1243 img=hi [cached]
[cache] RJ212553
[enrich] 2258/10500 RJ212553: tags=6 desc=845 img=hi [cached]
[cache] RJ046815
[enrich] 2259/10500 RJ046815: tags=6 desc=1462 img=hi [cached]
[cache] RJ258146
[enrich] 2260/10500 RJ258146: tags=6 desc=308 img=hi [cached]
[cache] RJ133220
[enrich] 2261/10500 RJ133220: tags=6 desc=761 img=hi [cached]
[cache] RJ281893
[enrich] 2262/10500 RJ281893: tags=6 desc=854 img=hi [cached]
[cache] RJ164037
[enrich] 2263/10500 RJ164037: tags=6 desc=791 img=hi [cached]
[cache] RJ086461
[enrich] 2264/10500 RJ086461: tags=6 desc=792 img=hi [cached]
[cache] RJ270157
[enrich] 2265/10500 RJ270157: tags=6 desc=644 img=hi [cached]
[cache] RJ01399875
[enrich] 2266/10500 RJ01399875: tags=6 desc=606 img=hi [cached]
[cache] RJ398173
[enrich] 2267/10500 RJ398173: tags=6 desc=1516 img=hi [cached]
[cache] RJ064478
[enrich] 2268/10500 RJ064478: tags=5 desc=2477 img=hi [cached]
[cache] RJ01236167
[enrich] 2269/10500 RJ01236167: tags=6 desc=572 img=hi [cached]
[cache] RJ288182
[enrich] 2270/10500 RJ288182: tags=6 desc=892 img=hi [cached]
[cache] RJ186032
[enrich] 2271/10500 RJ186032: tags=6 desc=1264 img=hi [cached]
[cache] RJ043916
[enrich] 2272/10500 RJ043916: tags=6 desc=874 img=hi [cached]
[cache] RJ269883
[enrich] 2273/10500 RJ269883: tags=6 desc=935 img=hi [cached]
[cache] RJ01195726
[enrich] 2274/10500 RJ01195726: tags=6 desc=2928 img=hi [cached]
[cache] RJ233889
[enrich] 2275/10500 RJ233889: tags=6 desc=1126 img=hi [cached]
[save] partial 2275/10500: 10500 works → /workspace/dlsite-promo-site/data/works.json
[cache] RJ128994
[enrich] 2276/10500 RJ128994: tags=6 desc=519 img=hi [cached]
[cache] RJ189578
[enrich] 2277/10500 RJ189578: tags=6 desc=423 img=hi [cached]
[cache] RJ040811
[enrich] 2278/10500 RJ040811: tags=5 desc=277 img=hi [cached]
[cache] RJ01093769
[enrich] 2279/10500 RJ01093769: tags=6 desc=3180 img=hi [cached]
[cache] RJ144239
[enrich] 2280/10500 RJ144239: tags=6 desc=367 img=hi [cached]
[cache] RJ188985
[enrich] 2281/10500 RJ188985: tags=5 desc=2050 img=hi [cached]
[cache] RJ204938
[enrich] 2282/10500 RJ204938: tags=6 desc=2707 img=hi [cached]
[cache] RJ251926
[enrich] 2283/10500 RJ251926: tags=6 desc=547 img=hi [cached]
[cache] RJ231265
[enrich] 2284/10500 RJ231265: tags=6 desc=480 img=hi [cached]
[cache] RJ266019
[enrich] 2285/10500 RJ266019: tags=6 desc=299 img=hi [cached]
[cache] RJ033572
[enrich] 2286/10500 RJ033572: tags=6 desc=1361 img=hi [cached]
[cache] RJ198010
[enrich] 2287/10500 RJ198010: tags=6 desc=1544 img=hi [cached]
[cache] RJ01191850
[enrich] 2288/10500 RJ01191850: tags=6 desc=389 img=hi [cached]
[cache] RJ021548
[enrich] 2289/10500 RJ021548: tags=6 desc=488 img=hi [cached]
[cache] RJ245808
[enrich] 2290/10500 RJ245808: tags=6 desc=1620 img=hi [cached]
[cache] RJ041947
[enrich] 2291/10500 RJ041947: tags=6 desc=672 img=hi [cached]
[cache] RJ109012
[enrich] 2292/10500 RJ109012: tags=6 desc=2121 img=hi [cached]
[cache] RJ309761
[enrich] 2293/10500 RJ309761: tags=6 desc=715 img=hi [cached]
[cache] RJ302317
[enrich] 2294/10500 RJ302317: tags=5 desc=736 img=hi [cached]
[cache] RJ065623
[enrich] 2295/10500 RJ065623: tags=6 desc=855 img=hi [cached]
[cache] RJ053176
[enrich] 2296/10500 RJ053176: tags=6 desc=1071 img=hi [cached]
[cache] RJ126776
[enrich] 2297/10500 RJ126776: tags=6 desc=1986 img=hi [cached]
[cache] RJ221783
[enrich] 2298/10500 RJ221783: tags=6 desc=1231 img=hi [cached]
[enrich] 2299/10500 RJ01008809: tags=0 desc=8 img=hi
[cache] RJ172013
[enrich] 2300/10500 RJ172013: tags=2 desc=282 img=hi [cached]
[save] partial 2300/10500: 10500 works → /workspace/dlsite-promo-site/data/works.json
[cache] RJ299836
[enrich] 2301/10500 RJ299836: tags=6 desc=521 img=hi [cached]
[cache] RJ272990
[enrich] 2302/10500 RJ272990: tags=6 desc=1444 img=hi [cached]
[cache] RJ022698
[enrich] 2303/10500 RJ022698: tags=6 desc=1130 img=hi [cached]
[cache] RJ016249
[enrich] 2304/10500 RJ016249: tags=3 desc=476 img=hi [cached]
[cache] RJ061516
[enrich] 2305/10500 RJ061516: tags=6 desc=1251 img=hi [cached]
[cache] RJ018826
[enrich] 2306/10500 RJ018826: tags=6 desc=1040 img=hi [cached]
[cache] RJ164595
[enrich] 2307/10500 RJ164595: tags=6 desc=1208 img=hi [cached]
[cache] RJ266437
[enrich] 2308/10500 RJ266437: tags=6 desc=490 img=hi [cached]
[cache] RJ218302
[enrich] 2309/10500 RJ218302: tags=6 desc=664 img=hi [cached]
[cache] RJ01259073
[enrich] 2310/10500 RJ01259073: tags=6 desc=1371 img=hi [cached]
[cache] RJ01297885
[enrich] 2311/10500 RJ01297885: tags=6 desc=1913 img=hi [cached]
[cache] RJ247829
[enrich] 2312/10500 RJ247829: tags=6 desc=391 img=hi [cached]
[cache] RJ01337072
[enrich] 2313/10500 RJ01337072: tags=6 desc=1491 img=hi [cached]
[cache] RJ281699
[enrich] 2314/10500 RJ281699: tags=6 desc=474 img=hi [cached]
[cache] RJ200363
[enrich] 2315/10500 RJ200363: tags=6 desc=228 img=hi [cached]
[cache] RJ265230
[enrich] 2316/10500 RJ265230: tags=6 desc=431 img=hi [cached]
[cache] RJ281046
[enrich] 2317/10500 RJ281046: tags=6 desc=578 img=hi [cached]
[cache] RJ242992
[enrich] 2318/10500 RJ242992: tags=6 desc=385 img=hi [cached]
[cache] RJ177594
[enrich] 2319/10500 RJ177594: tags=5 desc=276 img=hi [cached]
[cache] RJ205445
[enrich] 2320/10500 RJ205445: tags=6 desc=476 img=hi [cached]
[cache] RJ151485
[enrich] 2321/10500 RJ151485: tags=6 desc=543 img=hi [cached]
[cache] RJ328628
[enrich] 2322/10500 RJ328628: tags=6 desc=509 img=hi [cached]
[cache] RJ257718
[enrich] 2323/10500 RJ257718: tags=6 desc=750 img=hi [cached]
[cache] RJ060922
[enrich] 2324/10500 RJ060922: tags=5 desc=668 img=hi [cached]
[cache] RJ01330657
[enrich] 2325/10500 RJ01330657: tags=5 desc=122 img=hi [cached]
[save] partial 2325/10500: 10500 works → /workspace/dlsite-promo-site/data/works.json
[cache] RJ344201
[enrich] 2326/10500 RJ344201: tags=6 desc=286 img=hi [cached]
[cache] RJ276488
[enrich] 2327/10500 RJ276488: tags=6 desc=305 img=hi [cached]
[cache] RJ291675
[enrich] 2328/10500 RJ291675: tags=6 desc=253 img=hi [cached]
[cache] RJ171876
[enrich] 2329/10500 RJ171876: tags=6 desc=472 img=hi [cached]
[cache] RJ295717
[enrich] 2330/10500 RJ295717: tags=6 desc=458 img=hi [cached]
[cache] RJ246597
[enrich] 2331/10500 RJ246597: tags=6 desc=285 img=hi [cached]
[cache] RJ311773
[enrich] 2332/10500 RJ311773: tags=6 desc=401 img=hi [cached]
[cache] RJ248065
[enrich] 2333/10500 RJ248065: tags=6 desc=519 img=hi [cached]
[cache] RJ138941
[enrich] 2334/10500 RJ138941: tags=6 desc=735 img=hi [cached]
[cache] RJ266501
[enrich] 2335/10500 RJ266501: tags=6 desc=470 img=hi [cached]
[cache] RJ228289
[enrich] 2336/10500 RJ228289: tags=6 desc=501 img=hi [cached]
[cache] RJ130378
[enrich] 2337/10500 RJ130378: tags=6 desc=245 img=hi [cached]
[cache] RJ265482
[enrich] 2338/10500 RJ265482: tags=6 desc=1523 img=hi [cached]
[cache] RJ385354
[enrich] 2339/10500 RJ385354: tags=6 desc=897 img=hi [cached]
[cache] RJ230417
[enrich] 2340/10500 RJ230417: tags=3 desc=442 img=hi [cached]
[cache] RJ01026176
[enrich] 2341/10500 RJ01026176: tags=0 desc=311 img=hi [cached]
[cache] RJ392159
[enrich] 2342/10500 RJ392159: tags=6 desc=319 img=hi [cached]
[cache] RJ306544
[enrich] 2343/10500 RJ306544: tags=6 desc=393 img=hi [cached]
[cache] RJ302539
[enrich] 2344/10500 RJ302539: tags=0 desc=329 img=hi [cached]
[cache] RJ324158
[enrich] 2345/10500 RJ324158: tags=6 desc=446 img=hi [cached]
[cache] RJ275354
[enrich] 2346/10500 RJ275354: tags=6 desc=90 img=hi [cached]
[cache] RJ244317
[enrich] 2347/10500 RJ244317: tags=5 desc=1186 img=hi [cached]
[cache] RJ01139734
[enrich] 2348/10500 RJ01139734: tags=5 desc=236 img=hi [cached]
[cache] RJ235057
[enrich] 2349/10500 RJ235057: tags=6 desc=1141 img=hi [cached]
[cache] RJ123668
[enrich] 2350/10500 RJ123668: tags=6 desc=384 img=hi [cached]
[save] partial 2350/10500: 10500 works → /workspace/dlsite-promo-site/data/works.json
[cache] RJ372479
[enrich] 2351/10500 RJ372479: tags=6 desc=321 img=hi [cached]
[cache] RJ198406
[enrich] 2352/10500 RJ198406: tags=6 desc=110 img=hi [cached]
[cache] RJ302918
[enrich] 2353/10500 RJ302918: tags=6 desc=1280 img=hi [cached]
[cache] RJ324654
[enrich] 2354/10500 RJ324654: tags=6 desc=232 img=hi [cached]
[cache] RJ042000
[enrich] 2355/10500 RJ042000: tags=6 desc=512 img=hi [cached]
[cache] RJ359064
[enrich] 2356/10500 RJ359064: tags=6 desc=409 img=hi [cached]
[cache] RJ289702
[enrich] 2357/10500 RJ289702: tags=6 desc=468 img=hi [cached]
[cache] RJ304892
[enrich] 2358/10500 RJ304892: tags=6 desc=200 img=hi [cached]
[cache] RJ230256
[enrich] 2359/10500 RJ230256: tags=6 desc=244 img=hi [cached]
[cache] RJ055600
[enrich] 2360/10500 RJ055600: tags=3 desc=354 img=hi [cached]
[cache] RJ274112
[enrich] 2361/10500 RJ274112: tags=5 desc=648 img=hi [cached]
[cache] RJ293035
[enrich] 2362/10500 RJ293035: tags=6 desc=439 img=hi [cached]
[cache] RJ435304
[enrich] 2363/10500 RJ435304: tags=6 desc=282 img=hi [cached]
[cache] RJ302186
[enrich] 2364/10500 RJ302186: tags=6 desc=753 img=hi [cached]
[cache] RJ305520
[enrich] 2365/10500 RJ305520: tags=5 desc=331 img=hi [cached]
[cache] RJ298168
[enrich] 2366/10500 RJ298168: tags=6 desc=611 img=hi [cached]
[cache] RJ161871
[enrich] 2367/10500 RJ161871: tags=6 desc=914 img=hi [cached]
[cache] RJ213124
[enrich] 2368/10500 RJ213124: tags=6 desc=554 img=hi [cached]
[cache] RJ165462
[enrich] 2369/10500 RJ165462: tags=6 desc=781 img=hi [cached]
[cache] RJ297918
[enrich] 2370/10500 RJ297918: tags=6 desc=257 img=hi [cached]
[cache] RJ197654
[enrich] 2371/10500 RJ197654: tags=6 desc=708 img=hi [cached]
[cache] RJ01008133
[enrich] 2372/10500 RJ01008133: tags=6 desc=448 img=hi [cached]
[cache] RJ01081738
[enrich] 2373/10500 RJ01081738: tags=6 desc=890 img=hi [cached]
[cache] RJ343044
[enrich] 2374/10500 RJ343044: tags=6 desc=1218 img=hi [cached]
[cache] RJ272271
[enrich] 2375/10500 RJ272271: tags=6 desc=355 img=hi [cached]
[save] partial 2375/10500: 10500 works → /workspace/dlsite-promo-site/data/works.json
[cache] RJ317472
[enrich] 2376/10500 RJ317472: tags=6 desc=872 img=hi [cached]
[cache] RJ170871
[enrich] 2377/10500 RJ170871: tags=5 desc=1602 img=hi [cached]
[cache] RJ116473
[enrich] 2378/10500 RJ116473: tags=6 desc=281 img=hi [cached]
[cache] RJ265864
[enrich] 2379/10500 RJ265864: tags=6 desc=728 img=hi [cached]
[cache] RJ269906
[enrich] 2380/10500 RJ269906: tags=6 desc=546 img=hi [cached]
[cache] RJ093060
[enrich] 2381/10500 RJ093060: tags=6 desc=402 img=hi [cached]
[cache] RJ366249
[enrich] 2382/10500 RJ366249: tags=6 desc=420 img=hi [cached]
[cache] RJ116033
[enrich] 2383/10500 RJ116033: tags=6 desc=861 img=hi [cached]
[cache] RJ314152
[enrich] 2384/10500 RJ314152: tags=6 desc=277 img=hi [cached]
[cache] RJ248823
[enrich] 2385/10500 RJ248823: tags=6 desc=171 img=hi [cached]
[cache] RJ081463
[enrich] 2386/10500 RJ081463: tags=1 desc=349 img=hi [cached]
[cache] RJ342848
[enrich] 2387/10500 RJ342848: tags=6 desc=296 img=hi [cached]
[cache] RJ100732
[enrich] 2388/10500 RJ100732: tags=5 desc=152 img=hi [cached]
[cache] RJ296894
[enrich] 2389/10500 RJ296894: tags=6 desc=2038 img=hi [cached]
[cache] RJ357186
[enrich] 2390/10500 RJ357186: tags=6 desc=844 img=hi [cached]
[cache] RJ097930
[enrich] 2391/10500 RJ097930: tags=6 desc=163 img=hi [cached]
[cache] RJ186572
[enrich] 2392/10500 RJ186572: tags=6 desc=339 img=hi [cached]
[cache] RJ127357
[enrich] 2393/10500 RJ127357: tags=6 desc=413 img=hi [cached]
[cache] RJ311448
[enrich] 2394/10500 RJ311448: tags=6 desc=708 img=hi [cached]
[cache] RJ325998
[enrich] 2395/10500 RJ325998: tags=6 desc=402 img=hi [cached]
[cache] RJ221133
[enrich] 2396/10500 RJ221133: tags=6 desc=1330 img=hi [cached]
[cache] RJ046957
[enrich] 2397/10500 RJ046957: tags=4 desc=146 img=hi [cached]
[cache] RJ316988
[enrich] 2398/10500 RJ316988: tags=6 desc=217 img=hi [cached]
[cache] RJ054124
[enrich] 2399/10500 RJ054124: tags=6 desc=521 img=hi [cached]
[cache] RJ093206
[enrich] 2400/10500 RJ093206: tags=6 desc=311 img=hi [cached]
[save] partial 2400/10500: 10500 works → /workspace/dlsite-promo-site/data/works.json
[cache] RJ319596
[enrich] 2401/10500 RJ319596: tags=6 desc=1083 img=hi [cached]
[cache] RJ314069
[enrich] 2402/10500 RJ314069: tags=6 desc=246 img=hi [cached]
[cache] RJ273353
[enrich] 2403/10500 RJ273353: tags=6 desc=189 img=hi [cached]
[cache] RJ279734
[enrich] 2404/10500 RJ279734: tags=6 desc=206 img=hi [cached]
[cache] RJ01161922
[enrich] 2405/10500 RJ01161922: tags=6 desc=3983 img=hi [cached]
[cache] RJ01126806
[enrich] 2406/10500 RJ01126806: tags=6 desc=409 img=hi [cached]
[cache] RJ112720
[enrich] 2407/10500 RJ112720: tags=6 desc=340 img=hi [cached]
[cache] RJ080245
[enrich] 2408/10500 RJ080245: tags=6 desc=390 img=hi [cached]
[cache] RJ01127379
[enrich] 2409/10500 RJ01127379: tags=6 desc=2407 img=hi [cached]
[cache] RJ046603
[enrich] 2410/10500 RJ046603: tags=6 desc=429 img=hi [cached]
[cache] RJ125992
[enrich] 2411/10500 RJ125992: tags=6 desc=1279 img=hi [cached]
[cache] RJ01044529
[enrich] 2412/10500 RJ01044529: tags=6 desc=344 img=hi [cached]
[cache] RJ148495
[enrich] 2413/10500 RJ148495: tags=3 desc=279 img=hi [cached]
[cache] RJ199693
[enrich] 2414/10500 RJ199693: tags=3 desc=1119 img=hi [cached]
[cache] RJ01280169
[enrich] 2415/10500 RJ01280169: tags=6 desc=993 img=hi [cached]
[cache] RJ027500
[enrich] 2416/10500 RJ027500: tags=6 desc=828 img=hi [cached]
[cache] RJ01330749
[enrich] 2417/10500 RJ01330749: tags=6 desc=1096 img=hi [cached]
[cache] RJ232149
[enrich] 2418/10500 RJ232149: tags=6 desc=856 img=hi [cached]
[cache] RJ289775
[enrich] 2419/10500 RJ289775: tags=6 desc=615 img=hi [cached]
[cache] RJ436669
[enrich] 2420/10500 RJ436669: tags=6 desc=283 img=hi [cached]
[cache] RJ01115109
[enrich] 2421/10500 RJ01115109: tags=6 desc=3076 img=hi [cached]
[cache] RJ029047
[enrich] 2422/10500 RJ029047: tags=4 desc=69 img=hi [cached]
[cache] RJ104294
[enrich] 2423/10500 RJ104294: tags=6 desc=599 img=hi [cached]
[cache] RJ162029
[enrich] 2424/10500 RJ162029: tags=6 desc=487 img=hi [cached]
[cache] RJ416681
[enrich] 2425/10500 RJ416681: tags=6 desc=695 img=hi [cached]
[save] partial 2425/10500: 10500 works → /workspace/dlsite-promo-site/data/works.json
[cache] RJ320984
[enrich] 2426/10500 RJ320984: tags=6 desc=587 img=hi [cached]
[cache] RJ01176441
[enrich] 2427/10500 RJ01176441: tags=6 desc=844 img=hi [cached]
[cache] RJ299493
[enrich] 2428/10500 RJ299493: tags=6 desc=270 img=hi [cached]
[cache] RJ037087
[enrich] 2429/10500 RJ037087: tags=6 desc=240 img=hi [cached]
[cache] RJ188004
[enrich] 2430/10500 RJ188004: tags=6 desc=1221 img=hi [cached]
[cache] RJ01399859
[enrich] 2431/10500 RJ01399859: tags=6 desc=604 img=hi [cached]
[cache] RJ324552
[enrich] 2432/10500 RJ324552: tags=6 desc=203 img=hi [cached]
[cache] RJ01128348
[enrich] 2433/10500 RJ01128348: tags=6 desc=944 img=hi [cached]
[cache] RJ417531
[enrich] 2434/10500 RJ417531: tags=6 desc=250 img=hi [cached]
[cache] RJ01200790
[enrich] 2435/10500 RJ01200790: tags=6 desc=781 img=hi [cached]
[cache] RJ249005
[enrich] 2436/10500 RJ249005: tags=6 desc=1808 img=hi [cached]
[cache] RJ043794
[enrich] 2437/10500 RJ043794: tags=6 desc=368 img=hi [cached]
[cache] RJ320992
[enrich] 2438/10500 RJ320992: tags=6 desc=637 img=hi [cached]
[cache] RJ391331
[enrich] 2439/10500 RJ391331: tags=3 desc=1521 img=hi [cached]
[cache] RJ414824
[enrich] 2440/10500 RJ414824: tags=6 desc=676 img=hi [cached]
[cache] RJ114366
[enrich] 2441/10500 RJ114366: tags=5 desc=382 img=hi [cached]
[cache] RJ076908
[enrich] 2442/10500 RJ076908: tags=6 desc=684 img=hi [cached]
[cache] RJ129155
[enrich] 2443/10500 RJ129155: tags=5 desc=356 img=hi [cached]
[cache] RJ126421
[enrich] 2444/10500 RJ126421: tags=6 desc=211 img=hi [cached]
[cache] RJ405819
[enrich] 2445/10500 RJ405819: tags=6 desc=4449 img=hi [cached]
[cache] RJ050653
[enrich] 2446/10500 RJ050653: tags=6 desc=164 img=hi [cached]
[cache] RJ262937
[enrich] 2447/10500 RJ262937: tags=6 desc=2661 img=hi [cached]
[cache] RJ027641
[enrich] 2448/10500 RJ027641: tags=6 desc=323 img=hi [cached]
[cache] RJ190293
[enrich] 2449/10500 RJ190293: tags=6 desc=665 img=hi [cached]
[cache] RJ192468
[enrich] 2450/10500 RJ192468: tags=6 desc=121 img=hi [cached]
[save] partial 2450/10500: 10500 works → /workspace/dlsite-promo-site/data/works.json
[cache] RJ126556
[enrich] 2451/10500 RJ126556: tags=6 desc=403 img=hi [cached]
[cache] RJ01079769
[enrich] 2452/10500 RJ01079769: tags=6 desc=257 img=hi [cached]
[cache] RJ01169025
[enrich] 2453/10500 RJ01169025: tags=6 desc=2297 img=hi [cached]
[cache] RJ075851
[enrich] 2454/10500 RJ075851: tags=6 desc=452 img=hi [cached]
[cache] RJ01059614
[enrich] 2455/10500 RJ01059614: tags=4 desc=189 img=hi [cached]
[cache] RJ251941
[enrich] 2456/10500 RJ251941: tags=5 desc=1134 img=hi [cached]
[cache] RJ01216212
[enrich] 2457/10500 RJ01216212: tags=6 desc=1519 img=hi [cached]
[cache] RJ029734
[enrich] 2458/10500 RJ029734: tags=6 desc=727 img=hi [cached]
[cache] RJ026046
[enrich] 2459/10500 RJ026046: tags=6 desc=694 img=hi [cached]
[cache] RJ01064876
[enrich] 2460/10500 RJ01064876: tags=6 desc=1070 img=hi [cached]
[cache] RJ042563
[enrich] 2461/10500 RJ042563: tags=6 desc=951 img=hi [cached]
[cache] RJ01104080
[enrich] 2462/10500 RJ01104080: tags=6 desc=412 img=hi [cached]
[cache] RJ124336
[enrich] 2463/10500 RJ124336: tags=6 desc=460 img=hi [cached]
[cache] RJ085194
[enrich] 2464/10500 RJ085194: tags=6 desc=993 img=hi [cached]
[cache] RJ01491526
[enrich] 2465/10500 RJ01491526: tags=6 desc=1018 img=hi [cached]
[cache] RJ055814
[enrich] 2466/10500 RJ055814: tags=6 desc=124 img=hi [cached]
[cache] RJ250811
[enrich] 2467/10500 RJ250811: tags=6 desc=2191 img=hi [cached]
[cache] RJ099823
[enrich] 2468/10500 RJ099823: tags=6 desc=270 img=hi [cached]
[cache] RJ217784
[enrich] 2469/10500 RJ217784: tags=6 desc=231 img=hi [cached]
[cache] RJ158831
[enrich] 2470/10500 RJ158831: tags=6 desc=323 img=hi [cached]
[cache] RJ220009
[enrich] 2471/10500 RJ220009: tags=6 desc=185 img=hi [cached]
[cache] RJ336987
[enrich] 2472/10500 RJ336987: tags=6 desc=245 img=hi [cached]
[cache] RJ246724
[enrich] 2473/10500 RJ246724: tags=6 desc=1650 img=hi [cached]
[cache] RJ117633
[enrich] 2474/10500 RJ117633: tags=6 desc=1356 img=hi [cached]
[cache] RJ015033
[enrich] 2475/10500 RJ015033: tags=0 desc=199 img=hi [cached]
[save] partial 2475/10500: 10500 works → /workspace/dlsite-promo-site/data/works.json
[cache] RJ283069
[enrich] 2476/10500 RJ283069: tags=6 desc=945 img=hi [cached]
[cache] RJ01398997
[enrich] 2477/10500 RJ01398997: tags=6 desc=444 img=hi [cached]
[cache] RJ188959
[enrich] 2478/10500 RJ188959: tags=6 desc=240 img=hi [cached]
[cache] RJ278552
[enrich] 2479/10500 RJ278552: tags=6 desc=679 img=hi [cached]
[cache] RJ038594
[enrich] 2480/10500 RJ038594: tags=6 desc=531 img=hi [cached]
[cache] RJ329607
[enrich] 2481/10500 RJ329607: tags=6 desc=479 img=hi [cached]
[cache] RJ018245
[enrich] 2482/10500 RJ018245: tags=2 desc=497 img=hi [cached]
[cache] RJ306431
[enrich] 2483/10500 RJ306431: tags=6 desc=477 img=hi [cached]
[cache] RJ163733
[enrich] 2484/10500 RJ163733: tags=6 desc=520 img=hi [cached]
[cache] RJ047914
[enrich] 2485/10500 RJ047914: tags=6 desc=1014 img=hi [cached]
[cache] RJ437396
[enrich] 2486/10500 RJ437396: tags=6 desc=188 img=hi [cached]
[cache] RJ033309
[enrich] 2487/10500 RJ033309: tags=6 desc=655 img=hi [cached]
[cache] RJ253179
[enrich] 2488/10500 RJ253179: tags=6 desc=59 img=hi [cached]
[cache] RJ374705
[enrich] 2489/10500 RJ374705: tags=6 desc=320 img=hi [cached]
[cache] RJ040157
[enrich] 2490/10500 RJ040157: tags=6 desc=250 img=hi [cached]
[cache] RJ146890
[enrich] 2491/10500 RJ146890: tags=6 desc=326 img=hi [cached]
[cache] RJ085636
[enrich] 2492/10500 RJ085636: tags=6 desc=472 img=hi [cached]
[cache] RJ248070
[enrich] 2493/10500 RJ248070: tags=6 desc=1706 img=hi [cached]
[cache] RJ01047193
[enrich] 2494/10500 RJ01047193: tags=6 desc=401 img=hi [cached]
[cache] RJ01342844
[enrich] 2495/10500 RJ01342844: tags=6 desc=1201 img=hi [cached]
[cache] RJ361353
[enrich] 2496/10500 RJ361353: tags=6 desc=615 img=hi [cached]
[cache] RJ292641
[enrich] 2497/10500 RJ292641: tags=3 desc=525 img=hi [cached]
[cache] RJ01159702
[enrich] 2498/10500 RJ01159702: tags=6 desc=1147 img=hi [cached]
[cache] RJ142228
[enrich] 2499/10500 RJ142228: tags=6 desc=408 img=hi [cached]
[cache] RJ023779
[enrich] 2500/10500 RJ023779: tags=6 desc=527 img=hi [cached]
[save] partial 2500/10500: 10500 works → /workspace/dlsite-promo-site/data/works.json
[enrich] 2501/10500 RJ01724131: tags=0 desc=8 img=hi
[enrich] 2502/10500 RJ01723307: tags=0 desc=8 img=hi
[enrich] 2503/10500 RJ01723068: tags=0 desc=8 img=hi
[enrich] 2504/10500 RJ01715088: tags=0 desc=8 img=hi
[enrich] 2505/10500 RJ01713674: tags=0 desc=8 img=hi
[cache] RJ01723851
[enrich] 2506/10500 RJ01723851: tags=6 desc=284 img=hi [cached]
[cache] RJ01723843
[enrich] 2507/10500 RJ01723843: tags=6 desc=303 img=hi [cached]
[cache] RJ01723840
[enrich] 2508/10500 RJ01723840: tags=6 desc=328 img=hi [cached]
[cache] RJ01723837
[enrich] 2509/10500 RJ01723837: tags=6 desc=253 img=hi [cached]
[cache] RJ01723793
[enrich] 2510/10500 RJ01723793: tags=6 desc=251 img=hi [cached]
[cache] RJ01723759
[enrich] 2511/10500 RJ01723759: tags=5 desc=371 img=hi [cached]
[cache] RJ01723704
[enrich] 2512/10500 RJ01723704: tags=6 desc=1556 img=hi [cached]
[cache] RJ01723640
[enrich] 2513/10500 RJ01723640: tags=6 desc=1729 img=hi [cached]
[cache] RJ01723051
[enrich] 2514/10500 RJ01723051: tags=6 desc=571 img=hi [cached]
[cache] RJ01722546
[enrich] 2515/10500 RJ01722546: tags=6 desc=604 img=hi [cached]
[cache] RJ01722405
[enrich] 2516/10500 RJ01722405: tags=1 desc=130 img=hi [cached]
[cache] RJ01722189
[enrich] 2517/10500 RJ01722189: tags=6 desc=276 img=hi [cached]
[cache] RJ01721884
[enrich] 2518/10500 RJ01721884: tags=6 desc=1731 img=hi [cached]
[cache] RJ01721734
[enrich] 2519/10500 RJ01721734: tags=6 desc=2163 img=hi [cached]
[cache] RJ01721306
[enrich] 2520/10500 RJ01721306: tags=6 desc=2361 img=hi [cached]
[cache] RJ01721183
[enrich] 2521/10500 RJ01721183: tags=6 desc=1394 img=hi [cached]
[cache] RJ01720984
[enrich] 2522/10500 RJ01720984: tags=6 desc=1570 img=hi [cached]
[cache] RJ01720740
[enrich] 2523/10500 RJ01720740: tags=6 desc=3967 img=hi [cached]
[cache] RJ01720703
[enrich] 2524/10500 RJ01720703: tags=6 desc=2044 img=hi [cached]
[cache] RJ01720693
[enrich] 2525/10500 RJ01720693: tags=6 desc=2558 img=hi [cached]
[save] partial 2525/10500: 10500 works → /workspace/dlsite-promo-site/data/works.json
[cache] RJ01719905
[enrich] 2526/10500 RJ01719905: tags=6 desc=4025 img=hi [cached]
[cache] RJ01719893
[enrich] 2527/10500 RJ01719893: tags=6 desc=2122 img=hi [cached]
[cache] RJ01719073
[enrich] 2528/10500 RJ01719073: tags=6 desc=1929 img=hi [cached]
[cache] RJ01717536
[enrich] 2529/10500 RJ01717536: tags=6 desc=1608 img=hi [cached]
[cache] RJ01717278
[enrich] 2530/10500 RJ01717278: tags=6 desc=702 img=hi [cached]
[cache] RJ01717161
[enrich] 2531/10500 RJ01717161: tags=5 desc=204 img=hi [cached]
[cache] RJ01717137
[enrich] 2532/10500 RJ01717137: tags=4 desc=286 img=hi [cached]
[cache] RJ01716817
[enrich] 2533/10500 RJ01716817: tags=6 desc=1084 img=hi [cached]
[cache] RJ01714952
[enrich] 2534/10500 RJ01714952: tags=6 desc=703 img=hi [cached]
[cache] RJ01714927
[enrich] 2535/10500 RJ01714927: tags=6 desc=634 img=hi [cached]
[cache] RJ01714760
[enrich] 2536/10500 RJ01714760: tags=6 desc=1439 img=hi [cached]
[cache] RJ01712814
[enrich] 2537/10500 RJ01712814: tags=3 desc=436 img=hi [cached]
[cache] RJ01712551
[enrich] 2538/10500 RJ01712551: tags=6 desc=432 img=hi [cached]
[cache] RJ01711924
[enrich] 2539/10500 RJ01711924: tags=6 desc=1193 img=hi [cached]
[cache] RJ01708096
[enrich] 2540/10500 RJ01708096: tags=6 desc=736 img=hi [cached]
[cache] RJ01705847
[enrich] 2541/10500 RJ01705847: tags=6 desc=2003 img=hi [cached]
[cache] RJ01704846
[enrich] 2542/10500 RJ01704846: tags=6 desc=523 img=hi [cached]
[cache] RJ01692474
[enrich] 2543/10500 RJ01692474: tags=6 desc=1019 img=hi [cached]
[cache] RJ01682130
[enrich] 2544/10500 RJ01682130: tags=6 desc=2512 img=hi [cached]
[cache] RJ01678078
[enrich] 2545/10500 RJ01678078: tags=4 desc=1038 img=hi [cached]
[cache] RJ01572117
[enrich] 2546/10500 RJ01572117: tags=5 desc=710 img=hi [cached]
[cache] RJ01723314
[enrich] 2547/10500 RJ01723314: tags=6 desc=759 img=hi [cached]
[cache] RJ01717730
[enrich] 2548/10500 RJ01717730: tags=6 desc=1862 img=hi [cached]
[cache] RJ01653637
[enrich] 2549/10500 RJ01653637: tags=6 desc=183 img=hi [cached]
[cache] RJ01723072
[enrich] 2550/10500 RJ01723072: tags=5 desc=583 img=hi [cached]
[save] partial 2550/10500: 10500 works → /workspace/dlsite-promo-site/data/works.json
[cache] RJ01722849
[enrich] 2551/10500 RJ01722849: tags=6 desc=1786 img=hi [cached]
[cache] RJ01722838
[enrich] 2552/10500 RJ01722838: tags=6 desc=2270 img=hi [cached]
[cache] RJ01722653
[enrich] 2553/10500 RJ01722653: tags=4 desc=193 img=hi [cached]
[cache] RJ01721610
[enrich] 2554/10500 RJ01721610: tags=3 desc=730 img=hi [cached]
[cache] RJ01721023
[enrich] 2555/10500 RJ01721023: tags=6 desc=771 img=hi [cached]
[cache] RJ01716961
[enrich] 2556/10500 RJ01716961: tags=6 desc=540 img=hi [cached]
[cache] RJ01716959
[enrich] 2557/10500 RJ01716959: tags=5 desc=230 img=hi [cached]
[cache] RJ01716953
[enrich] 2558/10500 RJ01716953: tags=2 desc=253 img=hi [cached]
[cache] RJ01716861
[enrich] 2559/10500 RJ01716861: tags=6 desc=929 img=hi [cached]
[cache] RJ01716860
[enrich] 2560/10500 RJ01716860: tags=6 desc=1237 img=hi [cached]
[cache] RJ01716789
[enrich] 2561/10500 RJ01716789: tags=6 desc=353 img=hi [cached]
[cache] RJ01716559
[enrich] 2562/10500 RJ01716559: tags=6 desc=1930 img=hi [cached]
[cache] RJ01715369
[enrich] 2563/10500 RJ01715369: tags=6 desc=676 img=hi [cached]
[cache] RJ01714054
[enrich] 2564/10500 RJ01714054: tags=4 desc=120 img=hi [cached]
[cache] RJ01713611
[enrich] 2565/10500 RJ01713611: tags=5 desc=1057 img=hi [cached]
[cache] RJ01712599
[enrich] 2566/10500 RJ01712599: tags=2 desc=614 img=hi [cached]
[cache] RJ01705809
[enrich] 2567/10500 RJ01705809: tags=6 desc=60 img=hi [cached]
[cache] RJ01704569
[enrich] 2568/10500 RJ01704569: tags=6 desc=213 img=hi [cached]
[cache] RJ01674174
[enrich] 2569/10500 RJ01674174: tags=6 desc=620 img=hi [cached]
[cache] RJ01551181
[enrich] 2570/10500 RJ01551181: tags=6 desc=511 img=hi [cached]
[cache] RJ01722423
[enrich] 2571/10500 RJ01722423: tags=6 desc=1022 img=hi [cached]
[cache] RJ01704029
[enrich] 2572/10500 RJ01704029: tags=1 desc=452 img=hi [cached]
[cache] RJ01722355
[enrich] 2573/10500 RJ01722355: tags=6 desc=319 img=hi [cached]
[enrich] 2574/10500 RJ01720427: tags=0 desc=8 img=hi
[enrich] 2575/10500 RJ01720385: tags=0 desc=8 img=hi
[save] partial 2575/10500: 10500 works → /workspace/dlsite-promo-site/data/works.json
[enrich] 2576/10500 RJ01720096: tags=0 desc=8 img=hi
[enrich] 2577/10500 RJ01719800: tags=0 desc=8 img=hi
[enrich] 2578/10500 RJ01719656: tags=0 desc=8 img=hi
[enrich] 2579/10500 RJ01699707: tags=0 desc=8 img=hi
[enrich] 2580/10500 RJ01697875: tags=0 desc=8 img=hi
[enrich] 2581/10500 RJ01695760: tags=0 desc=8 img=hi
[enrich] 2582/10500 RJ01688836: tags=0 desc=8 img=hi
[cache] RJ01723066
[enrich] 2583/10500 RJ01723066: tags=6 desc=1173 img=hi [cached]
[cache] RJ01722381
[enrich] 2584/10500 RJ01722381: tags=6 desc=1114 img=hi [cached]
[cache] RJ01721957
[enrich] 2585/10500 RJ01721957: tags=6 desc=1054 img=hi [cached]
[cache] RJ01721428
[enrich] 2586/10500 RJ01721428: tags=5 desc=1900 img=hi [cached]
[enrich] 2587/10500 RJ01719520: tags=0 desc=8 img=hi
[enrich] 2588/10500 RJ01719409: tags=0 desc=8 img=hi
[enrich] 2589/10500 RJ01718609: tags=0 desc=8 img=hi
[cache] RJ01715225
[enrich] 2590/10500 RJ01715225: tags=6 desc=999 img=hi [cached]
[enrich] 2591/10500 RJ01714973: tags=0 desc=8 img=hi
[cache] RJ01713734
[enrich] 2592/10500 RJ01713734: tags=6 desc=2121 img=hi [cached]
[enrich] 2593/10500 RJ01712958: tags=0 desc=8 img=hi
[enrich] 2594/10500 RJ01712213: tags=0 desc=8 img=hi
[enrich] 2595/10500 RJ01711522: tags=0 desc=8 img=hi
[cache] RJ01708335
[enrich] 2596/10500 RJ01708335: tags=6 desc=1023 img=hi [cached]
[cache] RJ01701406
[enrich] 2597/10500 RJ01701406: tags=6 desc=779 img=hi [cached]
[cache] RJ01689343
[enrich] 2598/10500 RJ01689343: tags=6 desc=679 img=hi [cached]
[cache] RJ01682323
[enrich] 2599/10500 RJ01682323: tags=4 desc=556 img=hi [cached]
[cache] RJ01673385
[enrich] 2600/10500 RJ01673385: tags=6 desc=1248 img=hi [cached]
[save] partial 2600/10500: 10500 works → /workspace/dlsite-promo-site/data/works.json
[cache] RJ01672576
[enrich] 2601/10500 RJ01672576: tags=6 desc=1636 img=hi [cached]
[cache] RJ01670163
[enrich] 2602/10500 RJ01670163: tags=6 desc=1258 img=hi [cached]
[cache] RJ01589955
[enrich] 2603/10500 RJ01589955: tags=6 desc=1286 img=hi [cached]
[cache] RJ01722854
[enrich] 2604/10500 RJ01722854: tags=6 desc=630 img=hi [cached]
[cache] RJ01722831
[enrich] 2605/10500 RJ01722831: tags=0 desc=637 img=hi [cached]
[cache] RJ01722137
[enrich] 2606/10500 RJ01722137: tags=1 desc=410 img=hi [cached]
[cache] RJ01722011
[enrich] 2607/10500 RJ01722011: tags=5 desc=372 img=hi [cached]
[cache] RJ01721358
[enrich] 2608/10500 RJ01721358: tags=5 desc=233 img=hi [cached]
[cache] RJ01720444
[enrich] 2609/10500 RJ01720444: tags=6 desc=331 img=hi [cached]
[cache] RJ01716042
[enrich] 2610/10500 RJ01716042: tags=6 desc=163 img=hi [cached]
[cache] RJ01693441
[enrich] 2611/10500 RJ01693441: tags=6 desc=3243 img=hi [cached]
[cache] RJ01720663
[enrich] 2612/10500 RJ01720663: tags=6 desc=400 img=hi [cached]
[cache] RJ01721728
[enrich] 2613/10500 RJ01721728: tags=6 desc=69 img=hi [cached]
[cache] RJ01721635
[enrich] 2614/10500 RJ01721635: tags=0 desc=122 img=hi [cached]
[cache] RJ01720493
[enrich] 2615/10500 RJ01720493: tags=5 desc=692 img=hi [cached]
[cache] RJ01720011
[enrich] 2616/10500 RJ01720011: tags=6 desc=3516 img=hi [cached]
[cache] RJ01719528
[enrich] 2617/10500 RJ01719528: tags=5 desc=638 img=hi [cached]
[enrich] 2618/10500 RJ01718648: tags=0 desc=8 img=hi
[enrich] 2619/10500 RJ01718257: tags=0 desc=8 img=hi
[enrich] 2620/10500 RJ01713486: tags=0 desc=8 img=hi
[cache] RJ351198
[enrich] 2621/10500 RJ351198: tags=6 desc=2019 img=hi [cached]
[enrich] 2622/10500 RJ01717218: tags=0 desc=8 img=hi
[cache] RJ01704479
[enrich] 2623/10500 RJ01704479: tags=6 desc=1558 img=hi [cached]
[cache] RJ01385440
[enrich] 2624/10500 RJ01385440: tags=6 desc=737 img=hi [cached]
[cache] RJ01720999
[enrich] 2625/10500 RJ01720999: tags=1 desc=103 img=hi [cached]
[save] partial 2625/10500: 10500 works → /workspace/dlsite-promo-site/data/works.json
[cache] RJ01720685
[enrich] 2626/10500 RJ01720685: tags=3 desc=581 img=hi [cached]
[cache] RJ01683455
[enrich] 2627/10500 RJ01683455: tags=6 desc=957 img=hi [cached]
[cache] RJ01720610
[enrich] 2628/10500 RJ01720610: tags=1 desc=50 img=hi [cached]
[cache] RJ01720406
[enrich] 2629/10500 RJ01720406: tags=0 desc=421 img=hi [cached]
[cache] RJ01720243
[enrich] 2630/10500 RJ01720243: tags=0 desc=370 img=hi [cached]
[cache] RJ01726296
[enrich] 2631/10500 RJ01726296: tags=2 desc=55 img=hi [cached]
[cache] RJ01726231
[enrich] 2632/10500 RJ01726231: tags=6 desc=285 img=hi [cached]
[cache] RJ01726104
[enrich] 2633/10500 RJ01726104: tags=6 desc=334 img=hi [cached]
[cache] RJ01725888
[enrich] 2634/10500 RJ01725888: tags=6 desc=134 img=hi [cached]
[cache] RJ01725848
[enrich] 2635/10500 RJ01725848: tags=2 desc=120 img=hi [cached]
[cache] RJ01725833
[enrich] 2636/10500 RJ01725833: tags=6 desc=352 img=hi [cached]
[cache] RJ01725588
[enrich] 2637/10500 RJ01725588: tags=6 desc=211 img=hi [cached]
[enrich] 2638/10500 RJ01724337: tags=0 desc=8 img=hi
[enrich] 2639/10500 RJ01724053: tags=0 desc=8 img=hi
[enrich] 2640/10500 RJ01724028: tags=0 desc=8 img=hi
[enrich] 2641/10500 RJ01723653: tags=0 desc=8 img=hi
[enrich] 2642/10500 RJ01702739: tags=0 desc=8 img=hi
[cache] RJ01725979
[enrich] 2643/10500 RJ01725979: tags=6 desc=126 img=hi [cached]
[cache] RJ01725740
[enrich] 2644/10500 RJ01725740: tags=6 desc=277 img=hi [cached]
[cache] RJ01725728
[enrich] 2645/10500 RJ01725728: tags=6 desc=240 img=hi [cached]
[cache] RJ01725702
[enrich] 2646/10500 RJ01725702: tags=6 desc=65 img=hi [cached]
[cache] RJ01725564
[enrich] 2647/10500 RJ01725564: tags=6 desc=670 img=hi [cached]
[cache] RJ01725553
[enrich] 2648/10500 RJ01725553: tags=3 desc=59 img=hi [cached]
[cache] RJ01725441
[enrich] 2649/10500 RJ01725441: tags=6 desc=283 img=hi [cached]
[cache] RJ01724932
[enrich] 2650/10500 RJ01724932: tags=6 desc=253 img=hi [cached]
[save] partial 2650/10500: 10500 works → /workspace/dlsite-promo-site/data/works.json
[enrich] 2651/10500 RJ01723953: tags=0 desc=8 img=hi
[enrich] 2652/10500 RJ01723846: tags=0 desc=8 img=hi
[cache] RJ01723825
[enrich] 2653/10500 RJ01723825: tags=6 desc=181 img=hi [cached]
[enrich] 2654/10500 RJ01723814: tags=0 desc=8 img=hi
[enrich] 2655/10500 RJ01723691: tags=0 desc=8 img=hi
[enrich] 2656/10500 RJ01723688: tags=0 desc=8 img=hi
[cache] RJ01723521
[enrich] 2657/10500 RJ01723521: tags=6 desc=253 img=hi [cached]
[enrich] 2658/10500 RJ01723498: tags=0 desc=8 img=hi
[enrich] 2659/10500 RJ01723454: tags=0 desc=8 img=hi
[cache] RJ01723244
[enrich] 2660/10500 RJ01723244: tags=5 desc=45 img=hi [cached]
[cache] RJ01722848
[enrich] 2661/10500 RJ01722848: tags=6 desc=244 img=hi [cached]
[cache] RJ01722116
[enrich] 2662/10500 RJ01722116: tags=6 desc=230 img=hi [cached]
[enrich] 2663/10500 RJ01721286: tags=0 desc=8 img=hi
[cache] RJ01647310
[enrich] 2664/10500 RJ01647310: tags=6 desc=380 img=hi [cached]
[cache] RJ01659625
[enrich] 2665/10500 RJ01659625: tags=5 desc=489 img=hi [cached]
[cache] RJ01491408
[enrich] 2666/10500 RJ01491408: tags=6 desc=1038 img=hi [cached]
[cache] RJ01646704
[enrich] 2667/10500 RJ01646704: tags=6 desc=577 img=hi [cached]
[cache] RJ01715915
[enrich] 2668/10500 RJ01715915: tags=1 desc=57 img=hi [cached]
[cache] RJ01653257
[enrich] 2669/10500 RJ01653257: tags=6 desc=910 img=hi [cached]
[cache] RJ01555932
[enrich] 2670/10500 RJ01555932: tags=6 desc=819 img=hi [cached]
[cache] RJ01701742
[enrich] 2671/10500 RJ01701742: tags=6 desc=104 img=hi [cached]
[cache] RJ01707918
[enrich] 2672/10500 RJ01707918: tags=6 desc=173 img=hi [cached]
[cache] RJ01712071
[enrich] 2673/10500 RJ01712071: tags=6 desc=1273 img=hi [cached]
[cache] RJ01672623
[enrich] 2674/10500 RJ01672623: tags=4 desc=443 img=hi [cached]
[cache] RJ01690060
[enrich] 2675/10500 RJ01690060: tags=6 desc=1633 img=hi [cached]
[save] partial 2675/10500: 10500 works → /workspace/dlsite-promo-site/data/works.json
[cache] RJ01534777
[enrich] 2676/10500 RJ01534777: tags=6 desc=513 img=hi [cached]
[enrich] 2677/10500 RJ01696263: tags=0 desc=8 img=hi
[cache] RJ01673489
[enrich] 2678/10500 RJ01673489: tags=6 desc=753 img=hi [cached]
[cache] RJ01704782
[enrich] 2679/10500 RJ01704782: tags=6 desc=517 img=hi [cached]
[cache] RJ01707975
[enrich] 2680/10500 RJ01707975: tags=6 desc=296 img=hi [cached]
[cache] RJ01702775
[enrich] 2681/10500 RJ01702775: tags=6 desc=448 img=hi [cached]
[cache] RJ01659193
[enrich] 2682/10500 RJ01659193: tags=6 desc=2683 img=hi [cached]
[cache] RJ01672831
[enrich] 2683/10500 RJ01672831: tags=6 desc=284 img=hi [cached]
[cache] RJ01699054
[enrich] 2684/10500 RJ01699054: tags=6 desc=1726 img=hi [cached]
[cache] RJ01663967
[enrich] 2685/10500 RJ01663967: tags=6 desc=1625 img=hi [cached]
[cache] RJ01713737
[enrich] 2686/10500 RJ01713737: tags=6 desc=792 img=hi [cached]
[cache] RJ01643973
[enrich] 2687/10500 RJ01643973: tags=6 desc=555 img=hi [cached]
[cache] RJ01657600
[enrich] 2688/10500 RJ01657600: tags=6 desc=3736 img=hi [cached]
[cache] RJ01668691
[enrich] 2689/10500 RJ01668691: tags=6 desc=1573 img=hi [cached]
[cache] RJ01658014
[enrich] 2690/10500 RJ01658014: tags=6 desc=913 img=hi [cached]
[cache] RJ01693255
[enrich] 2691/10500 RJ01693255: tags=6 desc=1928 img=hi [cached]
[cache] RJ01244814
[enrich] 2692/10500 RJ01244814: tags=6 desc=435 img=hi [cached]
[cache] RJ01669397
[enrich] 2693/10500 RJ01669397: tags=6 desc=1443 img=hi [cached]
[cache] RJ01645192
[enrich] 2694/10500 RJ01645192: tags=6 desc=1644 img=hi [cached]
[cache] RJ01706123
[enrich] 2695/10500 RJ01706123: tags=6 desc=3741 img=hi [cached]
[cache] RJ01657864
[enrich] 2696/10500 RJ01657864: tags=6 desc=1373 img=hi [cached]
[cache] RJ01667451
[enrich] 2697/10500 RJ01667451: tags=6 desc=616 img=hi [cached]
[cache] RJ01683669
[enrich] 2698/10500 RJ01683669: tags=6 desc=625 img=hi [cached]
[cache] RJ01700385
[enrich] 2699/10500 RJ01700385: tags=6 desc=1763 img=hi [cached]
[cache] RJ01619492
[enrich] 2700/10500 RJ01619492: tags=6 desc=521 img=hi [cached]
[save] partial 2700/10500: 10500 works → /workspace/dlsite-promo-site/data/works.json
[cache] RJ01699049
[enrich] 2701/10500 RJ01699049: tags=6 desc=2071 img=hi [cached]
[cache] RJ01670247
[enrich] 2702/10500 RJ01670247: tags=6 desc=429 img=hi [cached]
[cache] RJ01667639
[enrich] 2703/10500 RJ01667639: tags=6 desc=1238 img=hi [cached]
[cache] RJ01587586
[enrich] 2704/10500 RJ01587586: tags=6 desc=742 img=hi [cached]
[cache] RJ01711537
[enrich] 2705/10500 RJ01711537: tags=6 desc=1376 img=hi [cached]
[cache] RJ01663846
[enrich] 2706/10500 RJ01663846: tags=6 desc=972 img=hi [cached]
[cache] RJ01671252
[enrich] 2707/10500 RJ01671252: tags=6 desc=859 img=hi [cached]
[cache] RJ01647223
[enrich] 2708/10500 RJ01647223: tags=6 desc=811 img=hi [cached]
[cache] RJ01679994
[enrich] 2709/10500 RJ01679994: tags=6 desc=1016 img=hi [cached]
[cache] RJ01679028
[enrich] 2710/10500 RJ01679028: tags=6 desc=3614 img=hi [cached]
[cache] RJ01621958
[enrich] 2711/10500 RJ01621958: tags=6 desc=1758 img=hi [cached]
[cache] RJ01684550
[enrich] 2712/10500 RJ01684550: tags=6 desc=1346 img=hi [cached]
[cache] RJ01671325
[enrich] 2713/10500 RJ01671325: tags=6 desc=1256 img=hi [cached]
[cache] RJ01649742
[enrich] 2714/10500 RJ01649742: tags=6 desc=2034 img=hi [cached]
[cache] RJ01671833
[enrich] 2715/10500 RJ01671833: tags=6 desc=1980 img=hi [cached]
[cache] RJ01658051
[enrich] 2716/10500 RJ01658051: tags=6 desc=583 img=hi [cached]
[cache] RJ01685376
[enrich] 2717/10500 RJ01685376: tags=6 desc=874 img=hi [cached]
[cache] RJ01704144
[enrich] 2718/10500 RJ01704144: tags=6 desc=2814 img=hi [cached]
[cache] RJ01668704
[enrich] 2719/10500 RJ01668704: tags=6 desc=1531 img=hi [cached]
[cache] RJ01584506
[enrich] 2720/10500 RJ01584506: tags=6 desc=539 img=hi [cached]
[cache] RJ01610733
[enrich] 2721/10500 RJ01610733: tags=6 desc=367 img=hi [cached]
[cache] RJ01625352
[enrich] 2722/10500 RJ01625352: tags=6 desc=1827 img=hi [cached]
[cache] RJ01713858
[enrich] 2723/10500 RJ01713858: tags=6 desc=210 img=hi [cached]
[cache] RJ01701529
[enrich] 2724/10500 RJ01701529: tags=6 desc=493 img=hi [cached]
[cache] RJ01509009
[enrich] 2725/10500 RJ01509009: tags=6 desc=1529 img=hi [cached]
[save] partial 2725/10500: 10500 works → /workspace/dlsite-promo-site/data/works.json
[cache] RJ01589226
[enrich] 2726/10500 RJ01589226: tags=6 desc=823 img=hi [cached]
[cache] RJ01458234
[enrich] 2727/10500 RJ01458234: tags=6 desc=570 img=hi [cached]
[cache] RJ01652829
[enrich] 2728/10500 RJ01652829: tags=6 desc=1583 img=hi [cached]
[cache] RJ01657800
[enrich] 2729/10500 RJ01657800: tags=6 desc=263 img=hi [cached]
[cache] RJ01690145
[enrich] 2730/10500 RJ01690145: tags=6 desc=702 img=hi [cached]
[enrich] 2731/10500 RJ01707715: tags=0 desc=8 img=hi
[cache] RJ01702392
[enrich] 2732/10500 RJ01702392: tags=6 desc=325 img=hi [cached]
[cache] RJ01677115
[enrich] 2733/10500 RJ01677115: tags=6 desc=691 img=hi [cached]
[cache] RJ01435937
[enrich] 2734/10500 RJ01435937: tags=6 desc=819 img=hi [cached]
[cache] RJ01296153
[enrich] 2735/10500 RJ01296153: tags=6 desc=613 img=hi [cached]
[cache] RJ01642670
[enrich] 2736/10500 RJ01642670: tags=6 desc=895 img=hi [cached]
[cache] RJ01501375
[enrich] 2737/10500 RJ01501375: tags=6 desc=686 img=hi [cached]
[cache] RJ01715749
[enrich] 2738/10500 RJ01715749: tags=6 desc=541 img=hi [cached]
[cache] RJ01637330
[enrich] 2739/10500 RJ01637330: tags=6 desc=164 img=hi [cached]
[cache] RJ01622380
[enrich] 2740/10500 RJ01622380: tags=6 desc=857 img=hi [cached]
[cache] RJ01691803
[enrich] 2741/10500 RJ01691803: tags=6 desc=817 img=hi [cached]
[cache] RJ01406253
[enrich] 2742/10500 RJ01406253: tags=6 desc=717 img=hi [cached]
[cache] RJ01671593
[enrich] 2743/10500 RJ01671593: tags=6 desc=890 img=hi [cached]
[cache] RJ01700408
[enrich] 2744/10500 RJ01700408: tags=6 desc=277 img=hi [cached]
[cache] RJ01482488
[enrich] 2745/10500 RJ01482488: tags=6 desc=1384 img=hi [cached]
[cache] RJ356854
[enrich] 2746/10500 RJ356854: tags=6 desc=323 img=hi [cached]
[cache] RJ236356
[enrich] 2747/10500 RJ236356: tags=6 desc=780 img=hi [cached]
[cache] RJ240527
[enrich] 2748/10500 RJ240527: tags=6 desc=1617 img=hi [cached]
[cache] RJ357639
[enrich] 2749/10500 RJ357639: tags=6 desc=565 img=hi [cached]
[cache] RJ258286
[enrich] 2750/10500 RJ258286: tags=6 desc=3967 img=hi [cached]
[save] partial 2750/10500: 10500 works → /workspace/dlsite-promo-site/data/works.json
[cache] RJ258057
[enrich] 2751/10500 RJ258057: tags=6 desc=1509 img=hi [cached]
[cache] RJ355032
[enrich] 2752/10500 RJ355032: tags=1 desc=358 img=hi [cached]
[cache] RJ249730
[enrich] 2753/10500 RJ249730: tags=6 desc=2527 img=hi [cached]
[cache] RJ405357
[enrich] 2754/10500 RJ405357: tags=4 desc=296 img=hi [cached]
[cache] RJ337839
[enrich] 2755/10500 RJ337839: tags=6 desc=332 img=hi [cached]
[cache] RJ258285
[enrich] 2756/10500 RJ258285: tags=6 desc=3465 img=hi [cached]
[cache] RJ356602
[enrich] 2757/10500 RJ356602: tags=6 desc=565 img=hi [cached]
[cache] RJ194374
[enrich] 2758/10500 RJ194374: tags=6 desc=617 img=hi [cached]
[cache] RJ01353912
[enrich] 2759/10500 RJ01353912: tags=6 desc=816 img=hi [cached]
[cache] RJ385464
[enrich] 2760/10500 RJ385464: tags=2 desc=381 img=hi [cached]
[cache] RJ353133
[enrich] 2761/10500 RJ353133: tags=6 desc=517 img=hi [cached]
[cache] RJ255093
[enrich] 2762/10500 RJ255093: tags=6 desc=3153 img=hi [cached]
[cache] RJ165541
[enrich] 2763/10500 RJ165541: tags=4 desc=858 img=hi [cached]
[cache] RJ158565
[enrich] 2764/10500 RJ158565: tags=2 desc=866 img=hi [cached]
[cache] RJ361684
[enrich] 2765/10500 RJ361684: tags=6 desc=597 img=hi [cached]
[cache] RJ361906
[enrich] 2766/10500 RJ361906: tags=6 desc=619 img=hi [cached]
[cache] RJ01524563
[enrich] 2767/10500 RJ01524563: tags=6 desc=924 img=hi [cached]
[cache] RJ168126
[enrich] 2768/10500 RJ168126: tags=4 desc=311 img=hi [cached]
[cache] RJ244024
[enrich] 2769/10500 RJ244024: tags=6 desc=2429 img=hi [cached]
[cache] RJ369255
[enrich] 2770/10500 RJ369255: tags=3 desc=565 img=hi [cached]
[cache] RJ01142986
[enrich] 2771/10500 RJ01142986: tags=1 desc=59 img=hi [cached]
[cache] RJ324248
[enrich] 2772/10500 RJ324248: tags=6 desc=375 img=hi [cached]
[cache] RJ245598
[enrich] 2773/10500 RJ245598: tags=6 desc=2305 img=hi [cached]
[cache] RJ01017666
[enrich] 2774/10500 RJ01017666: tags=6 desc=1284 img=hi [cached]
[cache] RJ01606793
[enrich] 2775/10500 RJ01606793: tags=6 desc=304 img=hi [cached]
[save] partial 2775/10500: 10500 works → /workspace/dlsite-promo-site/data/works.json
[cache] RJ276862
[enrich] 2776/10500 RJ276862: tags=6 desc=3441 img=hi [cached]
[cache] RJ01122330
[enrich] 2777/10500 RJ01122330: tags=4 desc=1952 img=hi [cached]
[cache] RJ298079
[enrich] 2778/10500 RJ298079: tags=6 desc=3000 img=hi [cached]
[cache] RJ136046
[enrich] 2779/10500 RJ136046: tags=1 desc=987 img=hi [cached]
[cache] RJ01396075
[enrich] 2780/10500 RJ01396075: tags=2 desc=581 img=hi [cached]
[cache] RJ298296
[enrich] 2781/10500 RJ298296: tags=6 desc=3066 img=hi [cached]
[cache] RJ299723
[enrich] 2782/10500 RJ299723: tags=6 desc=1058 img=hi [cached]
[cache] RJ291094
[enrich] 2783/10500 RJ291094: tags=6 desc=2211 img=hi [cached]
[cache] RJ281278
[enrich] 2784/10500 RJ281278: tags=6 desc=2285 img=hi [cached]
[cache] RJ392550
[enrich] 2785/10500 RJ392550: tags=5 desc=1241 img=hi [cached]
[cache] RJ338986
[enrich] 2786/10500 RJ338986: tags=6 desc=365 img=hi [cached]
[cache] RJ327840
[enrich] 2787/10500 RJ327840: tags=5 desc=929 img=hi [cached]
[cache] RJ309658
[enrich] 2788/10500 RJ309658: tags=6 desc=130 img=hi [cached]
[cache] RJ175660
[enrich] 2789/10500 RJ175660: tags=2 desc=979 img=hi [cached]
[cache] RJ370946
[enrich] 2790/10500 RJ370946: tags=3 desc=172 img=hi [cached]
[cache] RJ229634
[enrich] 2791/10500 RJ229634: tags=6 desc=2074 img=hi [cached]
[cache] RJ329764
[enrich] 2792/10500 RJ329764: tags=6 desc=338 img=hi [cached]
[cache] RJ128949
[enrich] 2793/10500 RJ128949: tags=2 desc=639 img=hi [cached]
[cache] RJ239238
[enrich] 2794/10500 RJ239238: tags=3 desc=1460 img=hi [cached]
[cache] RJ287292
[enrich] 2795/10500 RJ287292: tags=6 desc=883 img=hi [cached]
[cache] RJ227930
[enrich] 2796/10500 RJ227930: tags=5 desc=731 img=hi [cached]
[cache] RJ01167139
[enrich] 2797/10500 RJ01167139: tags=6 desc=922 img=hi [cached]
[cache] RJ01060792
[enrich] 2798/10500 RJ01060792: tags=6 desc=1645 img=hi [cached]
[cache] RJ338286
[enrich] 2799/10500 RJ338286: tags=4 desc=480 img=hi [cached]
[cache] RJ01182457
[enrich] 2800/10500 RJ01182457: tags=6 desc=1976 img=hi [cached]
[save] partial 2800/10500: 10500 works → /workspace/dlsite-promo-site/data/works.json
[cache] RJ311747
[enrich] 2801/10500 RJ311747: tags=6 desc=462 img=hi [cached]
[cache] RJ094847
[enrich] 2802/10500 RJ094847: tags=4 desc=2161 img=hi [cached]
[cache] RJ325934
[enrich] 2803/10500 RJ325934: tags=6 desc=623 img=hi [cached]
[cache] RJ222430
[enrich] 2804/10500 RJ222430: tags=6 desc=754 img=hi [cached]
[cache] RJ282631
[enrich] 2805/10500 RJ282631: tags=6 desc=3024 img=hi [cached]
[cache] RJ329521
[enrich] 2806/10500 RJ329521: tags=6 desc=353 img=hi [cached]
[cache] RJ01289808
[enrich] 2807/10500 RJ01289808: tags=0 desc=739 img=hi [cached]
[cache] RJ338989
[enrich] 2808/10500 RJ338989: tags=6 desc=1047 img=hi [cached]
[cache] RJ325456
[enrich] 2809/10500 RJ325456: tags=6 desc=365 img=hi [cached]
[cache] RJ298293
[enrich] 2810/10500 RJ298293: tags=6 desc=2929 img=hi [cached]
[cache] RJ257687
[enrich] 2811/10500 RJ257687: tags=6 desc=728 img=hi [cached]
[cache] RJ117353
[enrich] 2812/10500 RJ117353: tags=4 desc=657 img=hi [cached]
[cache] RJ249930
[enrich] 2813/10500 RJ249930: tags=6 desc=2170 img=hi [cached]
[cache] RJ300299
[enrich] 2814/10500 RJ300299: tags=6 desc=1270 img=hi [cached]
[cache] RJ267281
[enrich] 2815/10500 RJ267281: tags=6 desc=1164 img=hi [cached]
[cache] RJ01305469
[enrich] 2816/10500 RJ01305469: tags=6 desc=788 img=hi [cached]
[cache] RJ01465184
[enrich] 2817/10500 RJ01465184: tags=6 desc=904 img=hi [cached]
[cache] RJ01665118
[enrich] 2818/10500 RJ01665118: tags=6 desc=215 img=hi [cached]
[cache] RJ01633471
[enrich] 2819/10500 RJ01633471: tags=6 desc=959 img=hi [cached]
[cache] RJ01633460
[enrich] 2820/10500 RJ01633460: tags=6 desc=904 img=hi [cached]
[cache] RJ01652025
[enrich] 2821/10500 RJ01652025: tags=6 desc=2626 img=hi [cached]
[cache] RJ01493623
[enrich] 2822/10500 RJ01493623: tags=6 desc=1562 img=hi [cached]
[cache] RJ01655815
[enrich] 2823/10500 RJ01655815: tags=2 desc=321 img=hi [cached]
[cache] RJ01697039
[enrich] 2824/10500 RJ01697039: tags=6 desc=698 img=hi [cached]
[cache] RJ01500433
[enrich] 2825/10500 RJ01500433: tags=0 desc=766 img=hi [cached]
[save] partial 2825/10500: 10500 works → /workspace/dlsite-promo-site/data/works.json
[cache] RJ01556235
[enrich] 2826/10500 RJ01556235: tags=2 desc=813 img=hi [cached]
[cache] RJ01626280
[enrich] 2827/10500 RJ01626280: tags=6 desc=677 img=hi [cached]
[cache] RJ01654343
[enrich] 2828/10500 RJ01654343: tags=4 desc=1514 img=hi [cached]
[cache] RJ01633999
[enrich] 2829/10500 RJ01633999: tags=6 desc=1478 img=hi [cached]
[cache] RJ01659973
[enrich] 2830/10500 RJ01659973: tags=6 desc=1031 img=hi [cached]
[cache] RJ356600
[enrich] 2831/10500 RJ356600: tags=4 desc=339 img=hi [cached]
[cache] RJ01191845
[enrich] 2832/10500 RJ01191845: tags=2 desc=123 img=hi [cached]
[cache] RJ01659934
[enrich] 2833/10500 RJ01659934: tags=6 desc=980 img=hi [cached]
[cache] RJ01586672
[enrich] 2834/10500 RJ01586672: tags=5 desc=717 img=hi [cached]
[cache] RJ01659952
[enrich] 2835/10500 RJ01659952: tags=6 desc=984 img=hi [cached]
[cache] RJ01608491
[enrich] 2836/10500 RJ01608491: tags=1 desc=751 img=hi [cached]
[cache] RJ01653194
[enrich] 2837/10500 RJ01653194: tags=5 desc=961 img=hi [cached]
[cache] RJ01714383
[enrich] 2838/10500 RJ01714383: tags=2 desc=397 img=hi [cached]
[cache] RJ01663212
[enrich] 2839/10500 RJ01663212: tags=2 desc=326 img=hi [cached]
[cache] RJ01687812
[enrich] 2840/10500 RJ01687812: tags=1 desc=827 img=hi [cached]
[cache] RJ01123571
[enrich] 2841/10500 RJ01123571: tags=6 desc=149 img=hi [cached]
[cache] RJ01480875
[enrich] 2842/10500 RJ01480875: tags=1 desc=763 img=hi [cached]
[cache] RJ01654354
[enrich] 2843/10500 RJ01654354: tags=4 desc=1652 img=hi [cached]
[cache] RJ01726234
[enrich] 2844/10500 RJ01726234: tags=6 desc=820 img=hi [cached]
[cache] RJ01726097
[enrich] 2845/10500 RJ01726097: tags=3 desc=1209 img=hi [cached]
[enrich] 2846/10500 RJ01724266: tags=0 desc=8 img=hi
[enrich] 2847/10500 RJ01723475: tags=0 desc=8 img=hi
[cache] RJ01721542
[enrich] 2848/10500 RJ01721542: tags=2 desc=570 img=hi [cached]
[cache] RJ01672016
[enrich] 2849/10500 RJ01672016: tags=5 desc=81 img=hi [cached]
[cache] RJ01725808
[enrich] 2850/10500 RJ01725808: tags=2 desc=45 img=hi [cached]
[save] partial 2850/10500: 10500 works → /workspace/dlsite-promo-site/data/works.json
[cache] RJ01725717
[enrich] 2851/10500 RJ01725717: tags=4 desc=162 img=hi [cached]
[cache] RJ01725705
[enrich] 2852/10500 RJ01725705: tags=4 desc=168 img=hi [cached]
[cache] RJ01725692
[enrich] 2853/10500 RJ01725692: tags=4 desc=160 img=hi [cached]
[cache] RJ01725669
[enrich] 2854/10500 RJ01725669: tags=4 desc=187 img=hi [cached]
[cache] RJ01725628
[enrich] 2855/10500 RJ01725628: tags=6 desc=1050 img=hi [cached]
[cache] RJ01725623
[enrich] 2856/10500 RJ01725623: tags=6 desc=1001 img=hi [cached]
[cache] RJ01725571
[enrich] 2857/10500 RJ01725571: tags=0 desc=2243 img=hi [cached]
[cache] RJ01725272
[enrich] 2858/10500 RJ01725272: tags=6 desc=1024 img=hi [cached]
[enrich] 2859/10500 RJ01722591: tags=0 desc=8 img=hi
[enrich] 2860/10500 RJ01714938: tags=0 desc=8 img=hi
[cache] RJ01697943
[enrich] 2861/10500 RJ01697943: tags=6 desc=83 img=hi [cached]
[cache] RJ01725269
[enrich] 2862/10500 RJ01725269: tags=2 desc=506 img=hi [cached]
[cache] RJ01725206
[enrich] 2863/10500 RJ01725206: tags=3 desc=127 img=hi [cached]
[cache] RJ01724775
[enrich] 2864/10500 RJ01724775: tags=1 desc=1375 img=hi [cached]
[cache] RJ01724744
[enrich] 2865/10500 RJ01724744: tags=6 desc=438 img=hi [cached]
[enrich] 2866/10500 RJ01722709: tags=0 desc=8 img=hi
[enrich] 2867/10500 RJ01722397: tags=0 desc=8 img=hi
[cache] RJ01721966
[enrich] 2868/10500 RJ01721966: tags=2 desc=195 img=hi [cached]
[cache] RJ01719489
[enrich] 2869/10500 RJ01719489: tags=4 desc=638 img=hi [cached]
[enrich] 2870/10500 RJ01719465: tags=0 desc=8 img=hi
[cache] RJ01713852
[enrich] 2871/10500 RJ01713852: tags=0 desc=105 img=hi [cached]
[cache] RJ01724676
[enrich] 2872/10500 RJ01724676: tags=0 desc=222 img=hi [cached]
[cache] RJ01724224
[enrich] 2873/10500 RJ01724224: tags=0 desc=3907 img=hi [cached]
[enrich] 2874/10500 RJ01722249: tags=0 desc=8 img=hi
[enrich] 2875/10500 RJ01722054: tags=0 desc=8 img=hi
[save] partial 2875/10500: 10500 works → /workspace/dlsite-promo-site/data/works.json
[enrich] 2876/10500 RJ01721989: tags=0 desc=8 img=hi
[enrich] 2877/10500 RJ01721839: tags=0 desc=8 img=hi
[cache] RJ01724579
[enrich] 2878/10500 RJ01724579: tags=1 desc=364 img=hi [cached]
[cache] RJ01724553
[enrich] 2879/10500 RJ01724553: tags=3 desc=80 img=hi [cached]
[cache] RJ01724472
[enrich] 2880/10500 RJ01724472: tags=3 desc=106 img=hi [cached]
[cache] RJ01724454
[enrich] 2881/10500 RJ01724454: tags=2 desc=274 img=hi [cached]
[cache] RJ01724282
[enrich] 2882/10500 RJ01724282: tags=5 desc=932 img=hi [cached]
[cache] RJ01724256
[enrich] 2883/10500 RJ01724256: tags=1 desc=746 img=hi [cached]
[enrich] 2884/10500 RJ01721569: tags=0 desc=8 img=hi
[enrich] 2885/10500 RJ01721464: tags=0 desc=8 img=hi
[enrich] 2886/10500 RJ01720373: tags=0 desc=8 img=hi
[cache] RJ01720268
[enrich] 2887/10500 RJ01720268: tags=0 desc=123 img=hi [cached]
[cache] RJ01718650
[enrich] 2888/10500 RJ01718650: tags=2 desc=655 img=hi [cached]
[enrich] 2889/10500 RJ01714341: tags=2 desc=19 img=hi
[cache] RJ01724390
[enrich] 2890/10500 RJ01724390: tags=3 desc=926 img=hi [cached]
[cache] RJ01724108
[enrich] 2891/10500 RJ01724108: tags=6 desc=1049 img=hi [cached]
[cache] RJ01724105
[enrich] 2892/10500 RJ01724105: tags=6 desc=1005 img=hi [cached]
[cache] RJ01724101
[enrich] 2893/10500 RJ01724101: tags=6 desc=1023 img=hi [cached]
[cache] RJ01724044
[enrich] 2894/10500 RJ01724044: tags=1 desc=587 img=hi [cached]
[cache] RJ01722440
[enrich] 2895/10500 RJ01722440: tags=0 desc=154 img=hi [cached]
[enrich] 2896/10500 RJ01721025: tags=0 desc=8 img=hi
[enrich] 2897/10500 RJ01721019: tags=0 desc=8 img=hi
[cache] RJ01188221
[enrich] 2898/10500 RJ01188221: tags=6 desc=303 img=hi [cached]
[cache] RJ01142203
[enrich] 2899/10500 RJ01142203: tags=6 desc=1859 img=hi [cached]
[cache] RJ01522469
[enrich] 2900/10500 RJ01522469: tags=6 desc=1929 img=hi [cached]
[save] partial 2900/10500: 10500 works → /workspace/dlsite-promo-site/data/works.json
[cache] RJ01370431
[enrich] 2901/10500 RJ01370431: tags=6 desc=1855 img=hi [cached]
[cache] RJ01379612
[enrich] 2902/10500 RJ01379612: tags=0 desc=422 img=hi [cached]
[cache] RJ01474671
[enrich] 2903/10500 RJ01474671: tags=6 desc=848 img=hi [cached]
[cache] RJ01616351
[enrich] 2904/10500 RJ01616351: tags=6 desc=2358 img=hi [cached]
[cache] RJ01324861
[enrich] 2905/10500 RJ01324861: tags=6 desc=892 img=hi [cached]
[cache] RJ01120024
[enrich] 2906/10500 RJ01120024: tags=6 desc=3979 img=hi [cached]
[cache] RJ435814
[enrich] 2907/10500 RJ435814: tags=6 desc=1982 img=hi [cached]
[cache] RJ314539
[enrich] 2908/10500 RJ314539: tags=6 desc=1180 img=hi [cached]
[cache] RJ01221547
[enrich] 2909/10500 RJ01221547: tags=6 desc=101 img=hi [cached]
[cache] RJ01640842
[enrich] 2910/10500 RJ01640842: tags=3 desc=441 img=hi [cached]
[cache] RJ310995
[enrich] 2911/10500 RJ310995: tags=5 desc=850 img=hi [cached]
[cache] RJ331940
[enrich] 2912/10500 RJ331940: tags=6 desc=2313 img=hi [cached]
[cache] RJ314841
[enrich] 2913/10500 RJ314841: tags=6 desc=2393 img=hi [cached]
[cache] RJ01509005
[enrich] 2914/10500 RJ01509005: tags=6 desc=771 img=hi [cached]
[cache] RJ01428131
[enrich] 2915/10500 RJ01428131: tags=6 desc=1046 img=hi [cached]
[cache] RJ01339112
[enrich] 2916/10500 RJ01339112: tags=6 desc=1092 img=hi [cached]
[cache] RJ01464063
[enrich] 2917/10500 RJ01464063: tags=6 desc=660 img=hi [cached]
[cache] RJ01366863
[enrich] 2918/10500 RJ01366863: tags=6 desc=1217 img=hi [cached]
[cache] RJ274035
[enrich] 2919/10500 RJ274035: tags=6 desc=160 img=hi [cached]
[cache] RJ01111584
[enrich] 2920/10500 RJ01111584: tags=6 desc=2581 img=hi [cached]
[cache] RJ303078
[enrich] 2921/10500 RJ303078: tags=6 desc=232 img=hi [cached]
[cache] RJ01631400
[enrich] 2922/10500 RJ01631400: tags=6 desc=785 img=hi [cached]
[cache] RJ291959
[enrich] 2923/10500 RJ291959: tags=6 desc=939 img=hi [cached]
[cache] RJ01275619
[enrich] 2924/10500 RJ01275619: tags=6 desc=564 img=hi [cached]
[cache] RJ318464
[enrich] 2925/10500 RJ318464: tags=6 desc=2010 img=hi [cached]
[save] partial 2925/10500: 10500 works → /workspace/dlsite-promo-site/data/works.json
[cache] RJ310219
[enrich] 2926/10500 RJ310219: tags=6 desc=1004 img=hi [cached]
[cache] RJ311824
[enrich] 2927/10500 RJ311824: tags=6 desc=884 img=hi [cached]
[cache] RJ311725
[enrich] 2928/10500 RJ311725: tags=6 desc=1044 img=hi [cached]
[cache] RJ383678
[enrich] 2929/10500 RJ383678: tags=2 desc=133 img=hi [cached]
[cache] RJ383679
[enrich] 2930/10500 RJ383679: tags=4 desc=115 img=hi [cached]
[cache] RJ01538332
[enrich] 2931/10500 RJ01538332: tags=6 desc=1296 img=hi [cached]
[cache] RJ01601330
[enrich] 2932/10500 RJ01601330: tags=6 desc=2168 img=hi [cached]
[cache] RJ01424641
[enrich] 2933/10500 RJ01424641: tags=5 desc=95 img=hi [cached]
[cache] RJ01189685
[enrich] 2934/10500 RJ01189685: tags=6 desc=1860 img=hi [cached]
[cache] RJ272143
[enrich] 2935/10500 RJ272143: tags=3 desc=377 img=hi [cached]
[cache] RJ01137367
[enrich] 2936/10500 RJ01137367: tags=6 desc=1085 img=hi [cached]
[cache] RJ01327055
[enrich] 2937/10500 RJ01327055: tags=6 desc=2597 img=hi [cached]
[cache] RJ404101
[enrich] 2938/10500 RJ404101: tags=6 desc=753 img=hi [cached]
[cache] RJ01194633
[enrich] 2939/10500 RJ01194633: tags=6 desc=436 img=hi [cached]
[cache] RJ401415
[enrich] 2940/10500 RJ401415: tags=6 desc=1196 img=hi [cached]
[cache] RJ01232863
[enrich] 2941/10500 RJ01232863: tags=6 desc=797 img=hi [cached]
[cache] RJ353073
[enrich] 2942/10500 RJ353073: tags=6 desc=343 img=hi [cached]
[cache] RJ01214083
[enrich] 2943/10500 RJ01214083: tags=3 desc=4356 img=hi [cached]
[cache] RJ01299389
[enrich] 2944/10500 RJ01299389: tags=4 desc=838 img=hi [cached]
[cache] RJ01215445
[enrich] 2945/10500 RJ01215445: tags=5 desc=2160 img=hi [cached]
[cache] RJ01190713
[enrich] 2946/10500 RJ01190713: tags=5 desc=433 img=hi [cached]
[cache] RJ01630638
[enrich] 2947/10500 RJ01630638: tags=5 desc=4479 img=hi [cached]
[cache] RJ01537095
[enrich] 2948/10500 RJ01537095: tags=6 desc=1271 img=hi [cached]
[cache] RJ01537080
[enrich] 2949/10500 RJ01537080: tags=6 desc=1263 img=hi [cached]
[cache] RJ429505
[enrich] 2950/10500 RJ429505: tags=4 desc=68 img=hi [cached]
[save] partial 2950/10500: 10500 works → /workspace/dlsite-promo-site/data/works.json
[cache] RJ439208
[enrich] 2951/10500 RJ439208: tags=6 desc=2506 img=hi [cached]
[cache] RJ01221303
[enrich] 2952/10500 RJ01221303: tags=4 desc=182 img=hi [cached]
[cache] RJ01171929
[enrich] 2953/10500 RJ01171929: tags=6 desc=1259 img=hi [cached]
[cache] RJ01027038
[enrich] 2954/10500 RJ01027038: tags=6 desc=982 img=hi [cached]
[cache] RJ372157
[enrich] 2955/10500 RJ372157: tags=6 desc=1026 img=hi [cached]
[cache] RJ01029910
[enrich] 2956/10500 RJ01029910: tags=6 desc=824 img=hi [cached]
[cache] RJ01127015
[enrich] 2957/10500 RJ01127015: tags=6 desc=982 img=hi [cached]
[cache] RJ353064
[enrich] 2958/10500 RJ353064: tags=6 desc=389 img=hi [cached]
[enrich] 2959/10500 RJ01244100: tags=0 desc=8 img=hi
[enrich] 2960/10500 RJ01258879: tags=0 desc=8 img=hi
[cache] RJ01660441
[enrich] 2961/10500 RJ01660441: tags=6 desc=406 img=hi [cached]
[enrich] 2962/10500 RJ01249337: tags=0 desc=8 img=hi
[enrich] 2963/10500 RJ01287495: tags=0 desc=8 img=hi
[cache] RJ01326022
[enrich] 2964/10500 RJ01326022: tags=6 desc=1549 img=hi [cached]
[cache] RJ01616238
[enrich] 2965/10500 RJ01616238: tags=6 desc=1873 img=hi [cached]
[enrich] 2966/10500 RJ01184979: tags=0 desc=8 img=hi
[cache] RJ01298463
[enrich] 2967/10500 RJ01298463: tags=6 desc=1172 img=hi [cached]
[cache] RJ01327652
[enrich] 2968/10500 RJ01327652: tags=6 desc=1332 img=hi [cached]
[enrich] 2969/10500 RJ01160074: tags=0 desc=8 img=hi
[enrich] 2970/10500 RJ01300501: tags=0 desc=8 img=hi
[enrich] 2971/10500 RJ01684628: tags=0 desc=8 img=hi
[enrich] 2972/10500 RJ01234082: tags=0 desc=8 img=hi
[enrich] 2973/10500 RJ01709682: tags=0 desc=8 img=hi
[enrich] 2974/10500 RJ01709705: tags=0 desc=8 img=hi
[enrich] 2975/10500 RJ01193030: tags=0 desc=8 img=hi
[save] partial 2975/10500: 10500 works → /workspace/dlsite-promo-site/data/works.json
[cache] RJ366006
[enrich] 2976/10500 RJ366006: tags=6 desc=1263 img=hi [cached]
[enrich] 2977/10500 RJ01160067: tags=0 desc=8 img=hi
[enrich] 2978/10500 RJ01165963: tags=0 desc=8 img=hi
[enrich] 2979/10500 RJ01417334: tags=0 desc=8 img=hi
[enrich] 2980/10500 RJ01265770: tags=0 desc=8 img=hi
[enrich] 2981/10500 RJ01222492: tags=0 desc=8 img=hi
[enrich] 2982/10500 RJ01599336: tags=0 desc=8 img=hi
[enrich] 2983/10500 RJ01539392: tags=0 desc=8 img=hi
[enrich] 2984/10500 RJ01539379: tags=0 desc=8 img=hi
[enrich] 2985/10500 RJ01599212: tags=0 desc=8 img=hi
[enrich] 2986/10500 RJ01577355: tags=0 desc=8 img=hi
[enrich] 2987/10500 RJ01461903: tags=0 desc=8 img=hi
[enrich] 2988/10500 RJ01598481: tags=0 desc=8 img=hi
[enrich] 2989/10500 RJ01578195: tags=0 desc=8 img=hi
[enrich] 2990/10500 RJ01269046: tags=0 desc=8 img=hi
[cache] RJ01082435
[enrich] 2991/10500 RJ01082435: tags=3 desc=2273 img=hi [cached]
[cache] RJ397858
[enrich] 2992/10500 RJ397858: tags=6 desc=667 img=hi [cached]
[enrich] 2993/10500 RJ01375336: tags=0 desc=8 img=hi
[enrich] 2994/10500 RJ01368098: tags=0 desc=8 img=hi
[cache] RJ01219651
[enrich] 2995/10500 RJ01219651: tags=6 desc=1305 img=hi [cached]
[cache] RJ01475079
[enrich] 2996/10500 RJ01475079: tags=0 desc=1231 img=hi [cached]
[cache] RJ01166022
[enrich] 2997/10500 RJ01166022: tags=6 desc=1476 img=hi [cached]
[enrich] 2998/10500 RJ01034144: tags=0 desc=8 img=hi
[enrich] 2999/10500 RJ01044640: tags=0 desc=8 img=hi
[enrich] 3000/10500 RJ01383493: tags=0 desc=8 img=hi
[save] partial 3000/10500: 10500 works → /workspace/dlsite-promo-site/data/works.json
[enrich] 3001/10500 RJ01334277: tags=0 desc=8 img=hi
[enrich] 3002/10500 RJ01253275: tags=0 desc=8 img=hi
[enrich] 3003/10500 RJ01205500: tags=0 desc=8 img=hi
[enrich] 3004/10500 RJ01226061: tags=0 desc=8 img=hi
[enrich] 3005/10500 RJ01178705: tags=0 desc=8 img=hi
[enrich] 3006/10500 RJ01160947: tags=0 desc=8 img=hi
[cache] RJ01014601
[enrich] 3007/10500 RJ01014601: tags=6 desc=345 img=hi [cached]
[cache] RJ294912
[enrich] 3008/10500 RJ294912: tags=6 desc=57 img=hi [cached]
[cache] RJ282498
[enrich] 3009/10500 RJ282498: tags=6 desc=4422 img=hi [cached]
[cache] RJ01115729
[enrich] 3010/10500 RJ01115729: tags=6 desc=4463 img=hi [cached]
[cache] RJ01208981
[enrich] 3011/10500 RJ01208981: tags=6 desc=2382 img=hi [cached]
[cache] RJ01363449
[enrich] 3012/10500 RJ01363449: tags=6 desc=2493 img=hi [cached]
[cache] RJ01111951
[enrich] 3013/10500 RJ01111951: tags=6 desc=1596 img=hi [cached]
[cache] RJ337379
[enrich] 3014/10500 RJ337379: tags=6 desc=1958 img=hi [cached]
[cache] RJ343489
[enrich] 3015/10500 RJ343489: tags=6 desc=756 img=hi [cached]
[cache] RJ01354136
[enrich] 3016/10500 RJ01354136: tags=6 desc=2116 img=hi [cached]
[cache] RJ01215193
[enrich] 3017/10500 RJ01215193: tags=6 desc=1830 img=hi [cached]
[cache] RJ426840
[enrich] 3018/10500 RJ426840: tags=6 desc=2195 img=hi [cached]
[cache] RJ217921
[enrich] 3019/10500 RJ217921: tags=6 desc=2457 img=hi [cached]
[cache] RJ203701
[enrich] 3020/10500 RJ203701: tags=4 desc=1265 img=hi [cached]
[cache] RJ206132
[enrich] 3021/10500 RJ206132: tags=6 desc=1332 img=hi [cached]
[cache] RJ434183
[enrich] 3022/10500 RJ434183: tags=6 desc=1540 img=hi [cached]
[cache] RJ01181799
[enrich] 3023/10500 RJ01181799: tags=6 desc=1136 img=hi [cached]
[cache] RJ01036759
[enrich] 3024/10500 RJ01036759: tags=6 desc=1042 img=hi [cached]
[cache] RJ408471
[enrich] 3025/10500 RJ408471: tags=6 desc=4488 img=hi [cached]
[save] partial 3025/10500: 10500 works → /workspace/dlsite-promo-site/data/works.json
[cache] RJ01628648
[enrich] 3026/10500 RJ01628648: tags=6 desc=2813 img=hi [cached]
[cache] RJ185155
[enrich] 3027/10500 RJ185155: tags=4 desc=1379 img=hi [cached]
[cache] RJ198071
[enrich] 3028/10500 RJ198071: tags=5 desc=913 img=hi [cached]
[cache] RJ01182574
[enrich] 3029/10500 RJ01182574: tags=6 desc=1317 img=hi [cached]
[cache] RJ352784
[enrich] 3030/10500 RJ352784: tags=6 desc=2627 img=hi [cached]
[cache] RJ422979
[enrich] 3031/10500 RJ422979: tags=6 desc=3991 img=hi [cached]
[cache] RJ354001
[enrich] 3032/10500 RJ354001: tags=6 desc=3345 img=hi [cached]
[cache] RJ352004
[enrich] 3033/10500 RJ352004: tags=6 desc=3087 img=hi [cached]
[cache] RJ313754
[enrich] 3034/10500 RJ313754: tags=6 desc=2916 img=hi [cached]
[cache] RJ132269
[enrich] 3035/10500 RJ132269: tags=3 desc=1308 img=hi [cached]
[cache] RJ403915
[enrich] 3036/10500 RJ403915: tags=6 desc=4260 img=hi [cached]
[cache] RJ319204
[enrich] 3037/10500 RJ319204: tags=6 desc=1184 img=hi [cached]
[cache] RJ396583
[enrich] 3038/10500 RJ396583: tags=6 desc=57 img=hi [cached]
[cache] RJ01044006
[enrich] 3039/10500 RJ01044006: tags=6 desc=1451 img=hi [cached]
[cache] RJ381400
[enrich] 3040/10500 RJ381400: tags=6 desc=1740 img=hi [cached]
[cache] RJ320060
[enrich] 3041/10500 RJ320060: tags=6 desc=2476 img=hi [cached]
[cache] RJ235149
[enrich] 3042/10500 RJ235149: tags=6 desc=1385 img=hi [cached]
[cache] RJ431066
[enrich] 3043/10500 RJ431066: tags=6 desc=1481 img=hi [cached]
[cache] RJ01019579
[enrich] 3044/10500 RJ01019579: tags=6 desc=1685 img=hi [cached]
[cache] RJ290116
[enrich] 3045/10500 RJ290116: tags=6 desc=76 img=hi [cached]
[cache] RJ285826
[enrich] 3046/10500 RJ285826: tags=6 desc=2432 img=hi [cached]
[cache] RJ145637
[enrich] 3047/10500 RJ145637: tags=6 desc=4109 img=hi [cached]
[cache] RJ403578
[enrich] 3048/10500 RJ403578: tags=6 desc=1184 img=hi [cached]
[cache] RJ277750
[enrich] 3049/10500 RJ277750: tags=6 desc=4295 img=hi [cached]
[cache] RJ363400
[enrich] 3050/10500 RJ363400: tags=3 desc=1491 img=hi [cached]
[save] partial 3050/10500: 10500 works → /workspace/dlsite-promo-site/data/works.json
[cache] RJ306930
[enrich] 3051/10500 RJ306930: tags=6 desc=280 img=hi [cached]
[cache] RJ302553
[enrich] 3052/10500 RJ302553: tags=5 desc=645 img=hi [cached]
[cache] RJ01095690
[enrich] 3053/10500 RJ01095690: tags=6 desc=4483 img=hi [cached]
[cache] RJ415894
[enrich] 3054/10500 RJ415894: tags=6 desc=1133 img=hi [cached]
[cache] RJ275914
[enrich] 3055/10500 RJ275914: tags=6 desc=2814 img=hi [cached]
[cache] RJ01463883
[enrich] 3056/10500 RJ01463883: tags=6 desc=1849 img=hi [cached]
[cache] RJ389488
[enrich] 3057/10500 RJ389488: tags=6 desc=2339 img=hi [cached]
[cache] RJ298231
[enrich] 3058/10500 RJ298231: tags=6 desc=51 img=hi [cached]
[cache] RJ01095817
[enrich] 3059/10500 RJ01095817: tags=6 desc=1422 img=hi [cached]
[cache] RJ01034762
[enrich] 3060/10500 RJ01034762: tags=4 desc=1554 img=hi [cached]
[cache] RJ297984
[enrich] 3061/10500 RJ297984: tags=6 desc=1560 img=hi [cached]
[cache] RJ291291
[enrich] 3062/10500 RJ291291: tags=6 desc=1817 img=hi [cached]
[cache] RJ316941
[enrich] 3063/10500 RJ316941: tags=6 desc=3574 img=hi [cached]
[cache] RJ227840
[enrich] 3064/10500 RJ227840: tags=3 desc=2514 img=hi [cached]
[cache] RJ437709
[enrich] 3065/10500 RJ437709: tags=6 desc=909 img=hi [cached]
[cache] RJ174230
[enrich] 3066/10500 RJ174230: tags=4 desc=656 img=hi [cached]
[cache] RJ272844
[enrich] 3067/10500 RJ272844: tags=5 desc=2276 img=hi [cached]
[cache] RJ01095536
[enrich] 3068/10500 RJ01095536: tags=6 desc=1822 img=hi [cached]
[cache] RJ384226
[enrich] 3069/10500 RJ384226: tags=6 desc=3388 img=hi [cached]
[cache] RJ01080303
[enrich] 3070/10500 RJ01080303: tags=6 desc=4481 img=hi [cached]
[cache] RJ330397
[enrich] 3071/10500 RJ330397: tags=6 desc=4118 img=hi [cached]
[cache] RJ300468
[enrich] 3072/10500 RJ300468: tags=6 desc=1965 img=hi [cached]
[cache] RJ288633
[enrich] 3073/10500 RJ288633: tags=6 desc=1439 img=hi [cached]
[cache] RJ01036884
[enrich] 3074/10500 RJ01036884: tags=6 desc=3360 img=hi [cached]
[cache] RJ343173
[enrich] 3075/10500 RJ343173: tags=6 desc=314 img=hi [cached]
[save] partial 3075/10500: 10500 works → /workspace/dlsite-promo-site/data/works.json
[cache] RJ380274
[enrich] 3076/10500 RJ380274: tags=6 desc=2405 img=hi [cached]
[cache] RJ147718
[enrich] 3077/10500 RJ147718: tags=6 desc=762 img=hi [cached]
[cache] RJ234446
[enrich] 3078/10500 RJ234446: tags=3 desc=975 img=hi [cached]
[cache] RJ01277239
[enrich] 3079/10500 RJ01277239: tags=6 desc=432 img=hi [cached]
[enrich] 3080/10500 RJ440270: tags=6 desc=29 img=hi
[cache] RJ381836
[enrich] 3081/10500 RJ381836: tags=6 desc=3070 img=hi [cached]
[cache] RJ01103771
[enrich] 3082/10500 RJ01103771: tags=6 desc=1962 img=hi [cached]
[cache] RJ256825
[enrich] 3083/10500 RJ256825: tags=6 desc=2782 img=hi [cached]
[cache] RJ01045151
[enrich] 3084/10500 RJ01045151: tags=6 desc=954 img=hi [cached]
[cache] RJ252272
[enrich] 3085/10500 RJ252272: tags=6 desc=4415 img=hi [cached]
[cache] RJ386259
[enrich] 3086/10500 RJ386259: tags=6 desc=1968 img=hi [cached]
[cache] RJ01117338
[enrich] 3087/10500 RJ01117338: tags=6 desc=2483 img=hi [cached]
[cache] RJ404779
[enrich] 3088/10500 RJ404779: tags=6 desc=1834 img=hi [cached]
[cache] RJ01079902
[enrich] 3089/10500 RJ01079902: tags=6 desc=1213 img=hi [cached]
[cache] RJ369735
[enrich] 3090/10500 RJ369735: tags=6 desc=2245 img=hi [cached]
[cache] RJ249877
[enrich] 3091/10500 RJ249877: tags=6 desc=3100 img=hi [cached]
[cache] RJ213951
[enrich] 3092/10500 RJ213951: tags=6 desc=1913 img=hi [cached]
[cache] RJ01348345
[enrich] 3093/10500 RJ01348345: tags=6 desc=2496 img=hi [cached]
[cache] RJ383205
[enrich] 3094/10500 RJ383205: tags=4 desc=2062 img=hi [cached]
[cache] RJ01059524
[enrich] 3095/10500 RJ01059524: tags=6 desc=1562 img=hi [cached]
[cache] RJ01117779
[enrich] 3096/10500 RJ01117779: tags=6 desc=1279 img=hi [cached]
[cache] RJ268860
[enrich] 3097/10500 RJ268860: tags=6 desc=2162 img=hi [cached]
[cache] RJ01110143
[enrich] 3098/10500 RJ01110143: tags=6 desc=4479 img=hi [cached]
[cache] RJ01384061
[enrich] 3099/10500 RJ01384061: tags=6 desc=1983 img=hi [cached]
[cache] RJ01348431
[enrich] 3100/10500 RJ01348431: tags=6 desc=4276 img=hi [cached]
[save] partial 3100/10500: 10500 works → /workspace/dlsite-promo-site/data/works.json
[cache] RJ01060773
[enrich] 3101/10500 RJ01060773: tags=2 desc=2650 img=hi [cached]
[cache] RJ01078438
[enrich] 3102/10500 RJ01078438: tags=6 desc=89 img=hi [cached]
[cache] RJ119054
[enrich] 3103/10500 RJ119054: tags=6 desc=4032 img=hi [cached]
[cache] RJ301066
[enrich] 3104/10500 RJ301066: tags=6 desc=1377 img=hi [cached]
[cache] RJ01068469
[enrich] 3105/10500 RJ01068469: tags=5 desc=2676 img=hi [cached]
[cache] RJ415670
[enrich] 3106/10500 RJ415670: tags=6 desc=570 img=hi [cached]
[cache] RJ160453
[enrich] 3107/10500 RJ160453: tags=3 desc=810 img=hi [cached]
[cache] RJ01054776
[enrich] 3108/10500 RJ01054776: tags=6 desc=4479 img=hi [cached]
[cache] RJ314612
[enrich] 3109/10500 RJ314612: tags=6 desc=3350 img=hi [cached]
[cache] RJ233698
[enrich] 3110/10500 RJ233698: tags=3 desc=2814 img=hi [cached]
[cache] RJ312554
[enrich] 3111/10500 RJ312554: tags=6 desc=1256 img=hi [cached]
[cache] RJ01348550
[enrich] 3112/10500 RJ01348550: tags=6 desc=2629 img=hi [cached]
[cache] RJ421299
[enrich] 3113/10500 RJ421299: tags=6 desc=367 img=hi [cached]
[cache] RJ01322027
[enrich] 3114/10500 RJ01322027: tags=6 desc=3383 img=hi [cached]
[cache] RJ381001
[enrich] 3115/10500 RJ381001: tags=6 desc=970 img=hi [cached]
[cache] RJ216777
[enrich] 3116/10500 RJ216777: tags=6 desc=2798 img=hi [cached]
[cache] RJ163661
[enrich] 3117/10500 RJ163661: tags=4 desc=1287 img=hi [cached]
[cache] RJ313738
[enrich] 3118/10500 RJ313738: tags=6 desc=1173 img=hi [cached]
[cache] RJ188627
[enrich] 3119/10500 RJ188627: tags=6 desc=2071 img=hi [cached]
[cache] RJ324592
[enrich] 3120/10500 RJ324592: tags=6 desc=1099 img=hi [cached]
[cache] RJ01013472
[enrich] 3121/10500 RJ01013472: tags=6 desc=1474 img=hi [cached]
[cache] RJ304748
[enrich] 3122/10500 RJ304748: tags=6 desc=624 img=hi [cached]
[cache] RJ01076205
[enrich] 3123/10500 RJ01076205: tags=6 desc=1309 img=hi [cached]
[cache] RJ251330
[enrich] 3124/10500 RJ251330: tags=6 desc=2278 img=hi [cached]
[cache] RJ220667
[enrich] 3125/10500 RJ220667: tags=4 desc=1681 img=hi [cached]
[save] partial 3125/10500: 10500 works → /workspace/dlsite-promo-site/data/works.json
[cache] RJ388081
[enrich] 3126/10500 RJ388081: tags=6 desc=1722 img=hi [cached]
[cache] RJ314617
[enrich] 3127/10500 RJ314617: tags=6 desc=1521 img=hi [cached]
[cache] RJ210420
[enrich] 3128/10500 RJ210420: tags=6 desc=2034 img=hi [cached]
[cache] RJ379065
[enrich] 3129/10500 RJ379065: tags=6 desc=435 img=hi [cached]
[cache] RJ01034934
[enrich] 3130/10500 RJ01034934: tags=6 desc=4494 img=hi [cached]
[cache] RJ01213183
[enrich] 3131/10500 RJ01213183: tags=6 desc=1092 img=hi [cached]
[cache] RJ01112962
[enrich] 3132/10500 RJ01112962: tags=6 desc=1758 img=hi [cached]
[cache] RJ01050683
[enrich] 3133/10500 RJ01050683: tags=6 desc=2408 img=hi [cached]
[cache] RJ432872
[enrich] 3134/10500 RJ432872: tags=6 desc=1200 img=hi [cached]
[cache] RJ01009257
[enrich] 3135/10500 RJ01009257: tags=6 desc=289 img=hi [cached]
[cache] RJ01035560
[enrich] 3136/10500 RJ01035560: tags=6 desc=1799 img=hi [cached]
[cache] RJ01090315
[enrich] 3137/10500 RJ01090315: tags=6 desc=2854 img=hi [cached]
[cache] RJ418350
[enrich] 3138/10500 RJ418350: tags=6 desc=3957 img=hi [cached]
[cache] RJ01104545
[enrich] 3139/10500 RJ01104545: tags=6 desc=1941 img=hi [cached]
[cache] RJ163504
[enrich] 3140/10500 RJ163504: tags=2 desc=1068 img=hi [cached]
[cache] RJ184314
[enrich] 3141/10500 RJ184314: tags=3 desc=958 img=hi [cached]
[cache] RJ01152082
[enrich] 3142/10500 RJ01152082: tags=6 desc=1743 img=hi [cached]
[cache] RJ335299
[enrich] 3143/10500 RJ335299: tags=6 desc=1892 img=hi [cached]
[cache] RJ321956
[enrich] 3144/10500 RJ321956: tags=6 desc=4363 img=hi [cached]
[cache] RJ312207
[enrich] 3145/10500 RJ312207: tags=6 desc=96 img=hi [cached]
[cache] RJ210534
[enrich] 3146/10500 RJ210534: tags=3 desc=1692 img=hi [cached]
[cache] RJ253409
[enrich] 3147/10500 RJ253409: tags=5 desc=1046 img=hi [cached]
[cache] RJ01343492
[enrich] 3148/10500 RJ01343492: tags=6 desc=3899 img=hi [cached]
[cache] RJ435220
[enrich] 3149/10500 RJ435220: tags=5 desc=821 img=hi [cached]
[cache] RJ289360
[enrich] 3150/10500 RJ289360: tags=5 desc=2115 img=hi [cached]
[save] partial 3150/10500: 10500 works → /workspace/dlsite-promo-site/data/works.json
[cache] RJ197305
[enrich] 3151/10500 RJ197305: tags=4 desc=1295 img=hi [cached]
[cache] RJ402843
[enrich] 3152/10500 RJ402843: tags=6 desc=2178 img=hi [cached]
[cache] RJ01367776
[enrich] 3153/10500 RJ01367776: tags=6 desc=2637 img=hi [cached]
[cache] RJ421767
[enrich] 3154/10500 RJ421767: tags=6 desc=2394 img=hi [cached]
[cache] RJ01131989
[enrich] 3155/10500 RJ01131989: tags=6 desc=637 img=hi [cached]
[cache] RJ117075
[enrich] 3156/10500 RJ117075: tags=4 desc=320 img=hi [cached]
[cache] RJ01133722
[enrich] 3157/10500 RJ01133722: tags=6 desc=676 img=hi [cached]
[cache] RJ01122710
[enrich] 3158/10500 RJ01122710: tags=6 desc=1910 img=hi [cached]
[cache] RJ295630
[enrich] 3159/10500 RJ295630: tags=6 desc=2855 img=hi [cached]
[cache] RJ331947
[enrich] 3160/10500 RJ331947: tags=6 desc=558 img=hi [cached]
[cache] RJ01087153
[enrich] 3161/10500 RJ01087153: tags=6 desc=1495 img=hi [cached]
[cache] RJ383456
[enrich] 3162/10500 RJ383456: tags=6 desc=1666 img=hi [cached]
[cache] RJ382297
[enrich] 3163/10500 RJ382297: tags=6 desc=901 img=hi [cached]
[cache] RJ01022032
[enrich] 3164/10500 RJ01022032: tags=6 desc=642 img=hi [cached]
[cache] RJ154397
[enrich] 3165/10500 RJ154397: tags=6 desc=580 img=hi [cached]
[cache] RJ01040107
[enrich] 3166/10500 RJ01040107: tags=6 desc=982 img=hi [cached]
[cache] RJ01167615
[enrich] 3167/10500 RJ01167615: tags=6 desc=1652 img=hi [cached]
[cache] RJ254647
[enrich] 3168/10500 RJ254647: tags=5 desc=444 img=hi [cached]
[cache] RJ01144461
[enrich] 3169/10500 RJ01144461: tags=6 desc=1473 img=hi [cached]
[cache] RJ358346
[enrich] 3170/10500 RJ358346: tags=6 desc=797 img=hi [cached]
[cache] RJ01407719
[enrich] 3171/10500 RJ01407719: tags=6 desc=348 img=hi [cached]
[cache] RJ277631
[enrich] 3172/10500 RJ277631: tags=6 desc=913 img=hi [cached]
[cache] RJ176518
[enrich] 3173/10500 RJ176518: tags=6 desc=1200 img=hi [cached]
[cache] RJ331951
[enrich] 3174/10500 RJ331951: tags=6 desc=560 img=hi [cached]
[cache] RJ01026164
[enrich] 3175/10500 RJ01026164: tags=6 desc=513 img=hi [cached]
[save] partial 3175/10500: 10500 works → /workspace/dlsite-promo-site/data/works.json
[cache] RJ196860
[enrich] 3176/10500 RJ196860: tags=6 desc=1289 img=hi [cached]
[cache] RJ102967
[enrich] 3177/10500 RJ102967: tags=6 desc=1256 img=hi [cached]
[cache] RJ302401
[enrich] 3178/10500 RJ302401: tags=6 desc=249 img=hi [cached]
[cache] RJ246337
[enrich] 3179/10500 RJ246337: tags=6 desc=537 img=hi [cached]
[cache] RJ300453
[enrich] 3180/10500 RJ300453: tags=6 desc=807 img=hi [cached]
[cache] RJ286256
[enrich] 3181/10500 RJ286256: tags=6 desc=876 img=hi [cached]
[cache] RJ407819
[enrich] 3182/10500 RJ407819: tags=6 desc=443 img=hi [cached]
[cache] RJ212899
[enrich] 3183/10500 RJ212899: tags=6 desc=1338 img=hi [cached]
[cache] RJ362963
[enrich] 3184/10500 RJ362963: tags=6 desc=175 img=hi [cached]
[cache] RJ01216509
[enrich] 3185/10500 RJ01216509: tags=5 desc=647 img=hi [cached]
[cache] RJ302928
[enrich] 3186/10500 RJ302928: tags=6 desc=1794 img=hi [cached]
[cache] RJ01095162
[enrich] 3187/10500 RJ01095162: tags=6 desc=466 img=hi [cached]
[cache] RJ219097
[enrich] 3188/10500 RJ219097: tags=6 desc=1860 img=hi [cached]
[cache] RJ369222
[enrich] 3189/10500 RJ369222: tags=6 desc=464 img=hi [cached]
[cache] RJ212641
[enrich] 3190/10500 RJ212641: tags=6 desc=971 img=hi [cached]
[cache] RJ186190
[enrich] 3191/10500 RJ186190: tags=6 desc=1181 img=hi [cached]
[cache] RJ383251
[enrich] 3192/10500 RJ383251: tags=6 desc=663 img=hi [cached]
[cache] RJ098950
[enrich] 3193/10500 RJ098950: tags=6 desc=167 img=hi [cached]
[cache] RJ01173055
[enrich] 3194/10500 RJ01173055: tags=6 desc=421 img=hi [cached]
[cache] RJ01105759
[enrich] 3195/10500 RJ01105759: tags=6 desc=512 img=hi [cached]
[cache] RJ356948
[enrich] 3196/10500 RJ356948: tags=6 desc=1443 img=hi [cached]
[cache] RJ105046
[enrich] 3197/10500 RJ105046: tags=6 desc=1114 img=hi [cached]
[cache] RJ094661
[enrich] 3198/10500 RJ094661: tags=6 desc=632 img=hi [cached]
[cache] RJ01221390
[enrich] 3199/10500 RJ01221390: tags=6 desc=881 img=hi [cached]
[cache] RJ273128
[enrich] 3200/10500 RJ273128: tags=6 desc=1155 img=hi [cached]
[save] partial 3200/10500: 10500 works → /workspace/dlsite-promo-site/data/works.json
[cache] RJ236136
[enrich] 3201/10500 RJ236136: tags=6 desc=2910 img=hi [cached]
[cache] RJ01234893
[enrich] 3202/10500 RJ01234893: tags=6 desc=287 img=hi [cached]
[cache] RJ01467184
[enrich] 3203/10500 RJ01467184: tags=6 desc=1615 img=hi [cached]
[cache] RJ309886
[enrich] 3204/10500 RJ309886: tags=6 desc=3159 img=hi [cached]
[cache] RJ164217
[enrich] 3205/10500 RJ164217: tags=6 desc=431 img=hi [cached]
[cache] RJ01062555
[enrich] 3206/10500 RJ01062555: tags=6 desc=1273 img=hi [cached]
[cache] RJ329602
[enrich] 3207/10500 RJ329602: tags=6 desc=1500 img=hi [cached]
[cache] RJ323773
[enrich] 3208/10500 RJ323773: tags=6 desc=859 img=hi [cached]
[cache] RJ01228822
[enrich] 3209/10500 RJ01228822: tags=6 desc=750 img=hi [cached]
[cache] RJ01115689
[enrich] 3210/10500 RJ01115689: tags=6 desc=877 img=hi [cached]
[cache] RJ01267758
[enrich] 3211/10500 RJ01267758: tags=6 desc=1585 img=hi [cached]
[cache] RJ201363
[enrich] 3212/10500 RJ201363: tags=4 desc=386 img=hi [cached]
[cache] RJ335221
[enrich] 3213/10500 RJ335221: tags=6 desc=927 img=hi [cached]
[cache] RJ102453
[enrich] 3214/10500 RJ102453: tags=6 desc=1295 img=hi [cached]
[cache] RJ367308
[enrich] 3215/10500 RJ367308: tags=6 desc=443 img=hi [cached]
[cache] RJ01228821
[enrich] 3216/10500 RJ01228821: tags=6 desc=840 img=hi [cached]
[cache] RJ220365
[enrich] 3217/10500 RJ220365: tags=6 desc=264 img=hi [cached]
[cache] RJ01315772
[enrich] 3218/10500 RJ01315772: tags=6 desc=253 img=hi [cached]
[cache] RJ421270
[enrich] 3219/10500 RJ421270: tags=6 desc=355 img=hi [cached]
[cache] RJ245843
[enrich] 3220/10500 RJ245843: tags=6 desc=802 img=hi [cached]
[cache] RJ277410
[enrich] 3221/10500 RJ277410: tags=6 desc=976 img=hi [cached]
[cache] RJ01026171
[enrich] 3222/10500 RJ01026171: tags=6 desc=572 img=hi [cached]
[cache] RJ01091176
[enrich] 3223/10500 RJ01091176: tags=6 desc=799 img=hi [cached]
[cache] RJ231296
[enrich] 3224/10500 RJ231296: tags=6 desc=843 img=hi [cached]
[cache] RJ225365
[enrich] 3225/10500 RJ225365: tags=6 desc=1059 img=hi [cached]
[save] partial 3225/10500: 10500 works → /workspace/dlsite-promo-site/data/works.json
[cache] RJ283271
[enrich] 3226/10500 RJ283271: tags=6 desc=734 img=hi [cached]
[cache] RJ274049
[enrich] 3227/10500 RJ274049: tags=6 desc=2297 img=hi [cached]
[cache] RJ227957
[enrich] 3228/10500 RJ227957: tags=6 desc=3083 img=hi [cached]
[cache] RJ01132085
[enrich] 3229/10500 RJ01132085: tags=6 desc=2223 img=hi [cached]
[cache] RJ302522
[enrich] 3230/10500 RJ302522: tags=6 desc=766 img=hi [cached]
[cache] RJ362203
[enrich] 3231/10500 RJ362203: tags=6 desc=903 img=hi [cached]
[cache] RJ01190673
[enrich] 3232/10500 RJ01190673: tags=6 desc=140 img=hi [cached]
[cache] RJ287794
[enrich] 3233/10500 RJ287794: tags=6 desc=724 img=hi [cached]
[cache] RJ01132882
[enrich] 3234/10500 RJ01132882: tags=6 desc=1141 img=hi [cached]
[cache] RJ301992
[enrich] 3235/10500 RJ301992: tags=6 desc=552 img=hi [cached]
[cache] RJ295803
[enrich] 3236/10500 RJ295803: tags=6 desc=1869 img=hi [cached]
[cache] RJ278493
[enrich] 3237/10500 RJ278493: tags=6 desc=2380 img=hi [cached]
[cache] RJ01051075
[enrich] 3238/10500 RJ01051075: tags=6 desc=2198 img=hi [cached]
[cache] RJ165225
[enrich] 3239/10500 RJ165225: tags=5 desc=1230 img=hi [cached]
[cache] RJ01123284
[enrich] 3240/10500 RJ01123284: tags=6 desc=2389 img=hi [cached]
[cache] RJ01045053
[enrich] 3241/10500 RJ01045053: tags=6 desc=813 img=hi [cached]
[cache] RJ301237
[enrich] 3242/10500 RJ301237: tags=6 desc=781 img=hi [cached]
[cache] RJ196116
[enrich] 3243/10500 RJ196116: tags=6 desc=1654 img=hi [cached]
[cache] RJ01431277
[enrich] 3244/10500 RJ01431277: tags=6 desc=1008 img=hi [cached]
[cache] RJ210055
[enrich] 3245/10500 RJ210055: tags=6 desc=960 img=hi [cached]
[cache] RJ376315
[enrich] 3246/10500 RJ376315: tags=6 desc=693 img=hi [cached]
[cache] RJ264906
[enrich] 3247/10500 RJ264906: tags=6 desc=790 img=hi [cached]
[cache] RJ252357
[enrich] 3248/10500 RJ252357: tags=6 desc=534 img=hi [cached]
[cache] RJ345267
[enrich] 3249/10500 RJ345267: tags=6 desc=360 img=hi [cached]
[cache] RJ212896
[enrich] 3250/10500 RJ212896: tags=6 desc=1439 img=hi [cached]
[save] partial 3250/10500: 10500 works → /workspace/dlsite-promo-site/data/works.json
[cache] RJ410010
[enrich] 3251/10500 RJ410010: tags=1 desc=295 img=hi [cached]
[cache] RJ01086903
[enrich] 3252/10500 RJ01086903: tags=6 desc=403 img=hi [cached]
[cache] RJ01124608
[enrich] 3253/10500 RJ01124608: tags=6 desc=703 img=hi [cached]
[cache] RJ01314718
[enrich] 3254/10500 RJ01314718: tags=6 desc=152 img=hi [cached]
[cache] RJ01044340
[enrich] 3255/10500 RJ01044340: tags=6 desc=377 img=hi [cached]
[cache] RJ01178580
[enrich] 3256/10500 RJ01178580: tags=6 desc=178 img=hi [cached]
[cache] RJ01056145
[enrich] 3257/10500 RJ01056145: tags=5 desc=273 img=hi [cached]
[cache] RJ139049
[enrich] 3258/10500 RJ139049: tags=6 desc=78 img=hi [cached]
[cache] RJ434419
[enrich] 3259/10500 RJ434419: tags=4 desc=676 img=hi [cached]
[cache] RJ01131910
[enrich] 3260/10500 RJ01131910: tags=6 desc=198 img=hi [cached]
[cache] RJ01086236
[enrich] 3261/10500 RJ01086236: tags=6 desc=499 img=hi [cached]
[cache] RJ01218219
[enrich] 3262/10500 RJ01218219: tags=6 desc=424 img=hi [cached]
[cache] RJ01392328
[enrich] 3263/10500 RJ01392328: tags=6 desc=92 img=hi [cached]
[cache] RJ01135829
[enrich] 3264/10500 RJ01135829: tags=6 desc=136 img=hi [cached]
[cache] RJ01137590
[enrich] 3265/10500 RJ01137590: tags=6 desc=103 img=hi [cached]
[cache] RJ381776
[enrich] 3266/10500 RJ381776: tags=5 desc=70 img=hi [cached]
[cache] RJ01007036
[enrich] 3267/10500 RJ01007036: tags=6 desc=307 img=hi [cached]
[cache] RJ01087399
[enrich] 3268/10500 RJ01087399: tags=6 desc=152 img=hi [cached]
[cache] RJ01274752
[enrich] 3269/10500 RJ01274752: tags=6 desc=568 img=hi [cached]
[cache] RJ230967
[enrich] 3270/10500 RJ230967: tags=6 desc=162 img=hi [cached]
[cache] RJ01377631
[enrich] 3271/10500 RJ01377631: tags=6 desc=1379 img=hi [cached]
[cache] RJ342382
[enrich] 3272/10500 RJ342382: tags=6 desc=287 img=hi [cached]
[cache] RJ254122
[enrich] 3273/10500 RJ254122: tags=6 desc=73 img=hi [cached]
[cache] RJ341007
[enrich] 3274/10500 RJ341007: tags=6 desc=800 img=hi [cached]
[cache] RJ366864
[enrich] 3275/10500 RJ366864: tags=6 desc=77 img=hi [cached]
[save] partial 3275/10500: 10500 works → /workspace/dlsite-promo-site/data/works.json
[cache] RJ363755
[enrich] 3276/10500 RJ363755: tags=6 desc=667 img=hi [cached]
[cache] RJ176070
[enrich] 3277/10500 RJ176070: tags=6 desc=125 img=hi [cached]
[cache] RJ298230
[enrich] 3278/10500 RJ298230: tags=2 desc=143 img=hi [cached]
[cache] RJ01238992
[enrich] 3279/10500 RJ01238992: tags=6 desc=470 img=hi [cached]
[cache] RJ01152318
[enrich] 3280/10500 RJ01152318: tags=6 desc=238 img=hi [cached]
[cache] RJ253943
[enrich] 3281/10500 RJ253943: tags=6 desc=781 img=hi [cached]
[cache] RJ01181243
[enrich] 3282/10500 RJ01181243: tags=6 desc=415 img=hi [cached]
[cache] RJ342296
[enrich] 3283/10500 RJ342296: tags=6 desc=524 img=hi [cached]
[cache] RJ365265
[enrich] 3284/10500 RJ365265: tags=6 desc=243 img=hi [cached]
[cache] RJ01086572
[enrich] 3285/10500 RJ01086572: tags=6 desc=264 img=hi [cached]
[cache] RJ394025
[enrich] 3286/10500 RJ394025: tags=6 desc=217 img=hi [cached]
[cache] RJ206303
[enrich] 3287/10500 RJ206303: tags=1 desc=109 img=hi [cached]
[cache] RJ271233
[enrich] 3288/10500 RJ271233: tags=6 desc=132 img=hi [cached]
[cache] RJ288042
[enrich] 3289/10500 RJ288042: tags=5 desc=47 img=hi [cached]
[cache] RJ01058290
[enrich] 3290/10500 RJ01058290: tags=6 desc=201 img=hi [cached]
[cache] RJ01085000
[enrich] 3291/10500 RJ01085000: tags=6 desc=483 img=hi [cached]
[cache] RJ01175708
[enrich] 3292/10500 RJ01175708: tags=4 desc=235 img=hi [cached]
[cache] RJ01007826
[enrich] 3293/10500 RJ01007826: tags=6 desc=278 img=hi [cached]
[cache] RJ207735
[enrich] 3294/10500 RJ207735: tags=6 desc=453 img=hi [cached]
[cache] RJ01092373
[enrich] 3295/10500 RJ01092373: tags=6 desc=172 img=hi [cached]
[cache] RJ01124774
[enrich] 3296/10500 RJ01124774: tags=6 desc=178 img=hi [cached]
[cache] RJ01235835
[enrich] 3297/10500 RJ01235835: tags=6 desc=143 img=hi [cached]
[cache] RJ01312055
[enrich] 3298/10500 RJ01312055: tags=6 desc=422 img=hi [cached]
[cache] RJ407512
[enrich] 3299/10500 RJ407512: tags=6 desc=562 img=hi [cached]
[cache] RJ01271178
[enrich] 3300/10500 RJ01271178: tags=4 desc=230 img=hi [cached]
[save] partial 3300/10500: 10500 works → /workspace/dlsite-promo-site/data/works.json
[enrich] 3301/10500 RJ01068994: tags=4 desc=9 img=hi
[cache] RJ01107865
[enrich] 3302/10500 RJ01107865: tags=6 desc=122 img=hi [cached]
[cache] RJ01242492
[enrich] 3303/10500 RJ01242492: tags=5 desc=107 img=hi [cached]
[cache] RJ190307
[enrich] 3304/10500 RJ190307: tags=5 desc=114 img=hi [cached]
[cache] RJ224042
[enrich] 3305/10500 RJ224042: tags=5 desc=202 img=hi [cached]
[cache] RJ01234630
[enrich] 3306/10500 RJ01234630: tags=6 desc=180 img=hi [cached]
[cache] RJ318212
[enrich] 3307/10500 RJ318212: tags=6 desc=737 img=hi [cached]
[enrich] 3308/10500 RJ01389229: tags=3 desc=4 img=hi
[cache] RJ271258
[enrich] 3309/10500 RJ271258: tags=6 desc=586 img=hi [cached]
[cache] RJ01307663
[enrich] 3310/10500 RJ01307663: tags=6 desc=106 img=hi [cached]
[cache] RJ01434589
[enrich] 3311/10500 RJ01434589: tags=5 desc=75 img=hi [cached]
[cache] RJ403670
[enrich] 3312/10500 RJ403670: tags=6 desc=382 img=hi [cached]
[cache] RJ353785
[enrich] 3313/10500 RJ353785: tags=4 desc=94 img=hi [cached]
[cache] RJ203035
[enrich] 3314/10500 RJ203035: tags=6 desc=122 img=hi [cached]
[cache] RJ01038345
[enrich] 3315/10500 RJ01038345: tags=6 desc=214 img=hi [cached]
[cache] RJ01140559
[enrich] 3316/10500 RJ01140559: tags=6 desc=352 img=hi [cached]
[cache] RJ01014245
[enrich] 3317/10500 RJ01014245: tags=6 desc=707 img=hi [cached]
[cache] RJ275294
[enrich] 3318/10500 RJ275294: tags=4 desc=96 img=hi [cached]
[cache] RJ077954
[enrich] 3319/10500 RJ077954: tags=6 desc=611 img=hi [cached]
[cache] RJ358335
[enrich] 3320/10500 RJ358335: tags=6 desc=542 img=hi [cached]
[cache] RJ217831
[enrich] 3321/10500 RJ217831: tags=6 desc=125 img=hi [cached]
[cache] RJ311226
[enrich] 3322/10500 RJ311226: tags=6 desc=404 img=hi [cached]
[cache] RJ284461
[enrich] 3323/10500 RJ284461: tags=6 desc=508 img=hi [cached]
[cache] RJ289867
[enrich] 3324/10500 RJ289867: tags=6 desc=767 img=hi [cached]
[cache] RJ01233991
[enrich] 3325/10500 RJ01233991: tags=6 desc=624 img=hi [cached]
[save] partial 3325/10500: 10500 works → /workspace/dlsite-promo-site/data/works.json
[cache] RJ401794
[enrich] 3326/10500 RJ401794: tags=6 desc=446 img=hi [cached]
[cache] RJ01177470
[enrich] 3327/10500 RJ01177470: tags=6 desc=201 img=hi [cached]
[cache] RJ180724
[enrich] 3328/10500 RJ180724: tags=6 desc=654 img=hi [cached]
[cache] RJ103523
[enrich] 3329/10500 RJ103523: tags=6 desc=485 img=hi [cached]
[cache] RJ102820
[enrich] 3330/10500 RJ102820: tags=6 desc=1081 img=hi [cached]
[cache] RJ239186
[enrich] 3331/10500 RJ239186: tags=6 desc=1201 img=hi [cached]
[cache] RJ313210
[enrich] 3332/10500 RJ313210: tags=6 desc=1968 img=hi [cached]
[cache] RJ343891
[enrich] 3333/10500 RJ343891: tags=6 desc=1543 img=hi [cached]
[cache] RJ01104336
[enrich] 3334/10500 RJ01104336: tags=6 desc=1260 img=hi [cached]
[cache] RJ211885
[enrich] 3335/10500 RJ211885: tags=6 desc=870 img=hi [cached]
[cache] RJ106851
[enrich] 3336/10500 RJ106851: tags=6 desc=847 img=hi [cached]
[cache] RJ01233190
[enrich] 3337/10500 RJ01233190: tags=6 desc=1080 img=hi [cached]
[cache] RJ318643
[enrich] 3338/10500 RJ318643: tags=6 desc=944 img=hi [cached]
[cache] RJ01072476
[enrich] 3339/10500 RJ01072476: tags=6 desc=414 img=hi [cached]
[cache] RJ238776
[enrich] 3340/10500 RJ238776: tags=6 desc=979 img=hi [cached]
[cache] RJ01225955
[enrich] 3341/10500 RJ01225955: tags=6 desc=1337 img=hi [cached]
[cache] RJ272052
[enrich] 3342/10500 RJ272052: tags=6 desc=1162 img=hi [cached]
[cache] RJ213606
[enrich] 3343/10500 RJ213606: tags=6 desc=1415 img=hi [cached]
[cache] RJ314482
[enrich] 3344/10500 RJ314482: tags=6 desc=1698 img=hi [cached]
[cache] RJ01277734
[enrich] 3345/10500 RJ01277734: tags=6 desc=1587 img=hi [cached]
[cache] RJ198900
[enrich] 3346/10500 RJ198900: tags=6 desc=1119 img=hi [cached]
[cache] RJ364256
[enrich] 3347/10500 RJ364256: tags=6 desc=2170 img=hi [cached]
[cache] RJ154687
[enrich] 3348/10500 RJ154687: tags=6 desc=941 img=hi [cached]
[cache] RJ01075172
[enrich] 3349/10500 RJ01075172: tags=6 desc=1313 img=hi [cached]
[cache] RJ369214
[enrich] 3350/10500 RJ369214: tags=6 desc=364 img=hi [cached]
[save] partial 3350/10500: 10500 works → /workspace/dlsite-promo-site/data/works.json
[cache] RJ310786
[enrich] 3351/10500 RJ310786: tags=6 desc=1363 img=hi [cached]
[cache] RJ113935
[enrich] 3352/10500 RJ113935: tags=6 desc=354 img=hi [cached]
[cache] RJ138261
[enrich] 3353/10500 RJ138261: tags=6 desc=1965 img=hi [cached]
[cache] RJ162946
[enrich] 3354/10500 RJ162946: tags=5 desc=731 img=hi [cached]
[cache] RJ01138218
[enrich] 3355/10500 RJ01138218: tags=6 desc=1280 img=hi [cached]
[cache] RJ268129
[enrich] 3356/10500 RJ268129: tags=6 desc=1699 img=hi [cached]
[cache] RJ435864
[enrich] 3357/10500 RJ435864: tags=6 desc=2051 img=hi [cached]
[cache] RJ302497
[enrich] 3358/10500 RJ302497: tags=6 desc=1782 img=hi [cached]
[cache] RJ369829
[enrich] 3359/10500 RJ369829: tags=6 desc=517 img=hi [cached]
[cache] RJ342275
[enrich] 3360/10500 RJ342275: tags=6 desc=1219 img=hi [cached]
[cache] RJ01113199
[enrich] 3361/10500 RJ01113199: tags=6 desc=975 img=hi [cached]
[cache] RJ171098
[enrich] 3362/10500 RJ171098: tags=6 desc=1399 img=hi [cached]
[cache] RJ057909
[enrich] 3363/10500 RJ057909: tags=6 desc=1480 img=hi [cached]
[cache] RJ258973
[enrich] 3364/10500 RJ258973: tags=6 desc=2012 img=hi [cached]
[cache] RJ437394
[enrich] 3365/10500 RJ437394: tags=6 desc=263 img=hi [cached]
[cache] RJ01071861
[enrich] 3366/10500 RJ01071861: tags=6 desc=154 img=hi [cached]
[cache] RJ165629
[enrich] 3367/10500 RJ165629: tags=6 desc=1229 img=hi [cached]
[cache] RJ320259
[enrich] 3368/10500 RJ320259: tags=6 desc=858 img=hi [cached]
[cache] RJ336967
[enrich] 3369/10500 RJ336967: tags=6 desc=1424 img=hi [cached]
[cache] RJ100803
[enrich] 3370/10500 RJ100803: tags=6 desc=4042 img=hi [cached]
[cache] RJ016271
[enrich] 3371/10500 RJ016271: tags=4 desc=1511 img=hi [cached]
[cache] RJ015677
[enrich] 3372/10500 RJ015677: tags=3 desc=469 img=hi [cached]
[cache] RJ180894
[enrich] 3373/10500 RJ180894: tags=5 desc=337 img=hi [cached]
[cache] RJ01433228
[enrich] 3374/10500 RJ01433228: tags=6 desc=1089 img=hi [cached]
[cache] RJ065783
[enrich] 3375/10500 RJ065783: tags=6 desc=718 img=hi [cached]
[save] partial 3375/10500: 10500 works → /workspace/dlsite-promo-site/data/works.json
[cache] RJ093003
[enrich] 3376/10500 RJ093003: tags=6 desc=448 img=hi [cached]
[cache] RJ01302916
[enrich] 3377/10500 RJ01302916: tags=6 desc=1425 img=hi [cached]
[cache] RJ01242234
[enrich] 3378/10500 RJ01242234: tags=6 desc=888 img=hi [cached]
[cache] RJ027213
[enrich] 3379/10500 RJ027213: tags=6 desc=1096 img=hi [cached]
[cache] RJ406616
[enrich] 3380/10500 RJ406616: tags=6 desc=702 img=hi [cached]
[cache] RJ035214
[enrich] 3381/10500 RJ035214: tags=6 desc=778 img=hi [cached]
[cache] RJ017643
[enrich] 3382/10500 RJ017643: tags=5 desc=1026 img=hi [cached]
[cache] RJ199575
[enrich] 3383/10500 RJ199575: tags=6 desc=358 img=hi [cached]
[cache] RJ092739
[enrich] 3384/10500 RJ092739: tags=6 desc=1961 img=hi [cached]
[cache] RJ017489
[enrich] 3385/10500 RJ017489: tags=2 desc=694 img=hi [cached]
[cache] RJ007751
[enrich] 3386/10500 RJ007751: tags=2 desc=180 img=hi [cached]
[cache] RJ093812
[enrich] 3387/10500 RJ093812: tags=6 desc=623 img=hi [cached]
[cache] RJ081982
[enrich] 3388/10500 RJ081982: tags=6 desc=1346 img=hi [cached]
[cache] RJ180668
[enrich] 3389/10500 RJ180668: tags=6 desc=692 img=hi [cached]
[cache] RJ096251
[enrich] 3390/10500 RJ096251: tags=6 desc=308 img=hi [cached]
[cache] RJ105575
[enrich] 3391/10500 RJ105575: tags=6 desc=605 img=hi [cached]
[cache] RJ086901
[enrich] 3392/10500 RJ086901: tags=6 desc=727 img=hi [cached]
[cache] RJ315204
[enrich] 3393/10500 RJ315204: tags=6 desc=531 img=hi [cached]
[cache] RJ178594
[enrich] 3394/10500 RJ178594: tags=6 desc=1446 img=hi [cached]
[cache] RJ123839
[enrich] 3395/10500 RJ123839: tags=6 desc=696 img=hi [cached]
[cache] RJ167937
[enrich] 3396/10500 RJ167937: tags=6 desc=415 img=hi [cached]
[cache] RJ054216
[enrich] 3397/10500 RJ054216: tags=6 desc=762 img=hi [cached]
[cache] RJ214802
[enrich] 3398/10500 RJ214802: tags=5 desc=2191 img=hi [cached]
[cache] RJ01479601
[enrich] 3399/10500 RJ01479601: tags=6 desc=148 img=hi [cached]
[cache] RJ050526
[enrich] 3400/10500 RJ050526: tags=6 desc=1448 img=hi [cached]
[save] partial 3400/10500: 10500 works → /workspace/dlsite-promo-site/data/works.json
[cache] RJ01341908
[enrich] 3401/10500 RJ01341908: tags=4 desc=393 img=hi [cached]
[cache] RJ282454
[enrich] 3402/10500 RJ282454: tags=6 desc=391 img=hi [cached]
[cache] RJ007987
[enrich] 3403/10500 RJ007987: tags=6 desc=311 img=hi [cached]
[cache] RJ01448686
[enrich] 3404/10500 RJ01448686: tags=6 desc=805 img=hi [cached]
[cache] RJ098874
[enrich] 3405/10500 RJ098874: tags=6 desc=287 img=hi [cached]
[cache] RJ052153
[enrich] 3406/10500 RJ052153: tags=6 desc=373 img=hi [cached]
[cache] RJ124923
[enrich] 3407/10500 RJ124923: tags=6 desc=1594 img=hi [cached]
[cache] RJ402762
[enrich] 3408/10500 RJ402762: tags=6 desc=547 img=hi [cached]
[cache] RJ146609
[enrich] 3409/10500 RJ146609: tags=6 desc=1539 img=hi [cached]
[cache] RJ175039
[enrich] 3410/10500 RJ175039: tags=6 desc=1001 img=hi [cached]
[cache] RJ175263
[enrich] 3411/10500 RJ175263: tags=6 desc=844 img=hi [cached]
[cache] RJ362528
[enrich] 3412/10500 RJ362528: tags=6 desc=1413 img=hi [cached]
[cache] RJ204371
[enrich] 3413/10500 RJ204371: tags=6 desc=408 img=hi [cached]
[cache] RJ202661
[enrich] 3414/10500 RJ202661: tags=6 desc=431 img=hi [cached]
[cache] RJ01252415
[enrich] 3415/10500 RJ01252415: tags=6 desc=208 img=hi [cached]
[cache] RJ01063798
[enrich] 3416/10500 RJ01063798: tags=6 desc=2122 img=hi [cached]
[cache] RJ105834
[enrich] 3417/10500 RJ105834: tags=6 desc=690 img=hi [cached]
[cache] RJ435112
[enrich] 3418/10500 RJ435112: tags=6 desc=1666 img=hi [cached]
[cache] RJ01472150
[enrich] 3419/10500 RJ01472150: tags=6 desc=416 img=hi [cached]
[cache] RJ136508
[enrich] 3420/10500 RJ136508: tags=6 desc=352 img=hi [cached]
[cache] RJ146166
[enrich] 3421/10500 RJ146166: tags=6 desc=649 img=hi [cached]
[cache] RJ332767
[enrich] 3422/10500 RJ332767: tags=6 desc=1336 img=hi [cached]
[cache] RJ313911
[enrich] 3423/10500 RJ313911: tags=6 desc=487 img=hi [cached]
[cache] RJ158120
[enrich] 3424/10500 RJ158120: tags=6 desc=286 img=hi [cached]
[cache] RJ237312
[enrich] 3425/10500 RJ237312: tags=6 desc=1929 img=hi [cached]
[save] partial 3425/10500: 10500 works → /workspace/dlsite-promo-site/data/works.json
[cache] RJ01609435
[enrich] 3426/10500 RJ01609435: tags=6 desc=1170 img=hi [cached]
[cache] RJ01634952
[enrich] 3427/10500 RJ01634952: tags=6 desc=318 img=hi [cached]
[cache] RJ218222
[enrich] 3428/10500 RJ218222: tags=6 desc=740 img=hi [cached]
[cache] RJ122365
[enrich] 3429/10500 RJ122365: tags=6 desc=916 img=hi [cached]
[cache] RJ01156735
[enrich] 3430/10500 RJ01156735: tags=6 desc=300 img=hi [cached]
[cache] RJ146653
[enrich] 3431/10500 RJ146653: tags=6 desc=1186 img=hi [cached]
[cache] RJ087643
[enrich] 3432/10500 RJ087643: tags=6 desc=2697 img=hi [cached]
[cache] RJ096156
[enrich] 3433/10500 RJ096156: tags=5 desc=2035 img=hi [cached]
[cache] RJ202707
[enrich] 3434/10500 RJ202707: tags=4 desc=390 img=hi [cached]
[cache] RJ144945
[enrich] 3435/10500 RJ144945: tags=6 desc=531 img=hi [cached]
[cache] RJ324956
[enrich] 3436/10500 RJ324956: tags=6 desc=381 img=hi [cached]
[cache] RJ300637
[enrich] 3437/10500 RJ300637: tags=6 desc=712 img=hi [cached]
[cache] RJ354387
[enrich] 3438/10500 RJ354387: tags=6 desc=452 img=hi [cached]
[cache] RJ142247
[enrich] 3439/10500 RJ142247: tags=6 desc=312 img=hi [cached]
[cache] RJ436932
[enrich] 3440/10500 RJ436932: tags=6 desc=535 img=hi [cached]
[cache] RJ245166
[enrich] 3441/10500 RJ245166: tags=5 desc=924 img=hi [cached]
[cache] RJ264136
[enrich] 3442/10500 RJ264136: tags=5 desc=590 img=hi [cached]
[cache] RJ105783
[enrich] 3443/10500 RJ105783: tags=6 desc=749 img=hi [cached]
[cache] RJ152497
[enrich] 3444/10500 RJ152497: tags=6 desc=626 img=hi [cached]
[cache] RJ353478
[enrich] 3445/10500 RJ353478: tags=6 desc=351 img=hi [cached]
[cache] RJ337759
[enrich] 3446/10500 RJ337759: tags=6 desc=654 img=hi [cached]
[cache] RJ241084
[enrich] 3447/10500 RJ241084: tags=6 desc=503 img=hi [cached]
[cache] RJ305118
[enrich] 3448/10500 RJ305118: tags=6 desc=450 img=hi [cached]
[cache] RJ01044698
[enrich] 3449/10500 RJ01044698: tags=6 desc=170 img=hi [cached]
[cache] RJ01341605
[enrich] 3450/10500 RJ01341605: tags=6 desc=445 img=hi [cached]
[save] partial 3450/10500: 10500 works → /workspace/dlsite-promo-site/data/works.json
[cache] RJ396765
[enrich] 3451/10500 RJ396765: tags=6 desc=1093 img=hi [cached]
[cache] RJ01198003
[enrich] 3452/10500 RJ01198003: tags=6 desc=734 img=hi [cached]
[cache] RJ180948
[enrich] 3453/10500 RJ180948: tags=6 desc=1722 img=hi [cached]
[cache] RJ295516
[enrich] 3454/10500 RJ295516: tags=4 desc=110 img=hi [cached]
[cache] RJ269587
[enrich] 3455/10500 RJ269587: tags=6 desc=464 img=hi [cached]
[cache] RJ212385
[enrich] 3456/10500 RJ212385: tags=1 desc=643 img=hi [cached]
[cache] RJ227617
[enrich] 3457/10500 RJ227617: tags=6 desc=448 img=hi [cached]
[cache] RJ327438
[enrich] 3458/10500 RJ327438: tags=6 desc=343 img=hi [cached]
[cache] RJ398847
[enrich] 3459/10500 RJ398847: tags=6 desc=810 img=hi [cached]
[cache] RJ233336
[enrich] 3460/10500 RJ233336: tags=6 desc=469 img=hi [cached]
[cache] RJ223106
[enrich] 3461/10500 RJ223106: tags=6 desc=864 img=hi [cached]
[cache] RJ404670
[enrich] 3462/10500 RJ404670: tags=6 desc=261 img=hi [cached]
[enrich] 3463/10500 RJ440418: tags=0 desc=8 img=hi
[cache] RJ135553
[enrich] 3464/10500 RJ135553: tags=3 desc=160 img=hi [cached]
[cache] RJ01154493
[enrich] 3465/10500 RJ01154493: tags=6 desc=306 img=hi [cached]
[cache] RJ213258
[enrich] 3466/10500 RJ213258: tags=4 desc=146 img=hi [cached]
[cache] RJ097028
[enrich] 3467/10500 RJ097028: tags=4 desc=565 img=hi [cached]
[cache] RJ219233
[enrich] 3468/10500 RJ219233: tags=6 desc=1274 img=hi [cached]
[cache] RJ335079
[enrich] 3469/10500 RJ335079: tags=6 desc=2090 img=hi [cached]
[cache] RJ399616
[enrich] 3470/10500 RJ399616: tags=6 desc=560 img=hi [cached]
[cache] RJ188870
[enrich] 3471/10500 RJ188870: tags=6 desc=782 img=hi [cached]
[cache] RJ338928
[enrich] 3472/10500 RJ338928: tags=6 desc=370 img=hi [cached]
[cache] RJ291656
[enrich] 3473/10500 RJ291656: tags=6 desc=676 img=hi [cached]
[cache] RJ434579
[enrich] 3474/10500 RJ434579: tags=6 desc=558 img=hi [cached]
[cache] RJ165239
[enrich] 3475/10500 RJ165239: tags=6 desc=600 img=hi [cached]
[save] partial 3475/10500: 10500 works → /workspace/dlsite-promo-site/data/works.json
[cache] RJ319136
[enrich] 3476/10500 RJ319136: tags=6 desc=361 img=hi [cached]
[cache] RJ389889
[enrich] 3477/10500 RJ389889: tags=6 desc=665 img=hi [cached]
[cache] RJ241393
[enrich] 3478/10500 RJ241393: tags=6 desc=1809 img=hi [cached]
[cache] RJ01296900
[enrich] 3479/10500 RJ01296900: tags=6 desc=377 img=hi [cached]
[cache] RJ236695
[enrich] 3480/10500 RJ236695: tags=6 desc=1152 img=hi [cached]
[cache] RJ117373
[enrich] 3481/10500 RJ117373: tags=6 desc=1230 img=hi [cached]
[cache] RJ114246
[enrich] 3482/10500 RJ114246: tags=6 desc=908 img=hi [cached]
[cache] RJ410354
[enrich] 3483/10500 RJ410354: tags=6 desc=284 img=hi [cached]
[cache] RJ201794
[enrich] 3484/10500 RJ201794: tags=6 desc=208 img=hi [cached]
[cache] RJ388105
[enrich] 3485/10500 RJ388105: tags=6 desc=697 img=hi [cached]
[cache] RJ085810
[enrich] 3486/10500 RJ085810: tags=3 desc=365 img=hi [cached]
[cache] RJ01182535
[enrich] 3487/10500 RJ01182535: tags=6 desc=1073 img=hi [cached]
[cache] RJ060311
[enrich] 3488/10500 RJ060311: tags=4 desc=1972 img=hi [cached]
[cache] RJ214613
[enrich] 3489/10500 RJ214613: tags=6 desc=751 img=hi [cached]
[cache] RJ190074
[enrich] 3490/10500 RJ190074: tags=6 desc=545 img=hi [cached]
[cache] RJ189456
[enrich] 3491/10500 RJ189456: tags=6 desc=673 img=hi [cached]
[cache] RJ240341
[enrich] 3492/10500 RJ240341: tags=6 desc=549 img=hi [cached]
[cache] RJ230389
[enrich] 3493/10500 RJ230389: tags=6 desc=966 img=hi [cached]
[cache] RJ385495
[enrich] 3494/10500 RJ385495: tags=6 desc=406 img=hi [cached]
[cache] RJ184057
[enrich] 3495/10500 RJ184057: tags=5 desc=337 img=hi [cached]
[cache] RJ131871
[enrich] 3496/10500 RJ131871: tags=6 desc=1086 img=hi [cached]
[cache] RJ240272
[enrich] 3497/10500 RJ240272: tags=5 desc=451 img=hi [cached]
[cache] RJ277687
[enrich] 3498/10500 RJ277687: tags=6 desc=484 img=hi [cached]
[cache] RJ01044099
[enrich] 3499/10500 RJ01044099: tags=6 desc=501 img=hi [cached]
[cache] RJ390843
[enrich] 3500/10500 RJ390843: tags=6 desc=575 img=hi [cached]
[save] partial 3500/10500: 10500 works → /workspace/dlsite-promo-site/data/works.json
[cache] RJ106236
[enrich] 3501/10500 RJ106236: tags=6 desc=1294 img=hi [cached]
[cache] RJ280406
[enrich] 3502/10500 RJ280406: tags=6 desc=550 img=hi [cached]
[cache] RJ257519
[enrich] 3503/10500 RJ257519: tags=6 desc=223 img=hi [cached]
[cache] RJ01051697
[enrich] 3504/10500 RJ01051697: tags=6 desc=438 img=hi [cached]
[cache] RJ398865
[enrich] 3505/10500 RJ398865: tags=6 desc=597 img=hi [cached]
[cache] RJ281712
[enrich] 3506/10500 RJ281712: tags=6 desc=1308 img=hi [cached]
[cache] RJ151559
[enrich] 3507/10500 RJ151559: tags=6 desc=1616 img=hi [cached]
[cache] RJ392795
[enrich] 3508/10500 RJ392795: tags=6 desc=350 img=hi [cached]
[cache] RJ186503
[enrich] 3509/10500 RJ186503: tags=6 desc=1298 img=hi [cached]
[cache] RJ202546
[enrich] 3510/10500 RJ202546: tags=6 desc=121 img=hi [cached]
[cache] RJ142659
[enrich] 3511/10500 RJ142659: tags=6 desc=357 img=hi [cached]
[cache] RJ327484
[enrich] 3512/10500 RJ327484: tags=6 desc=259 img=hi [cached]
[cache] RJ347977
[enrich] 3513/10500 RJ347977: tags=6 desc=297 img=hi [cached]
[cache] RJ388073
[enrich] 3514/10500 RJ388073: tags=6 desc=312 img=hi [cached]
[cache] RJ014481
[enrich] 3515/10500 RJ014481: tags=2 desc=130 img=hi [cached]
[cache] RJ153942
[enrich] 3516/10500 RJ153942: tags=6 desc=664 img=hi [cached]
[cache] RJ310387
[enrich] 3517/10500 RJ310387: tags=6 desc=1891 img=hi [cached]
[cache] RJ294398
[enrich] 3518/10500 RJ294398: tags=6 desc=531 img=hi [cached]
[cache] RJ170495
[enrich] 3519/10500 RJ170495: tags=6 desc=303 img=hi [cached]
[cache] RJ299013
[enrich] 3520/10500 RJ299013: tags=6 desc=640 img=hi [cached]
[cache] RJ137949
[enrich] 3521/10500 RJ137949: tags=6 desc=265 img=hi [cached]
[cache] RJ168207
[enrich] 3522/10500 RJ168207: tags=6 desc=1388 img=hi [cached]
[cache] RJ297785
[enrich] 3523/10500 RJ297785: tags=6 desc=658 img=hi [cached]
[cache] RJ01007757
[enrich] 3524/10500 RJ01007757: tags=6 desc=895 img=hi [cached]
[cache] RJ173209
[enrich] 3525/10500 RJ173209: tags=6 desc=567 img=hi [cached]
[save] partial 3525/10500: 10500 works → /workspace/dlsite-promo-site/data/works.json
[cache] RJ074508
[enrich] 3526/10500 RJ074508: tags=3 desc=174 img=hi [cached]
[cache] RJ148453
[enrich] 3527/10500 RJ148453: tags=6 desc=575 img=hi [cached]
[cache] RJ01035489
[enrich] 3528/10500 RJ01035489: tags=6 desc=642 img=hi [cached]
[cache] RJ315979
[enrich] 3529/10500 RJ315979: tags=6 desc=290 img=hi [cached]
[cache] RJ01384864
[enrich] 3530/10500 RJ01384864: tags=6 desc=899 img=hi [cached]
[cache] RJ297145
[enrich] 3531/10500 RJ297145: tags=6 desc=476 img=hi [cached]
[cache] RJ286996
[enrich] 3532/10500 RJ286996: tags=6 desc=804 img=hi [cached]
[cache] RJ103524
[enrich] 3533/10500 RJ103524: tags=5 desc=325 img=hi [cached]
[cache] RJ01238359
[enrich] 3534/10500 RJ01238359: tags=6 desc=419 img=hi [cached]
[cache] RJ01128774
[enrich] 3535/10500 RJ01128774: tags=6 desc=1154 img=hi [cached]
[cache] RJ296592
[enrich] 3536/10500 RJ296592: tags=6 desc=362 img=hi [cached]
[cache] RJ01209175
[enrich] 3537/10500 RJ01209175: tags=6 desc=1249 img=hi [cached]
[cache] RJ151512
[enrich] 3538/10500 RJ151512: tags=6 desc=420 img=hi [cached]
[cache] RJ292165
[enrich] 3539/10500 RJ292165: tags=6 desc=326 img=hi [cached]
[cache] RJ395921
[enrich] 3540/10500 RJ395921: tags=6 desc=302 img=hi [cached]
[cache] RJ01525764
[enrich] 3541/10500 RJ01525764: tags=6 desc=1170 img=hi [cached]
[cache] RJ001812
[enrich] 3542/10500 RJ001812: tags=0 desc=222 img=hi [cached]
[cache] RJ146965
[enrich] 3543/10500 RJ146965: tags=6 desc=892 img=hi [cached]
[cache] RJ179609
[enrich] 3544/10500 RJ179609: tags=6 desc=308 img=hi [cached]
[cache] RJ347726
[enrich] 3545/10500 RJ347726: tags=6 desc=177 img=hi [cached]
[cache] RJ234937
[enrich] 3546/10500 RJ234937: tags=6 desc=508 img=hi [cached]
[cache] RJ170989
[enrich] 3547/10500 RJ170989: tags=6 desc=1046 img=hi [cached]
[cache] RJ193401
[enrich] 3548/10500 RJ193401: tags=6 desc=121 img=hi [cached]
[cache] RJ035655
[enrich] 3549/10500 RJ035655: tags=6 desc=179 img=hi [cached]
[cache] RJ075628
[enrich] 3550/10500 RJ075628: tags=6 desc=418 img=hi [cached]
[save] partial 3550/10500: 10500 works → /workspace/dlsite-promo-site/data/works.json
[cache] RJ358231
[enrich] 3551/10500 RJ358231: tags=6 desc=516 img=hi [cached]
[cache] RJ01006783
[enrich] 3552/10500 RJ01006783: tags=6 desc=563 img=hi [cached]
[cache] RJ017374
[enrich] 3553/10500 RJ017374: tags=2 desc=392 img=hi [cached]
[cache] RJ379150
[enrich] 3554/10500 RJ379150: tags=6 desc=846 img=hi [cached]
[cache] RJ335752
[enrich] 3555/10500 RJ335752: tags=5 desc=2346 img=hi [cached]
[cache] RJ01411938
[enrich] 3556/10500 RJ01411938: tags=6 desc=911 img=hi [cached]
[cache] RJ058919
[enrich] 3557/10500 RJ058919: tags=6 desc=391 img=hi [cached]
[cache] RJ051947
[enrich] 3558/10500 RJ051947: tags=6 desc=313 img=hi [cached]
[cache] RJ01134173
[enrich] 3559/10500 RJ01134173: tags=6 desc=3041 img=hi [cached]
[cache] RJ071695
[enrich] 3560/10500 RJ071695: tags=6 desc=310 img=hi [cached]
[cache] RJ047495
[enrich] 3561/10500 RJ047495: tags=6 desc=240 img=hi [cached]
[cache] RJ235078
[enrich] 3562/10500 RJ235078: tags=6 desc=855 img=hi [cached]
[cache] RJ01359860
[enrich] 3563/10500 RJ01359860: tags=6 desc=403 img=hi [cached]
[cache] RJ148923
[enrich] 3564/10500 RJ148923: tags=6 desc=327 img=hi [cached]
[cache] RJ01007082
[enrich] 3565/10500 RJ01007082: tags=6 desc=1315 img=hi [cached]
[cache] RJ035064
[enrich] 3566/10500 RJ035064: tags=3 desc=207 img=hi [cached]
[cache] RJ337134
[enrich] 3567/10500 RJ337134: tags=6 desc=504 img=hi [cached]
[cache] RJ267592
[enrich] 3568/10500 RJ267592: tags=6 desc=126 img=hi [cached]
[cache] RJ042140
[enrich] 3569/10500 RJ042140: tags=6 desc=450 img=hi [cached]
[cache] RJ383477
[enrich] 3570/10500 RJ383477: tags=6 desc=197 img=hi [cached]
[cache] RJ082540
[enrich] 3571/10500 RJ082540: tags=6 desc=363 img=hi [cached]
[cache] RJ037048
[enrich] 3572/10500 RJ037048: tags=6 desc=581 img=hi [cached]
[cache] RJ01427673
[enrich] 3573/10500 RJ01427673: tags=6 desc=387 img=hi [cached]
[cache] RJ01149561
[enrich] 3574/10500 RJ01149561: tags=6 desc=648 img=hi [cached]
[cache] RJ01115561
[enrich] 3575/10500 RJ01115561: tags=6 desc=200 img=hi [cached]
[save] partial 3575/10500: 10500 works → /workspace/dlsite-promo-site/data/works.json
[cache] RJ01634901
[enrich] 3576/10500 RJ01634901: tags=6 desc=320 img=hi [cached]
[cache] RJ032038
[enrich] 3577/10500 RJ032038: tags=6 desc=335 img=hi [cached]
[cache] RJ039559
[enrich] 3578/10500 RJ039559: tags=4 desc=303 img=hi [cached]
[cache] RJ401598
[enrich] 3579/10500 RJ401598: tags=6 desc=337 img=hi [cached]
[cache] RJ060773
[enrich] 3580/10500 RJ060773: tags=6 desc=202 img=hi [cached]
[cache] RJ277725
[enrich] 3581/10500 RJ277725: tags=6 desc=565 img=hi [cached]
[cache] RJ077737
[enrich] 3582/10500 RJ077737: tags=6 desc=200 img=hi [cached]
[cache] RJ087855
[enrich] 3583/10500 RJ087855: tags=4 desc=426 img=hi [cached]
[cache] RJ01183801
[enrich] 3584/10500 RJ01183801: tags=6 desc=1294 img=hi [cached]
[cache] RJ01373250
[enrich] 3585/10500 RJ01373250: tags=6 desc=422 img=hi [cached]
[cache] RJ01183209
[enrich] 3586/10500 RJ01183209: tags=6 desc=839 img=hi [cached]
[cache] RJ306698
[enrich] 3587/10500 RJ306698: tags=6 desc=657 img=hi [cached]
[cache] RJ197989
[enrich] 3588/10500 RJ197989: tags=4 desc=513 img=hi [cached]
[cache] RJ292603
[enrich] 3589/10500 RJ292603: tags=6 desc=348 img=hi [cached]
[cache] RJ400535
[enrich] 3590/10500 RJ400535: tags=6 desc=256 img=hi [cached]
[cache] RJ165530
[enrich] 3591/10500 RJ165530: tags=6 desc=961 img=hi [cached]
[cache] RJ114156
[enrich] 3592/10500 RJ114156: tags=6 desc=413 img=hi [cached]
[cache] RJ033848
[enrich] 3593/10500 RJ033848: tags=6 desc=656 img=hi [cached]
[cache] RJ229804
[enrich] 3594/10500 RJ229804: tags=6 desc=494 img=hi [cached]
[cache] RJ439853
[enrich] 3595/10500 RJ439853: tags=5 desc=914 img=hi [cached]
[cache] RJ01112054
[enrich] 3596/10500 RJ01112054: tags=6 desc=672 img=hi [cached]
[cache] RJ234771
[enrich] 3597/10500 RJ234771: tags=6 desc=541 img=hi [cached]
[cache] RJ01094002
[enrich] 3598/10500 RJ01094002: tags=6 desc=253 img=hi [cached]
[cache] RJ394665
[enrich] 3599/10500 RJ394665: tags=6 desc=257 img=hi [cached]
[cache] RJ267157
[enrich] 3600/10500 RJ267157: tags=6 desc=491 img=hi [cached]
[save] partial 3600/10500: 10500 works → /workspace/dlsite-promo-site/data/works.json
[cache] RJ085055
[enrich] 3601/10500 RJ085055: tags=6 desc=761 img=hi [cached]
[cache] RJ01134575
[enrich] 3602/10500 RJ01134575: tags=6 desc=1246 img=hi [cached]
[cache] RJ01119078
[enrich] 3603/10500 RJ01119078: tags=6 desc=320 img=hi [cached]
[cache] RJ016988
[enrich] 3604/10500 RJ016988: tags=5 desc=599 img=hi [cached]
[cache] RJ027962
[enrich] 3605/10500 RJ027962: tags=6 desc=674 img=hi [cached]
[cache] RJ091771
[enrich] 3606/10500 RJ091771: tags=6 desc=467 img=hi [cached]
[cache] RJ345800
[enrich] 3607/10500 RJ345800: tags=6 desc=135 img=hi [cached]
[cache] RJ202716
[enrich] 3608/10500 RJ202716: tags=6 desc=542 img=hi [cached]
[cache] RJ01066559
[enrich] 3609/10500 RJ01066559: tags=6 desc=262 img=hi [cached]
[cache] RJ136595
[enrich] 3610/10500 RJ136595: tags=4 desc=536 img=hi [cached]
[cache] RJ402498
[enrich] 3611/10500 RJ402498: tags=0 desc=361 img=hi [cached]
[cache] RJ01067337
[enrich] 3612/10500 RJ01067337: tags=6 desc=172 img=hi [cached]
[cache] RJ357916
[enrich] 3613/10500 RJ357916: tags=6 desc=446 img=hi [cached]
[cache] RJ037477
[enrich] 3614/10500 RJ037477: tags=3 desc=130 img=hi [cached]
[cache] RJ01649604
[enrich] 3615/10500 RJ01649604: tags=6 desc=1941 img=hi [cached]
[cache] RJ040112
[enrich] 3616/10500 RJ040112: tags=6 desc=457 img=hi [cached]
[cache] RJ196740
[enrich] 3617/10500 RJ196740: tags=6 desc=834 img=hi [cached]
[cache] RJ01381646
[enrich] 3618/10500 RJ01381646: tags=6 desc=2792 img=hi [cached]
[cache] RJ259620
[enrich] 3619/10500 RJ259620: tags=4 desc=2059 img=hi [cached]
[cache] RJ127232
[enrich] 3620/10500 RJ127232: tags=0 desc=2370 img=hi [cached]
[cache] RJ361157
[enrich] 3621/10500 RJ361157: tags=2 desc=402 img=hi [cached]
[cache] RJ276771
[enrich] 3622/10500 RJ276771: tags=5 desc=2046 img=hi [cached]
[cache] RJ218133
[enrich] 3623/10500 RJ218133: tags=6 desc=1121 img=hi [cached]
[cache] RJ371482
[enrich] 3624/10500 RJ371482: tags=6 desc=2364 img=hi [cached]
[cache] RJ239267
[enrich] 3625/10500 RJ239267: tags=1 desc=583 img=hi [cached]
[save] partial 3625/10500: 10500 works → /workspace/dlsite-promo-site/data/works.json
[cache] RJ01295551
[enrich] 3626/10500 RJ01295551: tags=4 desc=2281 img=hi [cached]
[cache] RJ245569
[enrich] 3627/10500 RJ245569: tags=1 desc=420 img=hi [cached]
[cache] RJ01345683
[enrich] 3628/10500 RJ01345683: tags=6 desc=4496 img=hi [cached]
[cache] RJ01361244
[enrich] 3629/10500 RJ01361244: tags=6 desc=555 img=hi [cached]
[cache] RJ235929
[enrich] 3630/10500 RJ235929: tags=3 desc=280 img=hi [cached]
[cache] RJ197809
[enrich] 3631/10500 RJ197809: tags=2 desc=307 img=hi [cached]
[cache] RJ164346
[enrich] 3632/10500 RJ164346: tags=6 desc=892 img=hi [cached]
[cache] RJ217287
[enrich] 3633/10500 RJ217287: tags=0 desc=219 img=hi [cached]
[cache] RJ242869
[enrich] 3634/10500 RJ242869: tags=0 desc=127 img=hi [cached]
[cache] RJ255602
[enrich] 3635/10500 RJ255602: tags=3 desc=385 img=hi [cached]
[cache] RJ304732
[enrich] 3636/10500 RJ304732: tags=0 desc=400 img=hi [cached]
[cache] RJ242924
[enrich] 3637/10500 RJ242924: tags=0 desc=160 img=hi [cached]
[cache] RJ227915
[enrich] 3638/10500 RJ227915: tags=0 desc=184 img=hi [cached]
[cache] RJ387674
[enrich] 3639/10500 RJ387674: tags=0 desc=350 img=hi [cached]
[cache] RJ278760
[enrich] 3640/10500 RJ278760: tags=2 desc=718 img=hi [cached]
[cache] RJ403252
[enrich] 3641/10500 RJ403252: tags=5 desc=1584 img=hi [cached]
[cache] RJ214590
[enrich] 3642/10500 RJ214590: tags=4 desc=663 img=hi [cached]
[cache] RJ222028
[enrich] 3643/10500 RJ222028: tags=0 desc=208 img=hi [cached]
[cache] RJ216782
[enrich] 3644/10500 RJ216782: tags=3 desc=411 img=hi [cached]
[cache] RJ173935
[enrich] 3645/10500 RJ173935: tags=1 desc=113 img=hi [cached]
[cache] RJ290876
[enrich] 3646/10500 RJ290876: tags=4 desc=447 img=hi [cached]
[cache] RJ204374
[enrich] 3647/10500 RJ204374: tags=2 desc=538 img=hi [cached]
[cache] RJ195309
[enrich] 3648/10500 RJ195309: tags=1 desc=204 img=hi [cached]
[cache] RJ272898
[enrich] 3649/10500 RJ272898: tags=3 desc=305 img=hi [cached]
[cache] RJ01494084
[enrich] 3650/10500 RJ01494084: tags=6 desc=2071 img=hi [cached]
[save] partial 3650/10500: 10500 works → /workspace/dlsite-promo-site/data/works.json
[cache] RJ186966
[enrich] 3651/10500 RJ186966: tags=1 desc=180 img=hi [cached]
[cache] RJ272838
[enrich] 3652/10500 RJ272838: tags=3 desc=305 img=hi [cached]
[cache] RJ272896
[enrich] 3653/10500 RJ272896: tags=3 desc=305 img=hi [cached]
[cache] RJ382764
[enrich] 3654/10500 RJ382764: tags=6 desc=827 img=hi [cached]
[cache] RJ292783
[enrich] 3655/10500 RJ292783: tags=0 desc=220 img=hi [cached]
[cache] RJ222792
[enrich] 3656/10500 RJ222792: tags=3 desc=319 img=hi [cached]
[cache] RJ260519
[enrich] 3657/10500 RJ260519: tags=3 desc=260 img=hi [cached]
[cache] RJ217684
[enrich] 3658/10500 RJ217684: tags=6 desc=301 img=hi [cached]
[cache] RJ185595
[enrich] 3659/10500 RJ185595: tags=6 desc=1122 img=hi [cached]
[cache] RJ294694
[enrich] 3660/10500 RJ294694: tags=1 desc=995 img=hi [cached]
[cache] RJ184331
[enrich] 3661/10500 RJ184331: tags=1 desc=407 img=hi [cached]
[cache] RJ276640
[enrich] 3662/10500 RJ276640: tags=1 desc=584 img=hi [cached]
[cache] RJ245877
[enrich] 3663/10500 RJ245877: tags=0 desc=1898 img=hi [cached]
[cache] RJ277544
[enrich] 3664/10500 RJ277544: tags=4 desc=362 img=hi [cached]
[cache] RJ178619
[enrich] 3665/10500 RJ178619: tags=0 desc=147 img=hi [cached]
[cache] RJ296090
[enrich] 3666/10500 RJ296090: tags=4 desc=1007 img=hi [cached]
[cache] RJ285421
[enrich] 3667/10500 RJ285421: tags=1 desc=1096 img=hi [cached]
[cache] RJ103829
[enrich] 3668/10500 RJ103829: tags=1 desc=388 img=hi [cached]
[cache] RJ124674
[enrich] 3669/10500 RJ124674: tags=0 desc=719 img=hi [cached]
[cache] RJ069923
[enrich] 3670/10500 RJ069923: tags=0 desc=82 img=hi [cached]
[cache] RJ242542
[enrich] 3671/10500 RJ242542: tags=4 desc=518 img=hi [cached]
[cache] RJ217688
[enrich] 3672/10500 RJ217688: tags=6 desc=292 img=hi [cached]
[cache] RJ189660
[enrich] 3673/10500 RJ189660: tags=2 desc=785 img=hi [cached]
[cache] RJ277832
[enrich] 3674/10500 RJ277832: tags=3 desc=283 img=hi [cached]
[cache] RJ272492
[enrich] 3675/10500 RJ272492: tags=0 desc=108 img=hi [cached]
[save] partial 3675/10500: 10500 works → /workspace/dlsite-promo-site/data/works.json
[cache] RJ069892
[enrich] 3676/10500 RJ069892: tags=0 desc=79 img=hi [cached]
[cache] RJ290884
[enrich] 3677/10500 RJ290884: tags=6 desc=375 img=hi [cached]
[cache] RJ156976
[enrich] 3678/10500 RJ156976: tags=6 desc=1164 img=hi [cached]
[cache] RJ178626
[enrich] 3679/10500 RJ178626: tags=1 desc=322 img=hi [cached]
[cache] RJ204077
[enrich] 3680/10500 RJ204077: tags=3 desc=330 img=hi [cached]
[cache] RJ291731
[enrich] 3681/10500 RJ291731: tags=3 desc=529 img=hi [cached]
[cache] RJ256995
[enrich] 3682/10500 RJ256995: tags=3 desc=486 img=hi [cached]
[cache] RJ217686
[enrich] 3683/10500 RJ217686: tags=6 desc=292 img=hi [cached]
[cache] RJ267127
[enrich] 3684/10500 RJ267127: tags=4 desc=483 img=hi [cached]
[cache] RJ279013
[enrich] 3685/10500 RJ279013: tags=1 desc=1069 img=hi [cached]
[cache] RJ01676359
[enrich] 3686/10500 RJ01676359: tags=6 desc=3242 img=hi [cached]
[cache] RJ292781
[enrich] 3687/10500 RJ292781: tags=0 desc=134 img=hi [cached]
[cache] RJ229047
[enrich] 3688/10500 RJ229047: tags=0 desc=171 img=hi [cached]
[cache] RJ179088
[enrich] 3689/10500 RJ179088: tags=6 desc=1060 img=hi [cached]
[cache] RJ214891
[enrich] 3690/10500 RJ214891: tags=2 desc=327 img=hi [cached]
[cache] RJ279104
[enrich] 3691/10500 RJ279104: tags=1 desc=81 img=hi [cached]
[cache] RJ381536
[enrich] 3692/10500 RJ381536: tags=4 desc=296 img=hi [cached]
[cache] RJ155304
[enrich] 3693/10500 RJ155304: tags=6 desc=765 img=hi [cached]
[cache] RJ217689
[enrich] 3694/10500 RJ217689: tags=6 desc=292 img=hi [cached]
[cache] RJ217692
[enrich] 3695/10500 RJ217692: tags=6 desc=291 img=hi [cached]
[cache] RJ291709
[enrich] 3696/10500 RJ291709: tags=4 desc=360 img=hi [cached]
[cache] RJ242035
[enrich] 3697/10500 RJ242035: tags=3 desc=1090 img=hi [cached]
[cache] RJ321936
[enrich] 3698/10500 RJ321936: tags=0 desc=1188 img=hi [cached]
[cache] RJ234654
[enrich] 3699/10500 RJ234654: tags=0 desc=1409 img=hi [cached]
[cache] RJ083109
[enrich] 3700/10500 RJ083109: tags=0 desc=60 img=hi [cached]
[save] partial 3700/10500: 10500 works → /workspace/dlsite-promo-site/data/works.json
[cache] RJ259344
[enrich] 3701/10500 RJ259344: tags=5 desc=617 img=hi [cached]
[cache] RJ01103583
[enrich] 3702/10500 RJ01103583: tags=6 desc=193 img=hi [cached]
[cache] RJ217694
[enrich] 3703/10500 RJ217694: tags=6 desc=291 img=hi [cached]
[cache] RJ01463319
[enrich] 3704/10500 RJ01463319: tags=1 desc=276 img=hi [cached]
[cache] RJ217690
[enrich] 3705/10500 RJ217690: tags=6 desc=302 img=hi [cached]
[cache] RJ233350
[enrich] 3706/10500 RJ233350: tags=0 desc=85 img=hi [cached]
[cache] RJ279179
[enrich] 3707/10500 RJ279179: tags=1 desc=79 img=hi [cached]
[cache] RJ256942
[enrich] 3708/10500 RJ256942: tags=1 desc=2036 img=hi [cached]
[cache] RJ01726345
[enrich] 3709/10500 RJ01726345: tags=6 desc=307 img=hi [cached]
[cache] RJ01726323
[enrich] 3710/10500 RJ01726323: tags=6 desc=219 img=hi [cached]
[enrich] 3711/10500 RJ01726248: tags=0 desc=8 img=hi
[cache] RJ01726123
[enrich] 3712/10500 RJ01726123: tags=2 desc=210 img=hi [cached]
[cache] RJ01726118
[enrich] 3713/10500 RJ01726118: tags=1 desc=592 img=hi [cached]
[cache] RJ01726098
[enrich] 3714/10500 RJ01726098: tags=6 desc=325 img=hi [cached]
[cache] RJ01725759
[enrich] 3715/10500 RJ01725759: tags=6 desc=326 img=hi [cached]
[cache] RJ01725411
[enrich] 3716/10500 RJ01725411: tags=6 desc=320 img=hi [cached]
[enrich] 3717/10500 RJ01724383: tags=0 desc=8 img=hi
[enrich] 3718/10500 RJ01724369: tags=0 desc=8 img=hi
[enrich] 3719/10500 RJ01724361: tags=0 desc=8 img=hi
[enrich] 3720/10500 RJ01724355: tags=0 desc=8 img=hi
[enrich] 3721/10500 RJ01724340: tags=0 desc=8 img=hi
[enrich] 3722/10500 RJ01724324: tags=0 desc=8 img=hi
[enrich] 3723/10500 RJ01724314: tags=0 desc=8 img=hi
[enrich] 3724/10500 RJ01724290: tags=0 desc=8 img=hi
[enrich] 3725/10500 RJ01724277: tags=0 desc=8 img=hi
[save] partial 3725/10500: 10500 works → /workspace/dlsite-promo-site/data/works.json
[enrich] 3726/10500 RJ01724273: tags=0 desc=8 img=hi
[enrich] 3727/10500 RJ01724158: tags=0 desc=8 img=hi
[enrich] 3728/10500 RJ01724142: tags=0 desc=8 img=hi
[enrich] 3729/10500 RJ01724136: tags=0 desc=8 img=hi
[enrich] 3730/10500 RJ01724107: tags=0 desc=8 img=hi
[enrich] 3731/10500 RJ01724084: tags=0 desc=8 img=hi
[enrich] 3732/10500 RJ01724074: tags=0 desc=8 img=hi
[enrich] 3733/10500 RJ01724055: tags=0 desc=8 img=hi
[enrich] 3734/10500 RJ01724051: tags=0 desc=8 img=hi
[enrich] 3735/10500 RJ01724041: tags=0 desc=8 img=hi
[enrich] 3736/10500 RJ01724040: tags=0 desc=8 img=hi
[cache] RJ01723739
[enrich] 3737/10500 RJ01723739: tags=1 desc=1073 img=hi [cached]
[enrich] 3738/10500 RJ01723273: tags=0 desc=8 img=hi
[enrich] 3739/10500 RJ01721119: tags=0 desc=8 img=hi
[enrich] 3740/10500 RJ01708567: tags=0 desc=8 img=hi
[cache] RJ01696109
[enrich] 3741/10500 RJ01696109: tags=1 desc=178 img=hi [cached]
[cache] RJ01725898
[enrich] 3742/10500 RJ01725898: tags=5 desc=761 img=hi [cached]
[cache] RJ01725525
[enrich] 3743/10500 RJ01725525: tags=6 desc=170 img=hi [cached]
[cache] RJ01725386
[enrich] 3744/10500 RJ01725386: tags=6 desc=1268 img=hi [cached]
[enrich] 3745/10500 RJ01724588: tags=0 desc=8 img=hi
[enrich] 3746/10500 RJ01724183: tags=0 desc=8 img=hi
[enrich] 3747/10500 RJ01723926: tags=0 desc=8 img=hi
[enrich] 3748/10500 RJ01723905: tags=0 desc=8 img=hi
[enrich] 3749/10500 RJ01723895: tags=0 desc=8 img=hi
[enrich] 3750/10500 RJ01723891: tags=0 desc=8 img=hi
[save] partial 3750/10500: 10500 works → /workspace/dlsite-promo-site/data/works.json
[enrich] 3751/10500 RJ01723871: tags=0 desc=8 img=hi
[enrich] 3752/10500 RJ01723869: tags=0 desc=8 img=hi
[enrich] 3753/10500 RJ01723827: tags=0 desc=8 img=hi
[enrich] 3754/10500 RJ01723798: tags=0 desc=8 img=hi
[enrich] 3755/10500 RJ01723755: tags=0 desc=8 img=hi
[enrich] 3756/10500 RJ01723753: tags=0 desc=8 img=hi
[enrich] 3757/10500 RJ01723728: tags=0 desc=8 img=hi
[cache] RJ01722292
[enrich] 3758/10500 RJ01722292: tags=6 desc=335 img=hi [cached]
[cache] RJ01722053
[enrich] 3759/10500 RJ01722053: tags=6 desc=367 img=hi [cached]
[cache] RJ01721010
[enrich] 3760/10500 RJ01721010: tags=6 desc=946 img=hi [cached]
[cache] RJ01719481
[enrich] 3761/10500 RJ01719481: tags=6 desc=1727 img=hi [cached]
[cache] RJ01719207
[enrich] 3762/10500 RJ01719207: tags=6 desc=1387 img=hi [cached]
[cache] RJ01718616
[enrich] 3763/10500 RJ01718616: tags=6 desc=1590 img=hi [cached]
[cache] RJ01707258
[enrich] 3764/10500 RJ01707258: tags=6 desc=367 img=hi [cached]
[cache] RJ01721724
[enrich] 3765/10500 RJ01721724: tags=6 desc=201 img=hi [cached]
[cache] RJ01719544
[enrich] 3766/10500 RJ01719544: tags=6 desc=229 img=hi [cached]
[cache] RJ01721520
[enrich] 3767/10500 RJ01721520: tags=5 desc=705 img=hi [cached]
[cache] RJ01721433
[enrich] 3768/10500 RJ01721433: tags=3 desc=204 img=hi [cached]
[cache] RJ01720959
[enrich] 3769/10500 RJ01720959: tags=6 desc=285 img=hi [cached]
[cache] RJ01720220
[enrich] 3770/10500 RJ01720220: tags=6 desc=1210 img=hi [cached]
[cache] RJ01719098
[enrich] 3771/10500 RJ01719098: tags=6 desc=1647 img=hi [cached]
[cache] RJ01718516
[enrich] 3772/10500 RJ01718516: tags=6 desc=1950 img=hi [cached]
[enrich] 3773/10500 RJ01718215: tags=0 desc=8 img=hi
[cache] RJ01717781
[enrich] 3774/10500 RJ01717781: tags=6 desc=953 img=hi [cached]
[cache] RJ01714767
[enrich] 3775/10500 RJ01714767: tags=5 desc=1340 img=hi [cached]
[save] partial 3775/10500: 10500 works → /workspace/dlsite-promo-site/data/works.json
[cache] RJ01711961
[enrich] 3776/10500 RJ01711961: tags=6 desc=590 img=hi [cached]
[cache] RJ01708516
[enrich] 3777/10500 RJ01708516: tags=6 desc=2343 img=hi [cached]
[cache] RJ01695080
[enrich] 3778/10500 RJ01695080: tags=6 desc=248 img=hi [cached]
[cache] RJ01665308
[enrich] 3779/10500 RJ01665308: tags=6 desc=758 img=hi [cached]
[cache] RJ01721570
[enrich] 3780/10500 RJ01721570: tags=6 desc=419 img=hi [cached]
[cache] RJ01721489
[enrich] 3781/10500 RJ01721489: tags=6 desc=592 img=hi [cached]
[cache] RJ01721362
[enrich] 3782/10500 RJ01721362: tags=6 desc=694 img=hi [cached]
[cache] RJ01721132
[enrich] 3783/10500 RJ01721132: tags=3 desc=583 img=hi [cached]
[cache] RJ01720950
[enrich] 3784/10500 RJ01720950: tags=6 desc=253 img=hi [cached]
[cache] RJ01720944
[enrich] 3785/10500 RJ01720944: tags=6 desc=245 img=hi [cached]
[cache] RJ01720940
[enrich] 3786/10500 RJ01720940: tags=6 desc=265 img=hi [cached]
[cache] RJ01720931
[enrich] 3787/10500 RJ01720931: tags=6 desc=261 img=hi [cached]
[cache] RJ01720727
[enrich] 3788/10500 RJ01720727: tags=6 desc=1417 img=hi [cached]
[cache] RJ01720724
[enrich] 3789/10500 RJ01720724: tags=6 desc=106 img=hi [cached]
[cache] RJ01719789
[enrich] 3790/10500 RJ01719789: tags=6 desc=214 img=hi [cached]
[cache] RJ01720925
[enrich] 3791/10500 RJ01720925: tags=6 desc=271 img=hi [cached]
[cache] RJ01720919
[enrich] 3792/10500 RJ01720919: tags=6 desc=262 img=hi [cached]
[cache] RJ01720916
[enrich] 3793/10500 RJ01720916: tags=6 desc=154 img=hi [cached]
[cache] RJ01720894
[enrich] 3794/10500 RJ01720894: tags=6 desc=3745 img=hi [cached]
[cache] RJ01720828
[enrich] 3795/10500 RJ01720828: tags=6 desc=373 img=hi [cached]
[cache] RJ01720660
[enrich] 3796/10500 RJ01720660: tags=6 desc=862 img=hi [cached]
[cache] RJ01720642
[enrich] 3797/10500 RJ01720642: tags=6 desc=686 img=hi [cached]
[cache] RJ01720608
[enrich] 3798/10500 RJ01720608: tags=2 desc=1143 img=hi [cached]
[cache] RJ01717550
[enrich] 3799/10500 RJ01717550: tags=6 desc=1119 img=hi [cached]
[cache] RJ01716586
[enrich] 3800/10500 RJ01716586: tags=6 desc=190 img=hi [cached]
[save] partial 3800/10500: 10500 works → /workspace/dlsite-promo-site/data/works.json
[cache] RJ01712818
[enrich] 3801/10500 RJ01712818: tags=6 desc=833 img=hi [cached]
[cache] RJ01709236
[enrich] 3802/10500 RJ01709236: tags=6 desc=841 img=hi [cached]
[cache] RJ01707241
[enrich] 3803/10500 RJ01707241: tags=5 desc=1271 img=hi [cached]
[cache] RJ01695592
[enrich] 3804/10500 RJ01695592: tags=3 desc=784 img=hi [cached]
[cache] RJ01683692
[enrich] 3805/10500 RJ01683692: tags=5 desc=53 img=hi [cached]
[cache] RJ01720298
[enrich] 3806/10500 RJ01720298: tags=6 desc=386 img=hi [cached]
[cache] RJ01720252
[enrich] 3807/10500 RJ01720252: tags=6 desc=791 img=hi [cached]
[cache] RJ01720228
[enrich] 3808/10500 RJ01720228: tags=6 desc=584 img=hi [cached]
[cache] RJ01720038
[enrich] 3809/10500 RJ01720038: tags=6 desc=1027 img=hi [cached]
[cache] RJ01711742
[enrich] 3810/10500 RJ01711742: tags=6 desc=1652 img=hi [cached]
[cache] RJ01699655
[enrich] 3811/10500 RJ01699655: tags=6 desc=1165 img=hi [cached]
[cache] RJ01719953
[enrich] 3812/10500 RJ01719953: tags=6 desc=1078 img=hi [cached]
[cache] RJ01719552
[enrich] 3813/10500 RJ01719552: tags=6 desc=1332 img=hi [cached]
[cache] RJ01719380
[enrich] 3814/10500 RJ01719380: tags=4 desc=778 img=hi [cached]
[cache] RJ01718153
[enrich] 3815/10500 RJ01718153: tags=5 desc=109 img=hi [cached]
[cache] RJ01719259
[enrich] 3816/10500 RJ01719259: tags=5 desc=605 img=hi [cached]
[cache] RJ01718459
[enrich] 3817/10500 RJ01718459: tags=6 desc=1301 img=hi [cached]
[cache] RJ01717942
[enrich] 3818/10500 RJ01717942: tags=6 desc=2061 img=hi [cached]
[cache] RJ01717544
[enrich] 3819/10500 RJ01717544: tags=6 desc=971 img=hi [cached]
[cache] RJ01716823
[enrich] 3820/10500 RJ01716823: tags=6 desc=2311 img=hi [cached]
[cache] RJ01716783
[enrich] 3821/10500 RJ01716783: tags=5 desc=362 img=hi [cached]
[cache] RJ01705486
[enrich] 3822/10500 RJ01705486: tags=5 desc=2162 img=hi [cached]
[cache] RJ01704757
[enrich] 3823/10500 RJ01704757: tags=6 desc=1409 img=hi [cached]
[cache] RJ01647434
[enrich] 3824/10500 RJ01647434: tags=6 desc=2485 img=hi [cached]
[cache] RJ01677355
[enrich] 3825/10500 RJ01677355: tags=6 desc=2044 img=hi [cached]
[save] partial 3825/10500: 10500 works → /workspace/dlsite-promo-site/data/works.json
[cache] RJ01718636
[enrich] 3826/10500 RJ01718636: tags=3 desc=447 img=hi [cached]
[cache] RJ01718573
[enrich] 3827/10500 RJ01718573: tags=6 desc=638 img=hi [cached]
[cache] RJ01718561
[enrich] 3828/10500 RJ01718561: tags=6 desc=2071 img=hi [cached]
[cache] RJ01717947
[enrich] 3829/10500 RJ01717947: tags=3 desc=70 img=hi [cached]
[cache] RJ01717323
[enrich] 3830/10500 RJ01717323: tags=6 desc=1217 img=hi [cached]
[cache] RJ01717243
[enrich] 3831/10500 RJ01717243: tags=5 desc=533 img=hi [cached]
[cache] RJ01717139
[enrich] 3832/10500 RJ01717139: tags=6 desc=565 img=hi [cached]
[enrich] 3833/10500 RJ01717557: tags=0 desc=8 img=hi
[enrich] 3834/10500 RJ01716898: tags=0 desc=8 img=hi
[enrich] 3835/10500 RJ01716668: tags=0 desc=8 img=hi
[enrich] 3836/10500 RJ01716627: tags=0 desc=8 img=hi
[cache] RJ01720160
[enrich] 3837/10500 RJ01720160: tags=0 desc=612 img=hi [cached]
[cache] RJ01720064
[enrich] 3838/10500 RJ01720064: tags=5 desc=517 img=hi [cached]
[cache] RJ01720058
[enrich] 3839/10500 RJ01720058: tags=0 desc=121 img=hi [cached]
[cache] RJ01719856
[enrich] 3840/10500 RJ01719856: tags=3 desc=40 img=hi [cached]
[cache] RJ01669710
[enrich] 3841/10500 RJ01669710: tags=6 desc=503 img=hi [cached]
[cache] RJ01719767
[enrich] 3842/10500 RJ01719767: tags=0 desc=630 img=hi [cached]
[cache] RJ01718253
[enrich] 3843/10500 RJ01718253: tags=5 desc=240 img=hi [cached]
[enrich] 3844/10500 RJ01716049: tags=0 desc=8 img=hi
[cache] RJ01717502
[enrich] 3845/10500 RJ01717502: tags=6 desc=316 img=hi [cached]
[cache] RJ01655345
[enrich] 3846/10500 RJ01655345: tags=6 desc=1095 img=hi [cached]
[cache] RJ01719009
[enrich] 3847/10500 RJ01719009: tags=6 desc=845 img=hi [cached]
[cache] RJ01718433
[enrich] 3848/10500 RJ01718433: tags=6 desc=565 img=hi [cached]
[cache] RJ01717505
[enrich] 3849/10500 RJ01717505: tags=6 desc=835 img=hi [cached]
[cache] RJ01717000
[enrich] 3850/10500 RJ01717000: tags=6 desc=107 img=hi [cached]
[save] partial 3850/10500: 10500 works → /workspace/dlsite-promo-site/data/works.json
[enrich] 3851/10500 RJ01715384: tags=0 desc=8 img=hi
[enrich] 3852/10500 RJ01696393: tags=0 desc=8 img=hi
[cache] RJ01718373
[enrich] 3853/10500 RJ01718373: tags=1 desc=527 img=hi [cached]
[cache] RJ01718135
[enrich] 3854/10500 RJ01718135: tags=2 desc=669 img=hi [cached]
[enrich] 3855/10500 RJ01714964: tags=0 desc=8 img=hi
[enrich] 3856/10500 RJ01714879: tags=0 desc=8 img=hi
[enrich] 3857/10500 RJ01714136: tags=0 desc=8 img=hi
[cache] RJ01715686
[enrich] 3858/10500 RJ01715686: tags=6 desc=520 img=hi [cached]
[enrich] 3859/10500 RJ01714619: tags=0 desc=8 img=hi
[cache] RJ01717756
[enrich] 3860/10500 RJ01717756: tags=6 desc=702 img=hi [cached]
[enrich] 3861/10500 RJ01717104: tags=0 desc=8 img=hi
[enrich] 3862/10500 RJ01714396: tags=0 desc=8 img=hi
[enrich] 3863/10500 RJ01714388: tags=0 desc=8 img=hi
[enrich] 3864/10500 RJ01714342: tags=0 desc=8 img=hi
[enrich] 3865/10500 RJ01714267: tags=0 desc=8 img=hi
[enrich] 3866/10500 RJ01708607: tags=0 desc=8 img=hi
[cache] RJ01698597
[enrich] 3867/10500 RJ01698597: tags=6 desc=1266 img=hi [cached]
[cache] RJ01648160
[enrich] 3868/10500 RJ01648160: tags=6 desc=1670 img=hi [cached]
[cache] RJ01511564
[enrich] 3869/10500 RJ01511564: tags=6 desc=1444 img=hi [cached]
[cache] RJ01296156
[enrich] 3870/10500 RJ01296156: tags=6 desc=1243 img=hi [cached]
[cache] RJ01091007
[enrich] 3871/10500 RJ01091007: tags=6 desc=1230 img=hi [cached]
[cache] RJ01667039
[enrich] 3872/10500 RJ01667039: tags=6 desc=662 img=hi [cached]
[enrich] 3873/10500 RJ01712629: tags=0 desc=8 img=hi
[cache] RJ01711984
[enrich] 3874/10500 RJ01711984: tags=6 desc=449 img=hi [cached]
[enrich] 3875/10500 RJ01704776: tags=0 desc=8 img=hi
[save] partial 3875/10500: 10500 works → /workspace/dlsite-promo-site/data/works.json
[cache] RJ01716892
[enrich] 3876/10500 RJ01716892: tags=3 desc=918 img=hi [cached]
[cache] RJ01716589
[enrich] 3877/10500 RJ01716589: tags=5 desc=456 img=hi [cached]
[enrich] 3878/10500 RJ01712825: tags=0 desc=8 img=hi
[enrich] 3879/10500 RJ01710549: tags=0 desc=8 img=hi
[enrich] 3880/10500 RJ01654333: tags=0 desc=8 img=hi
[cache] RJ01716427
[enrich] 3881/10500 RJ01716427: tags=1 desc=195 img=hi [cached]
[cache] RJ01716416
[enrich] 3882/10500 RJ01716416: tags=6 desc=1012 img=hi [cached]
[cache] RJ01715953
[enrich] 3883/10500 RJ01715953: tags=6 desc=971 img=hi [cached]
[enrich] 3884/10500 RJ01705904: tags=0 desc=8 img=hi
[cache] RJ01694892
[enrich] 3885/10500 RJ01694892: tags=6 desc=738 img=hi [cached]
[cache] RJ01672583
[enrich] 3886/10500 RJ01672583: tags=4 desc=1531 img=hi [cached]
[cache] RJ01648159
[enrich] 3887/10500 RJ01648159: tags=6 desc=1872 img=hi [cached]
[cache] RJ01648158
[enrich] 3888/10500 RJ01648158: tags=6 desc=1212 img=hi [cached]
[cache] RJ01716220
[enrich] 3889/10500 RJ01716220: tags=1 desc=186 img=hi [cached]
[cache] RJ01717948
[enrich] 3890/10500 RJ01717948: tags=2 desc=81 img=hi [cached]
[cache] RJ01712019
[enrich] 3891/10500 RJ01712019: tags=6 desc=843 img=hi [cached]
[cache] RJ01638477
[enrich] 3892/10500 RJ01638477: tags=6 desc=625 img=hi [cached]
[cache] RJ01725601
[enrich] 3893/10500 RJ01725601: tags=6 desc=324 img=hi [cached]
[cache] RJ01725398
[enrich] 3894/10500 RJ01725398: tags=6 desc=130 img=hi [cached]
[cache] RJ01725033
[enrich] 3895/10500 RJ01725033: tags=4 desc=351 img=hi [cached]
[cache] RJ01723893
[enrich] 3896/10500 RJ01723893: tags=6 desc=95 img=hi [cached]
[enrich] 3897/10500 RJ01723385: tags=0 desc=8 img=hi
[enrich] 3898/10500 RJ01723268: tags=0 desc=8 img=hi
[enrich] 3899/10500 RJ01722912: tags=0 desc=8 img=hi
[enrich] 3900/10500 RJ01722562: tags=0 desc=8 img=hi
[save] partial 3900/10500: 10500 works → /workspace/dlsite-promo-site/data/works.json
[cache] RJ01720688
[enrich] 3901/10500 RJ01720688: tags=5 desc=164 img=hi [cached]
[cache] RJ01697190
[enrich] 3902/10500 RJ01697190: tags=6 desc=287 img=hi [cached]
[cache] RJ01687377
[enrich] 3903/10500 RJ01687377: tags=6 desc=378 img=hi [cached]
[cache] RJ01725305
[enrich] 3904/10500 RJ01725305: tags=6 desc=362 img=hi [cached]
[cache] RJ01725132
[enrich] 3905/10500 RJ01725132: tags=5 desc=177 img=hi [cached]
[cache] RJ01725130
[enrich] 3906/10500 RJ01725130: tags=3 desc=247 img=hi [cached]
[cache] RJ01724999
[enrich] 3907/10500 RJ01724999: tags=4 desc=376 img=hi [cached]
[cache] RJ01724978
[enrich] 3908/10500 RJ01724978: tags=6 desc=212 img=hi [cached]
[cache] RJ01724767
[enrich] 3909/10500 RJ01724767: tags=6 desc=70 img=hi [cached]
[cache] RJ01724750
[enrich] 3910/10500 RJ01724750: tags=6 desc=376 img=hi [cached]
[cache] RJ01724679
[enrich] 3911/10500 RJ01724679: tags=4 desc=133 img=hi [cached]
[cache] RJ01724193
[enrich] 3912/10500 RJ01724193: tags=4 desc=174 img=hi [cached]
[cache] RJ01723879
[enrich] 3913/10500 RJ01723879: tags=6 desc=778 img=hi [cached]
[cache] RJ01723713
[enrich] 3914/10500 RJ01723713: tags=6 desc=173 img=hi [cached]
[cache] RJ01723205
[enrich] 3915/10500 RJ01723205: tags=2 desc=86 img=hi [cached]
[enrich] 3916/10500 RJ01723050: tags=0 desc=8 img=hi
[enrich] 3917/10500 RJ01722963: tags=0 desc=8 img=hi
[enrich] 3918/10500 RJ01722944: tags=0 desc=8 img=hi
[enrich] 3919/10500 RJ01722855: tags=0 desc=8 img=hi
[enrich] 3920/10500 RJ01722827: tags=0 desc=8 img=hi
[enrich] 3921/10500 RJ01722711: tags=0 desc=8 img=hi
[enrich] 3922/10500 RJ01722689: tags=0 desc=8 img=hi
[enrich] 3923/10500 RJ01722424: tags=0 desc=8 img=hi
[enrich] 3924/10500 RJ01722420: tags=0 desc=8 img=hi
[enrich] 3925/10500 RJ01722176: tags=0 desc=8 img=hi
[save] partial 3925/10500: 10500 works → /workspace/dlsite-promo-site/data/works.json
[cache] RJ01721775
[enrich] 3926/10500 RJ01721775: tags=3 desc=277 img=hi [cached]
[cache] RJ01721442
[enrich] 3927/10500 RJ01721442: tags=6 desc=245 img=hi [cached]
[cache] RJ01720966
[enrich] 3928/10500 RJ01720966: tags=6 desc=413 img=hi [cached]
[cache] RJ01720502
[enrich] 3929/10500 RJ01720502: tags=2 desc=207 img=hi [cached]
[cache] RJ01719906
[enrich] 3930/10500 RJ01719906: tags=6 desc=186 img=hi [cached]
[cache] RJ01718789
[enrich] 3931/10500 RJ01718789: tags=6 desc=181 img=hi [cached]
[cache] RJ01718788
[enrich] 3932/10500 RJ01718788: tags=6 desc=271 img=hi [cached]
[enrich] 3933/10500 RJ01715017: tags=0 desc=8 img=hi
[enrich] 3934/10500 RJ01711867: tags=0 desc=8 img=hi
[enrich] 3935/10500 RJ01710677: tags=0 desc=8 img=hi
[cache] RJ01710645
[enrich] 3936/10500 RJ01710645: tags=6 desc=53 img=hi [cached]
[cache] RJ01709575
[enrich] 3937/10500 RJ01709575: tags=6 desc=745 img=hi [cached]
[enrich] 3938/10500 RJ01708203: tags=0 desc=8 img=hi
[cache] RJ01683553
[enrich] 3939/10500 RJ01683553: tags=6 desc=511 img=hi [cached]
[cache] RJ01647952
[enrich] 3940/10500 RJ01647952: tags=6 desc=110 img=hi [cached]
[cache] RJ01671528
[enrich] 3941/10500 RJ01671528: tags=6 desc=891 img=hi [cached]
[cache] RJ01681389
[enrich] 3942/10500 RJ01681389: tags=5 desc=222 img=hi [cached]
[cache] RJ01699279
[enrich] 3943/10500 RJ01699279: tags=6 desc=181 img=hi [cached]
[cache] RJ01683141
[enrich] 3944/10500 RJ01683141: tags=6 desc=157 img=hi [cached]
[cache] RJ01604300
[enrich] 3945/10500 RJ01604300: tags=6 desc=679 img=hi [cached]
[cache] RJ01704825
[enrich] 3946/10500 RJ01704825: tags=6 desc=394 img=hi [cached]
[cache] RJ01711933
[enrich] 3947/10500 RJ01711933: tags=6 desc=410 img=hi [cached]
[cache] RJ01690253
[enrich] 3948/10500 RJ01690253: tags=6 desc=63 img=hi [cached]
[cache] RJ01682384
[enrich] 3949/10500 RJ01682384: tags=6 desc=593 img=hi [cached]
[cache] RJ01706163
[enrich] 3950/10500 RJ01706163: tags=2 desc=306 img=hi [cached]
[save] partial 3950/10500: 10500 works → /workspace/dlsite-promo-site/data/works.json
[cache] RJ01693283
[enrich] 3951/10500 RJ01693283: tags=5 desc=129 img=hi [cached]
[cache] RJ01699883
[enrich] 3952/10500 RJ01699883: tags=6 desc=868 img=hi [cached]
[cache] RJ01701840
[enrich] 3953/10500 RJ01701840: tags=6 desc=59 img=hi [cached]
[cache] RJ01646501
[enrich] 3954/10500 RJ01646501: tags=6 desc=1523 img=hi [cached]
[cache] RJ01707917
[enrich] 3955/10500 RJ01707917: tags=6 desc=73 img=hi [cached]
[cache] RJ01663230
[enrich] 3956/10500 RJ01663230: tags=6 desc=2889 img=hi [cached]
[cache] RJ01635577
[enrich] 3957/10500 RJ01635577: tags=6 desc=210 img=hi [cached]
[cache] RJ01618596
[enrich] 3958/10500 RJ01618596: tags=4 desc=1049 img=hi [cached]
[cache] RJ01658934
[enrich] 3959/10500 RJ01658934: tags=6 desc=4089 img=hi [cached]
[cache] RJ01645068
[enrich] 3960/10500 RJ01645068: tags=6 desc=1613 img=hi [cached]
[cache] RJ01629527
[enrich] 3961/10500 RJ01629527: tags=6 desc=2251 img=hi [cached]
[cache] RJ01669365
[enrich] 3962/10500 RJ01669365: tags=6 desc=2592 img=hi [cached]
[cache] RJ01681783
[enrich] 3963/10500 RJ01681783: tags=6 desc=874 img=hi [cached]
[cache] RJ01655832
[enrich] 3964/10500 RJ01655832: tags=6 desc=1183 img=hi [cached]
[cache] RJ01673722
[enrich] 3965/10500 RJ01673722: tags=6 desc=961 img=hi [cached]
[cache] RJ01708769
[enrich] 3966/10500 RJ01708769: tags=6 desc=1705 img=hi [cached]
[cache] RJ01656282
[enrich] 3967/10500 RJ01656282: tags=6 desc=1420 img=hi [cached]
[cache] RJ01702359
[enrich] 3968/10500 RJ01702359: tags=3 desc=143 img=hi [cached]
[cache] RJ01646847
[enrich] 3969/10500 RJ01646847: tags=6 desc=3503 img=hi [cached]
[cache] RJ01700509
[enrich] 3970/10500 RJ01700509: tags=4 desc=235 img=hi [cached]
[cache] RJ01677642
[enrich] 3971/10500 RJ01677642: tags=6 desc=2365 img=hi [cached]
[cache] RJ01683436
[enrich] 3972/10500 RJ01683436: tags=6 desc=3699 img=hi [cached]
[cache] RJ01695848
[enrich] 3973/10500 RJ01695848: tags=4 desc=542 img=hi [cached]
[cache] RJ01666577
[enrich] 3974/10500 RJ01666577: tags=6 desc=2351 img=hi [cached]
[cache] RJ01701243
[enrich] 3975/10500 RJ01701243: tags=5 desc=250 img=hi [cached]
[save] partial 3975/10500: 10500 works → /workspace/dlsite-promo-site/data/works.json
[cache] RJ01655907
[enrich] 3976/10500 RJ01655907: tags=6 desc=207 img=hi [cached]
[cache] RJ01614329
[enrich] 3977/10500 RJ01614329: tags=6 desc=397 img=hi [cached]
[cache] RJ01694132
[enrich] 3978/10500 RJ01694132: tags=6 desc=2740 img=hi [cached]
[cache] RJ01653759
[enrich] 3979/10500 RJ01653759: tags=6 desc=696 img=hi [cached]
[cache] RJ01637632
[enrich] 3980/10500 RJ01637632: tags=6 desc=3202 img=hi [cached]
[cache] RJ01706426
[enrich] 3981/10500 RJ01706426: tags=6 desc=1101 img=hi [cached]
[cache] RJ01687128
[enrich] 3982/10500 RJ01687128: tags=6 desc=2737 img=hi [cached]
[cache] RJ01662448
[enrich] 3983/10500 RJ01662448: tags=6 desc=645 img=hi [cached]
[cache] RJ01650168
[enrich] 3984/10500 RJ01650168: tags=6 desc=2574 img=hi [cached]
[cache] RJ01698412
[enrich] 3985/10500 RJ01698412: tags=6 desc=2147 img=hi [cached]
[cache] RJ01706547
[enrich] 3986/10500 RJ01706547: tags=6 desc=296 img=hi [cached]
[cache] RJ01648866
[enrich] 3987/10500 RJ01648866: tags=6 desc=1366 img=hi [cached]
[cache] RJ01709862
[enrich] 3988/10500 RJ01709862: tags=6 desc=2306 img=hi [cached]
[cache] RJ01697569
[enrich] 3989/10500 RJ01697569: tags=5 desc=3114 img=hi [cached]
[cache] RJ01698395
[enrich] 3990/10500 RJ01698395: tags=6 desc=1628 img=hi [cached]
[cache] RJ01691439
[enrich] 3991/10500 RJ01691439: tags=6 desc=545 img=hi [cached]
[cache] RJ01710028
[enrich] 3992/10500 RJ01710028: tags=6 desc=4230 img=hi [cached]
[cache] RJ01704609
[enrich] 3993/10500 RJ01704609: tags=0 desc=1116 img=hi [cached]
[cache] RJ01653091
[enrich] 3994/10500 RJ01653091: tags=6 desc=2713 img=hi [cached]
[cache] RJ01672315
[enrich] 3995/10500 RJ01672315: tags=6 desc=1083 img=hi [cached]
[cache] RJ01707230
[enrich] 3996/10500 RJ01707230: tags=4 desc=873 img=hi [cached]
[cache] RJ01703430
[enrich] 3997/10500 RJ01703430: tags=6 desc=2447 img=hi [cached]
[cache] RJ01701159
[enrich] 3998/10500 RJ01701159: tags=6 desc=2058 img=hi [cached]
[cache] RJ01704950
[enrich] 3999/10500 RJ01704950: tags=5 desc=693 img=hi [cached]
[cache] RJ01647678
[enrich] 4000/10500 RJ01647678: tags=6 desc=1182 img=hi [cached]
[save] partial 4000/10500: 10500 works → /workspace/dlsite-promo-site/data/works.json
[cache] RJ01699128
[enrich] 4001/10500 RJ01699128: tags=6 desc=647 img=hi [cached]
[cache] RJ01697513
[enrich] 4002/10500 RJ01697513: tags=6 desc=3231 img=hi [cached]
[cache] RJ01708910
[enrich] 4003/10500 RJ01708910: tags=6 desc=1018 img=hi [cached]
[cache] RJ01678247
[enrich] 4004/10500 RJ01678247: tags=6 desc=4499 img=hi [cached]
[cache] RJ01658516
[enrich] 4005/10500 RJ01658516: tags=6 desc=1750 img=hi [cached]
[cache] RJ01698687
[enrich] 4006/10500 RJ01698687: tags=6 desc=1234 img=hi [cached]
[cache] RJ01668428
[enrich] 4007/10500 RJ01668428: tags=6 desc=687 img=hi [cached]
[cache] RJ01644762
[enrich] 4008/10500 RJ01644762: tags=6 desc=1279 img=hi [cached]
[cache] RJ01650237
[enrich] 4009/10500 RJ01650237: tags=6 desc=1807 img=hi [cached]
[cache] RJ01702218
[enrich] 4010/10500 RJ01702218: tags=5 desc=324 img=hi [cached]
[cache] RJ01664526
[enrich] 4011/10500 RJ01664526: tags=6 desc=1915 img=hi [cached]
[cache] RJ01675115
[enrich] 4012/10500 RJ01675115: tags=6 desc=1958 img=hi [cached]
[cache] RJ01611071
[enrich] 4013/10500 RJ01611071: tags=6 desc=4487 img=hi [cached]
[cache] RJ01613620
[enrich] 4014/10500 RJ01613620: tags=6 desc=2671 img=hi [cached]
[cache] RJ01650053
[enrich] 4015/10500 RJ01650053: tags=6 desc=1622 img=hi [cached]
[cache] RJ01706564
[enrich] 4016/10500 RJ01706564: tags=6 desc=667 img=hi [cached]
[cache] RJ01668826
[enrich] 4017/10500 RJ01668826: tags=6 desc=1475 img=hi [cached]
[cache] RJ01170985
[enrich] 4018/10500 RJ01170985: tags=6 desc=1372 img=hi [cached]
[cache] RJ01620853
[enrich] 4019/10500 RJ01620853: tags=6 desc=1092 img=hi [cached]
[cache] RJ01591696
[enrich] 4020/10500 RJ01591696: tags=6 desc=1534 img=hi [cached]
[cache] RJ01657100
[enrich] 4021/10500 RJ01657100: tags=6 desc=2082 img=hi [cached]
[enrich] 4022/10500 RJ01661409: tags=0 desc=8 img=hi
[cache] RJ01581205
[enrich] 4023/10500 RJ01581205: tags=6 desc=769 img=hi [cached]
[cache] RJ01633249
[enrich] 4024/10500 RJ01633249: tags=6 desc=326 img=hi [cached]
[cache] RJ01668717
[enrich] 4025/10500 RJ01668717: tags=6 desc=543 img=hi [cached]
[save] partial 4025/10500: 10500 works → /workspace/dlsite-promo-site/data/works.json
[cache] RJ01713054
[enrich] 4026/10500 RJ01713054: tags=6 desc=493 img=hi [cached]
[cache] RJ01625259
[enrich] 4027/10500 RJ01625259: tags=6 desc=1840 img=hi [cached]
[cache] RJ01663252
[enrich] 4028/10500 RJ01663252: tags=6 desc=259 img=hi [cached]
[cache] RJ01661838
[enrich] 4029/10500 RJ01661838: tags=6 desc=550 img=hi [cached]
[cache] RJ01665325
[enrich] 4030/10500 RJ01665325: tags=6 desc=752 img=hi [cached]
[cache] RJ01685340
[enrich] 4031/10500 RJ01685340: tags=2 desc=167 img=hi [cached]
[cache] RJ01406249
[enrich] 4032/10500 RJ01406249: tags=6 desc=1983 img=hi [cached]
[cache] RJ01599178
[enrich] 4033/10500 RJ01599178: tags=6 desc=2125 img=hi [cached]
[cache] RJ01679732
[enrich] 4034/10500 RJ01679732: tags=6 desc=725 img=hi [cached]
[cache] RJ01618747
[enrich] 4035/10500 RJ01618747: tags=6 desc=1335 img=hi [cached]
[cache] RJ01542403
[enrich] 4036/10500 RJ01542403: tags=6 desc=577 img=hi [cached]
[cache] RJ01682766
[enrich] 4037/10500 RJ01682766: tags=6 desc=828 img=hi [cached]
[cache] RJ01675835
[enrich] 4038/10500 RJ01675835: tags=6 desc=2471 img=hi [cached]
[cache] RJ01286782
[enrich] 4039/10500 RJ01286782: tags=6 desc=414 img=hi [cached]
[cache] RJ01598948
[enrich] 4040/10500 RJ01598948: tags=6 desc=608 img=hi [cached]
[cache] RJ01671421
[enrich] 4041/10500 RJ01671421: tags=6 desc=1115 img=hi [cached]
[cache] RJ309598
[enrich] 4042/10500 RJ309598: tags=6 desc=1877 img=hi [cached]
[cache] RJ01623763
[enrich] 4043/10500 RJ01623763: tags=4 desc=1515 img=hi [cached]
[cache] RJ01606560
[enrich] 4044/10500 RJ01606560: tags=6 desc=743 img=hi [cached]
[cache] RJ01450377
[enrich] 4045/10500 RJ01450377: tags=6 desc=835 img=hi [cached]
[cache] RJ01162577
[enrich] 4046/10500 RJ01162577: tags=6 desc=1265 img=hi [cached]
[cache] RJ351989
[enrich] 4047/10500 RJ351989: tags=6 desc=794 img=hi [cached]
[cache] RJ01275651
[enrich] 4048/10500 RJ01275651: tags=5 desc=1312 img=hi [cached]
[cache] RJ247761
[enrich] 4049/10500 RJ247761: tags=6 desc=671 img=hi [cached]
[cache] RJ299112
[enrich] 4050/10500 RJ299112: tags=6 desc=1080 img=hi [cached]
[save] partial 4050/10500: 10500 works → /workspace/dlsite-promo-site/data/works.json
[cache] RJ172323
[enrich] 4051/10500 RJ172323: tags=6 desc=535 img=hi [cached]
[cache] RJ288871
[enrich] 4052/10500 RJ288871: tags=6 desc=2041 img=hi [cached]
[cache] RJ122663
[enrich] 4053/10500 RJ122663: tags=3 desc=735 img=hi [cached]
[cache] RJ284762
[enrich] 4054/10500 RJ284762: tags=6 desc=2811 img=hi [cached]
[cache] RJ184167
[enrich] 4055/10500 RJ184167: tags=4 desc=610 img=hi [cached]
[cache] RJ278556
[enrich] 4056/10500 RJ278556: tags=6 desc=2436 img=hi [cached]
[cache] RJ441103
[enrich] 4057/10500 RJ441103: tags=6 desc=887 img=hi [cached]
[cache] RJ139063
[enrich] 4058/10500 RJ139063: tags=3 desc=430 img=hi [cached]
[cache] RJ335403
[enrich] 4059/10500 RJ335403: tags=6 desc=619 img=hi [cached]
[cache] RJ198712
[enrich] 4060/10500 RJ198712: tags=6 desc=2257 img=hi [cached]
[cache] RJ322643
[enrich] 4061/10500 RJ322643: tags=6 desc=467 img=hi [cached]
[cache] RJ336181
[enrich] 4062/10500 RJ336181: tags=6 desc=382 img=hi [cached]
[cache] RJ240463
[enrich] 4063/10500 RJ240463: tags=6 desc=160 img=hi [cached]
[cache] RJ240130
[enrich] 4064/10500 RJ240130: tags=6 desc=897 img=hi [cached]
[cache] RJ341304
[enrich] 4065/10500 RJ341304: tags=6 desc=1973 img=hi [cached]
[cache] RJ309532
[enrich] 4066/10500 RJ309532: tags=6 desc=2393 img=hi [cached]
[cache] RJ298495
[enrich] 4067/10500 RJ298495: tags=6 desc=1183 img=hi [cached]
[cache] RJ286303
[enrich] 4068/10500 RJ286303: tags=6 desc=1873 img=hi [cached]
[cache] RJ277378
[enrich] 4069/10500 RJ277378: tags=6 desc=2152 img=hi [cached]
[cache] RJ288876
[enrich] 4070/10500 RJ288876: tags=6 desc=1781 img=hi [cached]
[cache] RJ146706
[enrich] 4071/10500 RJ146706: tags=3 desc=1703 img=hi [cached]
[cache] RJ151354
[enrich] 4072/10500 RJ151354: tags=1 desc=626 img=hi [cached]
[cache] RJ141480
[enrich] 4073/10500 RJ141480: tags=3 desc=1133 img=hi [cached]
[cache] RJ175296
[enrich] 4074/10500 RJ175296: tags=6 desc=503 img=hi [cached]
[cache] RJ288592
[enrich] 4075/10500 RJ288592: tags=6 desc=1230 img=hi [cached]
[save] partial 4075/10500: 10500 works → /workspace/dlsite-promo-site/data/works.json
[cache] RJ290942
[enrich] 4076/10500 RJ290942: tags=6 desc=1114 img=hi [cached]
[cache] RJ333531
[enrich] 4077/10500 RJ333531: tags=6 desc=992 img=hi [cached]
[cache] RJ144426
[enrich] 4078/10500 RJ144426: tags=5 desc=96 img=hi [cached]
[cache] RJ01256505
[enrich] 4079/10500 RJ01256505: tags=6 desc=964 img=hi [cached]
[cache] RJ01034407
[enrich] 4080/10500 RJ01034407: tags=3 desc=249 img=hi [cached]
[cache] RJ01089626
[enrich] 4081/10500 RJ01089626: tags=6 desc=1273 img=hi [cached]
[cache] RJ152751
[enrich] 4082/10500 RJ152751: tags=6 desc=1102 img=hi [cached]
[cache] RJ275348
[enrich] 4083/10500 RJ275348: tags=6 desc=921 img=hi [cached]
[cache] RJ324799
[enrich] 4084/10500 RJ324799: tags=6 desc=404 img=hi [cached]
[cache] RJ01163591
[enrich] 4085/10500 RJ01163591: tags=6 desc=485 img=hi [cached]
[cache] RJ319500
[enrich] 4086/10500 RJ319500: tags=6 desc=680 img=hi [cached]
[cache] RJ385913
[enrich] 4087/10500 RJ385913: tags=6 desc=1345 img=hi [cached]
[cache] RJ258838
[enrich] 4088/10500 RJ258838: tags=3 desc=189 img=hi [cached]
[cache] RJ355903
[enrich] 4089/10500 RJ355903: tags=6 desc=378 img=hi [cached]
[cache] RJ312633
[enrich] 4090/10500 RJ312633: tags=6 desc=660 img=hi [cached]
[cache] RJ406079
[enrich] 4091/10500 RJ406079: tags=6 desc=209 img=hi [cached]
[cache] RJ381666
[enrich] 4092/10500 RJ381666: tags=6 desc=353 img=hi [cached]
[cache] RJ273394
[enrich] 4093/10500 RJ273394: tags=6 desc=2911 img=hi [cached]
[cache] RJ183957
[enrich] 4094/10500 RJ183957: tags=6 desc=1374 img=hi [cached]
[cache] RJ246331
[enrich] 4095/10500 RJ246331: tags=4 desc=739 img=hi [cached]
[cache] RJ299005
[enrich] 4096/10500 RJ299005: tags=6 desc=961 img=hi [cached]
[cache] RJ298290
[enrich] 4097/10500 RJ298290: tags=6 desc=2827 img=hi [cached]
[cache] RJ01292767
[enrich] 4098/10500 RJ01292767: tags=6 desc=944 img=hi [cached]
[cache] RJ01428434
[enrich] 4099/10500 RJ01428434: tags=3 desc=660 img=hi [cached]
[cache] RJ298304
[enrich] 4100/10500 RJ298304: tags=6 desc=1704 img=hi [cached]
[save] partial 4100/10500: 10500 works → /workspace/dlsite-promo-site/data/works.json
[cache] RJ319051
[enrich] 4101/10500 RJ319051: tags=6 desc=589 img=hi [cached]
[cache] RJ01444274
[enrich] 4102/10500 RJ01444274: tags=5 desc=94 img=hi [cached]
[cache] RJ159698
[enrich] 4103/10500 RJ159698: tags=6 desc=905 img=hi [cached]
[cache] RJ332208
[enrich] 4104/10500 RJ332208: tags=5 desc=1188 img=hi [cached]
[cache] RJ150001
[enrich] 4105/10500 RJ150001: tags=4 desc=638 img=hi [cached]
[cache] RJ170376
[enrich] 4106/10500 RJ170376: tags=2 desc=304 img=hi [cached]
[cache] RJ288771
[enrich] 4107/10500 RJ288771: tags=5 desc=516 img=hi [cached]
[cache] RJ01025836
[enrich] 4108/10500 RJ01025836: tags=5 desc=1341 img=hi [cached]
[cache] RJ01074609
[enrich] 4109/10500 RJ01074609: tags=6 desc=1490 img=hi [cached]
[cache] RJ203260
[enrich] 4110/10500 RJ203260: tags=4 desc=646 img=hi [cached]
[cache] RJ312373
[enrich] 4111/10500 RJ312373: tags=6 desc=488 img=hi [cached]
[cache] RJ400655
[enrich] 4112/10500 RJ400655: tags=6 desc=1388 img=hi [cached]
[cache] RJ290963
[enrich] 4113/10500 RJ290963: tags=4 desc=512 img=hi [cached]
[cache] RJ01075442
[enrich] 4114/10500 RJ01075442: tags=6 desc=1078 img=hi [cached]
[cache] RJ395660
[enrich] 4115/10500 RJ395660: tags=6 desc=348 img=hi [cached]
[cache] RJ343203
[enrich] 4116/10500 RJ343203: tags=6 desc=502 img=hi [cached]
[cache] RJ166748
[enrich] 4117/10500 RJ166748: tags=6 desc=626 img=hi [cached]
[cache] RJ01049601
[enrich] 4118/10500 RJ01049601: tags=6 desc=1138 img=hi [cached]
[cache] RJ180326
[enrich] 4119/10500 RJ180326: tags=6 desc=1168 img=hi [cached]
[cache] RJ346413
[enrich] 4120/10500 RJ346413: tags=6 desc=503 img=hi [cached]
[cache] RJ01653766
[enrich] 4121/10500 RJ01653766: tags=6 desc=2032 img=hi [cached]
[cache] RJ01645495
[enrich] 4122/10500 RJ01645495: tags=4 desc=1732 img=hi [cached]
[cache] RJ01172824
[enrich] 4123/10500 RJ01172824: tags=6 desc=863 img=hi [cached]
[cache] RJ01178147
[enrich] 4124/10500 RJ01178147: tags=5 desc=733 img=hi [cached]
[cache] RJ01586069
[enrich] 4125/10500 RJ01586069: tags=4 desc=402 img=hi [cached]
[save] partial 4125/10500: 10500 works → /workspace/dlsite-promo-site/data/works.json
[cache] RJ01650282
[enrich] 4126/10500 RJ01650282: tags=6 desc=827 img=hi [cached]
[cache] RJ01218304
[enrich] 4127/10500 RJ01218304: tags=6 desc=150 img=hi [cached]
[cache] RJ336864
[enrich] 4128/10500 RJ336864: tags=6 desc=1351 img=hi [cached]
[cache] RJ01695216
[enrich] 4129/10500 RJ01695216: tags=4 desc=238 img=hi [cached]
[cache] RJ01655659
[enrich] 4130/10500 RJ01655659: tags=1 desc=47 img=hi [cached]
[cache] RJ405363
[enrich] 4131/10500 RJ405363: tags=5 desc=176 img=hi [cached]
[cache] RJ01681753
[enrich] 4132/10500 RJ01681753: tags=6 desc=2680 img=hi [cached]
[cache] RJ01557013
[enrich] 4133/10500 RJ01557013: tags=3 desc=299 img=hi [cached]
[cache] RJ01664671
[enrich] 4134/10500 RJ01664671: tags=6 desc=895 img=hi [cached]
[cache] RJ01099287
[enrich] 4135/10500 RJ01099287: tags=6 desc=164 img=hi [cached]
[cache] RJ237821
[enrich] 4136/10500 RJ237821: tags=3 desc=77 img=hi [cached]
[cache] RJ01497366
[enrich] 4137/10500 RJ01497366: tags=6 desc=1444 img=hi [cached]
[cache] RJ01664616
[enrich] 4138/10500 RJ01664616: tags=6 desc=1038 img=hi [cached]
[cache] RJ01611932
[enrich] 4139/10500 RJ01611932: tags=6 desc=1462 img=hi [cached]
[cache] RJ01169750
[enrich] 4140/10500 RJ01169750: tags=1 desc=165 img=hi [cached]
[cache] RJ01108635
[enrich] 4141/10500 RJ01108635: tags=0 desc=498 img=hi [cached]
[cache] RJ01699436
[enrich] 4142/10500 RJ01699436: tags=1 desc=678 img=hi [cached]
[cache] RJ01480018
[enrich] 4143/10500 RJ01480018: tags=5 desc=520 img=hi [cached]
[cache] RJ01649337
[enrich] 4144/10500 RJ01649337: tags=6 desc=858 img=hi [cached]
[cache] RJ01189310
[enrich] 4145/10500 RJ01189310: tags=2 desc=1376 img=hi [cached]
[cache] RJ01690025
[enrich] 4146/10500 RJ01690025: tags=6 desc=282 img=hi [cached]
[cache] RJ01675365
[enrich] 4147/10500 RJ01675365: tags=4 desc=418 img=hi [cached]
[cache] RJ342977
[enrich] 4148/10500 RJ342977: tags=6 desc=1260 img=hi [cached]
[cache] RJ01662831
[enrich] 4149/10500 RJ01662831: tags=6 desc=990 img=hi [cached]
[cache] RJ01516336
[enrich] 4150/10500 RJ01516336: tags=5 desc=1557 img=hi [cached]
[save] partial 4150/10500: 10500 works → /workspace/dlsite-promo-site/data/works.json
[cache] RJ01653366
[enrich] 4151/10500 RJ01653366: tags=2 desc=56 img=hi [cached]
[cache] RJ01690283
[enrich] 4152/10500 RJ01690283: tags=3 desc=1557 img=hi [cached]
[cache] RJ01658012
[enrich] 4153/10500 RJ01658012: tags=6 desc=533 img=hi [cached]
[cache] RJ01650453
[enrich] 4154/10500 RJ01650453: tags=6 desc=1132 img=hi [cached]
[cache] RJ01715853
[enrich] 4155/10500 RJ01715853: tags=6 desc=580 img=hi [cached]
[cache] RJ01657960
[enrich] 4156/10500 RJ01657960: tags=6 desc=1482 img=hi [cached]
[cache] RJ01489654
[enrich] 4157/10500 RJ01489654: tags=6 desc=1067 img=hi [cached]
[cache] RJ01706729
[enrich] 4158/10500 RJ01706729: tags=2 desc=105 img=hi [cached]
[cache] RJ01595021
[enrich] 4159/10500 RJ01595021: tags=6 desc=764 img=hi [cached]
[cache] RJ01288818
[enrich] 4160/10500 RJ01288818: tags=0 desc=928 img=hi [cached]
[cache] RJ01531709
[enrich] 4161/10500 RJ01531709: tags=6 desc=540 img=hi [cached]
[cache] RJ01618299
[enrich] 4162/10500 RJ01618299: tags=6 desc=744 img=hi [cached]
[cache] RJ316435
[enrich] 4163/10500 RJ316435: tags=5 desc=166 img=hi [cached]
[cache] RJ01510352
[enrich] 4164/10500 RJ01510352: tags=6 desc=1798 img=hi [cached]
[enrich] 4165/10500 RJ01720965: tags=0 desc=8 img=hi
[enrich] 4166/10500 RJ01722932: tags=0 desc=6 img=hi
[enrich] 4167/10500 RJ01722733: tags=0 desc=8 img=hi
[cache] RJ01722472
[enrich] 4168/10500 RJ01722472: tags=0 desc=225 img=hi [cached]
[enrich] 4169/10500 RJ01720700: tags=0 desc=8 img=hi
[enrich] 4170/10500 RJ01720615: tags=0 desc=8 img=hi
[cache] RJ01717842
[enrich] 4171/10500 RJ01717842: tags=2 desc=720 img=hi [cached]
[enrich] 4172/10500 RJ01714338: tags=2 desc=19 img=hi
[cache] RJ01712224
[enrich] 4173/10500 RJ01712224: tags=5 desc=174 img=hi [cached]
[enrich] 4174/10500 RJ01711860: tags=0 desc=8 img=hi
[cache] RJ01723075
[enrich] 4175/10500 RJ01723075: tags=6 desc=275 img=hi [cached]
[save] partial 4175/10500: 10500 works → /workspace/dlsite-promo-site/data/works.json
[cache] RJ01721844
[enrich] 4176/10500 RJ01721844: tags=3 desc=115 img=hi [cached]
[cache] RJ01720307
[enrich] 4177/10500 RJ01720307: tags=0 desc=419 img=hi [cached]
[cache] RJ01717290
[enrich] 4178/10500 RJ01717290: tags=6 desc=534 img=hi [cached]
[cache] RJ01717053
[enrich] 4179/10500 RJ01717053: tags=2 desc=445 img=hi [cached]
[enrich] 4180/10500 RJ01714334: tags=2 desc=19 img=hi
[cache] RJ01700697
[enrich] 4181/10500 RJ01700697: tags=6 desc=4430 img=hi [cached]
[cache] RJ01722954
[enrich] 4182/10500 RJ01722954: tags=0 desc=1372 img=hi [cached]
[cache] RJ01722811
[enrich] 4183/10500 RJ01722811: tags=4 desc=256 img=hi [cached]
[cache] RJ01722613
[enrich] 4184/10500 RJ01722613: tags=6 desc=1147 img=hi [cached]
[cache] RJ01722558
[enrich] 4185/10500 RJ01722558: tags=6 desc=1956 img=hi [cached]
[cache] RJ01719458
[enrich] 4186/10500 RJ01719458: tags=4 desc=189 img=hi [cached]
[cache] RJ01722113
[enrich] 4187/10500 RJ01722113: tags=6 desc=80 img=hi [cached]
[cache] RJ01721838
[enrich] 4188/10500 RJ01721838: tags=1 desc=202 img=hi [cached]
[enrich] 4189/10500 RJ01719084: tags=0 desc=8 img=hi
[cache] RJ01714330
[enrich] 4190/10500 RJ01714330: tags=3 desc=66 img=hi [cached]
[enrich] 4191/10500 RJ01704864: tags=0 desc=8 img=hi
[cache] RJ01721627
[enrich] 4192/10500 RJ01721627: tags=5 desc=42 img=hi [cached]
[cache] RJ01720951
[enrich] 4193/10500 RJ01720951: tags=1 desc=1246 img=hi [cached]
[cache] RJ01719794
[enrich] 4194/10500 RJ01719794: tags=5 desc=340 img=hi [cached]
[cache] RJ01719705
[enrich] 4195/10500 RJ01719705: tags=6 desc=307 img=hi [cached]
[enrich] 4196/10500 RJ01718859: tags=0 desc=8 img=hi
[cache] RJ01721608
[enrich] 4197/10500 RJ01721608: tags=3 desc=238 img=hi [cached]
[cache] RJ01721606
[enrich] 4198/10500 RJ01721606: tags=3 desc=235 img=hi [cached]
[cache] RJ01721604
[enrich] 4199/10500 RJ01721604: tags=3 desc=304 img=hi [cached]
[cache] RJ01721603
[enrich] 4200/10500 RJ01721603: tags=3 desc=238 img=hi [cached]
[save] partial 4200/10500: 10500 works → /workspace/dlsite-promo-site/data/works.json
[cache] RJ01721518
[enrich] 4201/10500 RJ01721518: tags=3 desc=324 img=hi [cached]
[cache] RJ01721387
[enrich] 4202/10500 RJ01721387: tags=5 desc=282 img=hi [cached]
[cache] RJ01721375
[enrich] 4203/10500 RJ01721375: tags=6 desc=308 img=hi [cached]
[cache] RJ01721293
[enrich] 4204/10500 RJ01721293: tags=6 desc=227 img=hi [cached]
[cache] RJ01721144
[enrich] 4205/10500 RJ01721144: tags=1 desc=937 img=hi [cached]
[enrich] 4206/10500 RJ01717848: tags=0 desc=8 img=hi
[cache] RJ01717766
[enrich] 4207/10500 RJ01717766: tags=1 desc=394 img=hi [cached]
[cache] RJ01714321
[enrich] 4208/10500 RJ01714321: tags=3 desc=48 img=hi [cached]
[cache] RJ01721354
[enrich] 4209/10500 RJ01721354: tags=1 desc=519 img=hi [cached]
[cache] RJ01721336
[enrich] 4210/10500 RJ01721336: tags=4 desc=95 img=hi [cached]
[cache] RJ01721231
[enrich] 4211/10500 RJ01721231: tags=6 desc=1046 img=hi [cached]
[cache] RJ01721230
[enrich] 4212/10500 RJ01721230: tags=6 desc=165 img=hi [cached]
[cache] RJ01721227
[enrich] 4213/10500 RJ01721227: tags=6 desc=997 img=hi [cached]
[cache] RJ01721215
[enrich] 4214/10500 RJ01721215: tags=6 desc=173 img=hi [cached]
[cache] RJ01442590
[enrich] 4215/10500 RJ01442590: tags=6 desc=2092 img=hi [cached]
[cache] RJ01389412
[enrich] 4216/10500 RJ01389412: tags=6 desc=3169 img=hi [cached]
[cache] RJ01019694
[enrich] 4217/10500 RJ01019694: tags=3 desc=469 img=hi [cached]
[cache] RJ311031
[enrich] 4218/10500 RJ311031: tags=5 desc=721 img=hi [cached]
[cache] RJ428059
[enrich] 4219/10500 RJ428059: tags=3 desc=448 img=hi [cached]
[cache] RJ382508
[enrich] 4220/10500 RJ382508: tags=0 desc=496 img=hi [cached]
[cache] RJ287302
[enrich] 4221/10500 RJ287302: tags=3 desc=1005 img=hi [cached]
[cache] RJ370315
[enrich] 4222/10500 RJ370315: tags=0 desc=575 img=hi [cached]
[cache] RJ438046
[enrich] 4223/10500 RJ438046: tags=1 desc=480 img=hi [cached]
[cache] RJ402542
[enrich] 4224/10500 RJ402542: tags=2 desc=466 img=hi [cached]
[cache] RJ01399267
[enrich] 4225/10500 RJ01399267: tags=6 desc=721 img=hi [cached]
[save] partial 4225/10500: 10500 works → /workspace/dlsite-promo-site/data/works.json
[cache] RJ392855
[enrich] 4226/10500 RJ392855: tags=6 desc=318 img=hi [cached]
[cache] RJ01224691
[enrich] 4227/10500 RJ01224691: tags=6 desc=2502 img=hi [cached]
[cache] RJ417476
[enrich] 4228/10500 RJ417476: tags=3 desc=446 img=hi [cached]
[cache] RJ197855
[enrich] 4229/10500 RJ197855: tags=5 desc=845 img=hi [cached]
[cache] RJ392312
[enrich] 4230/10500 RJ392312: tags=5 desc=472 img=hi [cached]
[cache] RJ360425
[enrich] 4231/10500 RJ360425: tags=0 desc=524 img=hi [cached]
[cache] RJ360204
[enrich] 4232/10500 RJ360204: tags=0 desc=519 img=hi [cached]
[cache] RJ331821
[enrich] 4233/10500 RJ331821: tags=6 desc=526 img=hi [cached]
[cache] RJ360220
[enrich] 4234/10500 RJ360220: tags=0 desc=518 img=hi [cached]
[cache] RJ01612374
[enrich] 4235/10500 RJ01612374: tags=6 desc=943 img=hi [cached]
[cache] RJ01133297
[enrich] 4236/10500 RJ01133297: tags=1 desc=502 img=hi [cached]
[cache] RJ01048758
[enrich] 4237/10500 RJ01048758: tags=2 desc=494 img=hi [cached]
[cache] RJ01224671
[enrich] 4238/10500 RJ01224671: tags=2 desc=490 img=hi [cached]
[cache] RJ01195935
[enrich] 4239/10500 RJ01195935: tags=3 desc=498 img=hi [cached]
[cache] RJ01410033
[enrich] 4240/10500 RJ01410033: tags=2 desc=301 img=hi [cached]
[cache] RJ01344755
[enrich] 4241/10500 RJ01344755: tags=2 desc=456 img=hi [cached]
[cache] RJ01077681
[enrich] 4242/10500 RJ01077681: tags=2 desc=451 img=hi [cached]
[cache] RJ01344973
[enrich] 4243/10500 RJ01344973: tags=6 desc=662 img=hi [cached]
[cache] RJ01101186
[enrich] 4244/10500 RJ01101186: tags=6 desc=420 img=hi [cached]
[cache] RJ172647
[enrich] 4245/10500 RJ172647: tags=0 desc=782 img=hi [cached]
[cache] RJ287680
[enrich] 4246/10500 RJ287680: tags=6 desc=279 img=hi [cached]
[cache] RJ01020931
[enrich] 4247/10500 RJ01020931: tags=6 desc=487 img=hi [cached]
[cache] RJ394301
[enrich] 4248/10500 RJ394301: tags=6 desc=672 img=hi [cached]
[cache] RJ311541
[enrich] 4249/10500 RJ311541: tags=6 desc=532 img=hi [cached]
[cache] RJ362581
[enrich] 4250/10500 RJ362581: tags=6 desc=622 img=hi [cached]
[save] partial 4250/10500: 10500 works → /workspace/dlsite-promo-site/data/works.json
[cache] RJ297211
[enrich] 4251/10500 RJ297211: tags=6 desc=354 img=hi [cached]
[cache] RJ253823
[enrich] 4252/10500 RJ253823: tags=4 desc=238 img=hi [cached]
[cache] RJ377131
[enrich] 4253/10500 RJ377131: tags=6 desc=569 img=hi [cached]
[cache] RJ323632
[enrich] 4254/10500 RJ323632: tags=6 desc=237 img=hi [cached]
[cache] RJ253804
[enrich] 4255/10500 RJ253804: tags=4 desc=262 img=hi [cached]
[cache] RJ264823
[enrich] 4256/10500 RJ264823: tags=4 desc=271 img=hi [cached]
[cache] RJ253817
[enrich] 4257/10500 RJ253817: tags=4 desc=289 img=hi [cached]
[cache] RJ01167797
[enrich] 4258/10500 RJ01167797: tags=6 desc=1825 img=hi [cached]
[cache] RJ01460908
[enrich] 4259/10500 RJ01460908: tags=6 desc=1925 img=hi [cached]
[cache] RJ01279445
[enrich] 4260/10500 RJ01279445: tags=5 desc=1187 img=hi [cached]
[cache] RJ01345176
[enrich] 4261/10500 RJ01345176: tags=4 desc=763 img=hi [cached]
[cache] RJ01279423
[enrich] 4262/10500 RJ01279423: tags=6 desc=1042 img=hi [cached]
[cache] RJ01279455
[enrich] 4263/10500 RJ01279455: tags=5 desc=1489 img=hi [cached]
[cache] RJ01364876
[enrich] 4264/10500 RJ01364876: tags=4 desc=1460 img=hi [cached]
[cache] RJ01174123
[enrich] 4265/10500 RJ01174123: tags=0 desc=1432 img=hi [cached]
[cache] RJ01042626
[enrich] 4266/10500 RJ01042626: tags=0 desc=1362 img=hi [cached]
[cache] RJ345598
[enrich] 4267/10500 RJ345598: tags=2 desc=254 img=hi [cached]
[cache] RJ354018
[enrich] 4268/10500 RJ354018: tags=4 desc=189 img=hi [cached]
[cache] RJ01633404
[enrich] 4269/10500 RJ01633404: tags=6 desc=3217 img=hi [cached]
[cache] RJ01174390
[enrich] 4270/10500 RJ01174390: tags=6 desc=1303 img=hi [cached]
[cache] RJ01138991
[enrich] 4271/10500 RJ01138991: tags=6 desc=1653 img=hi [cached]
[cache] RJ01654286
[enrich] 4272/10500 RJ01654286: tags=6 desc=701 img=hi [cached]
[cache] RJ314533
[enrich] 4273/10500 RJ314533: tags=6 desc=803 img=hi [cached]
[cache] RJ01288361
[enrich] 4274/10500 RJ01288361: tags=6 desc=1791 img=hi [cached]
[cache] RJ01136079
[enrich] 4275/10500 RJ01136079: tags=6 desc=211 img=hi [cached]
[save] partial 4275/10500: 10500 works → /workspace/dlsite-promo-site/data/works.json
[cache] RJ01107142
[enrich] 4276/10500 RJ01107142: tags=6 desc=1086 img=hi [cached]
[cache] RJ103039
[enrich] 4277/10500 RJ103039: tags=6 desc=1221 img=hi [cached]
[cache] RJ01687123
[enrich] 4278/10500 RJ01687123: tags=6 desc=637 img=hi [cached]
[cache] RJ01117907
[enrich] 4279/10500 RJ01117907: tags=6 desc=1068 img=hi [cached]
[cache] RJ01159440
[enrich] 4280/10500 RJ01159440: tags=6 desc=1221 img=hi [cached]
[cache] RJ01117895
[enrich] 4281/10500 RJ01117895: tags=6 desc=844 img=hi [cached]
[cache] RJ01117931
[enrich] 4282/10500 RJ01117931: tags=5 desc=855 img=hi [cached]
[cache] RJ01170530
[enrich] 4283/10500 RJ01170530: tags=5 desc=615 img=hi [cached]
[cache] RJ01159824
[enrich] 4284/10500 RJ01159824: tags=6 desc=430 img=hi [cached]
[cache] RJ01159817
[enrich] 4285/10500 RJ01159817: tags=6 desc=444 img=hi [cached]
[cache] RJ01159445
[enrich] 4286/10500 RJ01159445: tags=5 desc=835 img=hi [cached]
[cache] RJ01117902
[enrich] 4287/10500 RJ01117902: tags=6 desc=610 img=hi [cached]
[cache] RJ376498
[enrich] 4288/10500 RJ376498: tags=6 desc=398 img=hi [cached]
[cache] RJ01303983
[enrich] 4289/10500 RJ01303983: tags=6 desc=606 img=hi [cached]
[cache] RJ01635055
[enrich] 4290/10500 RJ01635055: tags=6 desc=706 img=hi [cached]
[cache] RJ01250461
[enrich] 4291/10500 RJ01250461: tags=3 desc=96 img=hi [cached]
[cache] RJ406983
[enrich] 4292/10500 RJ406983: tags=6 desc=1811 img=hi [cached]
[cache] RJ01476643
[enrich] 4293/10500 RJ01476643: tags=6 desc=670 img=hi [cached]
[cache] RJ01231456
[enrich] 4294/10500 RJ01231456: tags=6 desc=1060 img=hi [cached]
[cache] RJ01679741
[enrich] 4295/10500 RJ01679741: tags=6 desc=278 img=hi [cached]
[cache] RJ01090892
[enrich] 4296/10500 RJ01090892: tags=6 desc=1134 img=hi [cached]
[cache] RJ01373530
[enrich] 4297/10500 RJ01373530: tags=6 desc=745 img=hi [cached]
[cache] RJ01316050
[enrich] 4298/10500 RJ01316050: tags=6 desc=1716 img=hi [cached]
[cache] RJ01058889
[enrich] 4299/10500 RJ01058889: tags=6 desc=1647 img=hi [cached]
[cache] RJ439652
[enrich] 4300/10500 RJ439652: tags=6 desc=1679 img=hi [cached]
[save] partial 4300/10500: 10500 works → /workspace/dlsite-promo-site/data/works.json
[cache] RJ01316040
[enrich] 4301/10500 RJ01316040: tags=6 desc=1657 img=hi [cached]
[cache] RJ01164203
[enrich] 4302/10500 RJ01164203: tags=6 desc=1698 img=hi [cached]
[cache] RJ01164102
[enrich] 4303/10500 RJ01164102: tags=6 desc=1629 img=hi [cached]
[cache] RJ01058884
[enrich] 4304/10500 RJ01058884: tags=6 desc=1599 img=hi [cached]
[cache] RJ439635
[enrich] 4305/10500 RJ439635: tags=6 desc=1587 img=hi [cached]
[cache] RJ01538027
[enrich] 4306/10500 RJ01538027: tags=3 desc=84 img=hi [cached]
[cache] RJ01294373
[enrich] 4307/10500 RJ01294373: tags=6 desc=551 img=hi [cached]
[cache] RJ01076051
[enrich] 4308/10500 RJ01076051: tags=6 desc=1587 img=hi [cached]
[enrich] 4309/10500 RJ01205503: tags=0 desc=8 img=hi
[enrich] 4310/10500 RJ01171549: tags=0 desc=8 img=hi
[enrich] 4311/10500 RJ01171175: tags=0 desc=8 img=hi
[enrich] 4312/10500 RJ01160939: tags=0 desc=8 img=hi
[enrich] 4313/10500 RJ01198860: tags=0 desc=8 img=hi
[enrich] 4314/10500 RJ01187128: tags=0 desc=8 img=hi
[enrich] 4315/10500 RJ01030414: tags=0 desc=8 img=hi
[enrich] 4316/10500 RJ01210005: tags=0 desc=8 img=hi
[cache] RJ01182695
[enrich] 4317/10500 RJ01182695: tags=6 desc=157 img=hi [cached]
[enrich] 4318/10500 RJ01282103: tags=0 desc=8 img=hi
[enrich] 4319/10500 RJ01256431: tags=0 desc=8 img=hi
[enrich] 4320/10500 RJ01500567: tags=0 desc=8 img=hi
[enrich] 4321/10500 RJ01250410: tags=0 desc=8 img=hi
[cache] RJ440378
[enrich] 4322/10500 RJ440378: tags=4 desc=155 img=hi [cached]
[enrich] 4323/10500 RJ01231849: tags=0 desc=8 img=hi
[enrich] 4324/10500 RJ01234022: tags=0 desc=8 img=hi
[enrich] 4325/10500 RJ01254945: tags=0 desc=8 img=hi
[save] partial 4325/10500: 10500 works → /workspace/dlsite-promo-site/data/works.json
[enrich] 4326/10500 RJ01255242: tags=0 desc=8 img=hi
[enrich] 4327/10500 RJ01228729: tags=0 desc=8 img=hi
[cache] RJ01606739
[enrich] 4328/10500 RJ01606739: tags=6 desc=448 img=hi [cached]
[cache] RJ01119374
[enrich] 4329/10500 RJ01119374: tags=2 desc=617 img=hi [cached]
[enrich] 4330/10500 RJ01344361: tags=0 desc=8 img=hi
[enrich] 4331/10500 RJ01360672: tags=0 desc=8 img=hi
[enrich] 4332/10500 RJ01354671: tags=0 desc=8 img=hi
[enrich] 4333/10500 RJ01324549: tags=0 desc=8 img=hi
[enrich] 4334/10500 RJ01215494: tags=0 desc=8 img=hi
[enrich] 4335/10500 RJ01681411: tags=0 desc=8 img=hi
[enrich] 4336/10500 RJ01624221: tags=0 desc=8 img=hi
[enrich] 4337/10500 RJ01603270: tags=0 desc=8 img=hi
[enrich] 4338/10500 RJ01708363: tags=0 desc=8 img=hi
[enrich] 4339/10500 RJ01668294: tags=0 desc=8 img=hi
[enrich] 4340/10500 RJ01672078: tags=0 desc=8 img=hi
[enrich] 4341/10500 RJ01026733: tags=0 desc=8 img=hi
[enrich] 4342/10500 RJ01593390: tags=0 desc=8 img=hi
[enrich] 4343/10500 RJ01032314: tags=0 desc=8 img=hi
[enrich] 4344/10500 RJ01384562: tags=0 desc=8 img=hi
[enrich] 4345/10500 RJ01044914: tags=0 desc=8 img=hi
[enrich] 4346/10500 RJ01437726: tags=0 desc=8 img=hi
[enrich] 4347/10500 RJ01345306: tags=0 desc=8 img=hi
[cache] RJ01003841
[enrich] 4348/10500 RJ01003841: tags=6 desc=1167 img=hi [cached]
[enrich] 4349/10500 RJ01291508: tags=0 desc=8 img=hi
[cache] RJ123273
[enrich] 4350/10500 RJ123273: tags=6 desc=3210 img=hi [cached]
[save] partial 4350/10500: 10500 works → /workspace/dlsite-promo-site/data/works.json
[cache] RJ248318
[enrich] 4351/10500 RJ248318: tags=6 desc=2025 img=hi [cached]
[cache] RJ215449
[enrich] 4352/10500 RJ215449: tags=5 desc=462 img=hi [cached]
[cache] RJ184110
[enrich] 4353/10500 RJ184110: tags=6 desc=1545 img=hi [cached]
[cache] RJ308607
[enrich] 4354/10500 RJ308607: tags=6 desc=372 img=hi [cached]
[cache] RJ414488
[enrich] 4355/10500 RJ414488: tags=6 desc=1244 img=hi [cached]
[cache] RJ01213836
[enrich] 4356/10500 RJ01213836: tags=6 desc=463 img=hi [cached]
[cache] RJ083001
[enrich] 4357/10500 RJ083001: tags=6 desc=386 img=hi [cached]
[cache] RJ01419371
[enrich] 4358/10500 RJ01419371: tags=6 desc=447 img=hi [cached]
[cache] RJ01005841
[enrich] 4359/10500 RJ01005841: tags=6 desc=520 img=hi [cached]
[cache] RJ01151380
[enrich] 4360/10500 RJ01151380: tags=1 desc=194 img=hi [cached]
[cache] RJ01609858
[enrich] 4361/10500 RJ01609858: tags=6 desc=906 img=hi [cached]
[cache] RJ01109973
[enrich] 4362/10500 RJ01109973: tags=6 desc=1247 img=hi [cached]
[cache] RJ089910
[enrich] 4363/10500 RJ089910: tags=5 desc=854 img=hi [cached]
[cache] RJ01118685
[enrich] 4364/10500 RJ01118685: tags=6 desc=691 img=hi [cached]
[cache] RJ073921
[enrich] 4365/10500 RJ073921: tags=2 desc=532 img=hi [cached]
[cache] RJ034852
[enrich] 4366/10500 RJ034852: tags=5 desc=285 img=hi [cached]
[cache] RJ190400
[enrich] 4367/10500 RJ190400: tags=1 desc=250 img=hi [cached]
[cache] RJ01235431
[enrich] 4368/10500 RJ01235431: tags=6 desc=667 img=hi [cached]
[cache] RJ036900
[enrich] 4369/10500 RJ036900: tags=5 desc=336 img=hi [cached]
[cache] RJ374847
[enrich] 4370/10500 RJ374847: tags=6 desc=651 img=hi [cached]
[cache] RJ049726
[enrich] 4371/10500 RJ049726: tags=6 desc=810 img=hi [cached]
[cache] RJ322695
[enrich] 4372/10500 RJ322695: tags=6 desc=438 img=hi [cached]
[cache] RJ01088503
[enrich] 4373/10500 RJ01088503: tags=6 desc=1170 img=hi [cached]
[cache] RJ270445
[enrich] 4374/10500 RJ270445: tags=6 desc=1144 img=hi [cached]
[cache] RJ034567
[enrich] 4375/10500 RJ034567: tags=4 desc=178 img=hi [cached]
[save] partial 4375/10500: 10500 works → /workspace/dlsite-promo-site/data/works.json
[cache] RJ01342278
[enrich] 4376/10500 RJ01342278: tags=6 desc=613 img=hi [cached]
[cache] RJ01457675
[enrich] 4377/10500 RJ01457675: tags=6 desc=247 img=hi [cached]
[cache] RJ01186301
[enrich] 4378/10500 RJ01186301: tags=6 desc=681 img=hi [cached]
[cache] RJ01279595
[enrich] 4379/10500 RJ01279595: tags=5 desc=385 img=hi [cached]
[cache] RJ01628519
[enrich] 4380/10500 RJ01628519: tags=6 desc=738 img=hi [cached]
[cache] RJ01378783
[enrich] 4381/10500 RJ01378783: tags=6 desc=1090 img=hi [cached]
[cache] RJ01450969
[enrich] 4382/10500 RJ01450969: tags=6 desc=948 img=hi [cached]
[cache] RJ044471
[enrich] 4383/10500 RJ044471: tags=6 desc=550 img=hi [cached]
[cache] RJ01378504
[enrich] 4384/10500 RJ01378504: tags=6 desc=493 img=hi [cached]
[cache] RJ01144031
[enrich] 4385/10500 RJ01144031: tags=6 desc=801 img=hi [cached]
[cache] RJ007709
[enrich] 4386/10500 RJ007709: tags=2 desc=507 img=hi [cached]
[cache] RJ012876
[enrich] 4387/10500 RJ012876: tags=4 desc=131 img=hi [cached]
[cache] RJ430195
[enrich] 4388/10500 RJ430195: tags=6 desc=566 img=hi [cached]
[cache] RJ01099775
[enrich] 4389/10500 RJ01099775: tags=6 desc=576 img=hi [cached]
[cache] RJ01418611
[enrich] 4390/10500 RJ01418611: tags=6 desc=942 img=hi [cached]
[cache] RJ01080081
[enrich] 4391/10500 RJ01080081: tags=6 desc=891 img=hi [cached]
[cache] RJ013440
[enrich] 4392/10500 RJ013440: tags=2 desc=416 img=hi [cached]
[cache] RJ01497062
[enrich] 4393/10500 RJ01497062: tags=6 desc=1002 img=hi [cached]
[cache] RJ277229
[enrich] 4394/10500 RJ277229: tags=6 desc=521 img=hi [cached]
[cache] RJ082839
[enrich] 4395/10500 RJ082839: tags=5 desc=530 img=hi [cached]
[cache] RJ018213
[enrich] 4396/10500 RJ018213: tags=2 desc=362 img=hi [cached]
[cache] RJ227565
[enrich] 4397/10500 RJ227565: tags=6 desc=1427 img=hi [cached]
[cache] RJ049983
[enrich] 4398/10500 RJ049983: tags=4 desc=610 img=hi [cached]
[cache] RJ341737
[enrich] 4399/10500 RJ341737: tags=6 desc=1073 img=hi [cached]
[cache] RJ010313
[enrich] 4400/10500 RJ010313: tags=2 desc=274 img=hi [cached]
[save] partial 4400/10500: 10500 works → /workspace/dlsite-promo-site/data/works.json
[cache] RJ127160
[enrich] 4401/10500 RJ127160: tags=1 desc=131 img=hi [cached]
[cache] RJ342379
[enrich] 4402/10500 RJ342379: tags=2 desc=616 img=hi [cached]
[cache] RJ430125
[enrich] 4403/10500 RJ430125: tags=6 desc=691 img=hi [cached]
[cache] RJ039333
[enrich] 4404/10500 RJ039333: tags=6 desc=658 img=hi [cached]
[cache] RJ01543713
[enrich] 4405/10500 RJ01543713: tags=6 desc=980 img=hi [cached]
[cache] RJ01017942
[enrich] 4406/10500 RJ01017942: tags=5 desc=1530 img=hi [cached]
[cache] RJ01497907
[enrich] 4407/10500 RJ01497907: tags=6 desc=653 img=hi [cached]
[cache] RJ007980
[enrich] 4408/10500 RJ007980: tags=1 desc=187 img=hi [cached]
[cache] RJ098142
[enrich] 4409/10500 RJ098142: tags=3 desc=546 img=hi [cached]
[cache] RJ043160
[enrich] 4410/10500 RJ043160: tags=6 desc=442 img=hi [cached]
[cache] RJ01525804
[enrich] 4411/10500 RJ01525804: tags=6 desc=2128 img=hi [cached]
[cache] RJ146948
[enrich] 4412/10500 RJ146948: tags=5 desc=1413 img=hi [cached]
[cache] RJ01258915
[enrich] 4413/10500 RJ01258915: tags=6 desc=209 img=hi [cached]
[cache] RJ065313
[enrich] 4414/10500 RJ065313: tags=4 desc=251 img=hi [cached]
[cache] RJ126536
[enrich] 4415/10500 RJ126536: tags=2 desc=783 img=hi [cached]
[cache] RJ084491
[enrich] 4416/10500 RJ084491: tags=2 desc=365 img=hi [cached]
[cache] RJ314837
[enrich] 4417/10500 RJ314837: tags=6 desc=285 img=hi [cached]
[cache] RJ007800
[enrich] 4418/10500 RJ007800: tags=5 desc=236 img=hi [cached]
[cache] RJ342900
[enrich] 4419/10500 RJ342900: tags=2 desc=755 img=hi [cached]
[cache] RJ01608423
[enrich] 4420/10500 RJ01608423: tags=6 desc=883 img=hi [cached]
[cache] RJ01516307
[enrich] 4421/10500 RJ01516307: tags=6 desc=224 img=hi [cached]
[cache] RJ033463
[enrich] 4422/10500 RJ033463: tags=3 desc=159 img=hi [cached]
[cache] RJ011836
[enrich] 4423/10500 RJ011836: tags=1 desc=204 img=hi [cached]
[cache] RJ287868
[enrich] 4424/10500 RJ287868: tags=6 desc=843 img=hi [cached]
[cache] RJ012563
[enrich] 4425/10500 RJ012563: tags=0 desc=234 img=hi [cached]
[save] partial 4425/10500: 10500 works → /workspace/dlsite-promo-site/data/works.json
[cache] RJ138710
[enrich] 4426/10500 RJ138710: tags=6 desc=1608 img=hi [cached]
[cache] RJ027012
[enrich] 4427/10500 RJ027012: tags=6 desc=444 img=hi [cached]
[cache] RJ054102
[enrich] 4428/10500 RJ054102: tags=6 desc=624 img=hi [cached]
[cache] RJ368855
[enrich] 4429/10500 RJ368855: tags=6 desc=263 img=hi [cached]
[cache] RJ316391
[enrich] 4430/10500 RJ316391: tags=6 desc=715 img=hi [cached]
[cache] RJ01035155
[enrich] 4431/10500 RJ01035155: tags=6 desc=283 img=hi [cached]
[cache] RJ01250535
[enrich] 4432/10500 RJ01250535: tags=6 desc=281 img=hi [cached]
[cache] RJ327498
[enrich] 4433/10500 RJ327498: tags=6 desc=2469 img=hi [cached]
[cache] RJ303183
[enrich] 4434/10500 RJ303183: tags=6 desc=1396 img=hi [cached]
[cache] RJ395857
[enrich] 4435/10500 RJ395857: tags=6 desc=4470 img=hi [cached]
[cache] RJ01173697
[enrich] 4436/10500 RJ01173697: tags=6 desc=4479 img=hi [cached]
[cache] RJ363096
[enrich] 4437/10500 RJ363096: tags=6 desc=1103 img=hi [cached]
[cache] RJ321764
[enrich] 4438/10500 RJ321764: tags=6 desc=828 img=hi [cached]
[cache] RJ01095812
[enrich] 4439/10500 RJ01095812: tags=6 desc=2828 img=hi [cached]
[cache] RJ359672
[enrich] 4440/10500 RJ359672: tags=5 desc=494 img=hi [cached]
[cache] RJ434208
[enrich] 4441/10500 RJ434208: tags=6 desc=1059 img=hi [cached]
[cache] RJ01184348
[enrich] 4442/10500 RJ01184348: tags=6 desc=1810 img=hi [cached]
[cache] RJ260122
[enrich] 4443/10500 RJ260122: tags=6 desc=1072 img=hi [cached]
[cache] RJ437174
[enrich] 4444/10500 RJ437174: tags=6 desc=1989 img=hi [cached]
[cache] RJ01140880
[enrich] 4445/10500 RJ01140880: tags=2 desc=1353 img=hi [cached]
[cache] RJ272628
[enrich] 4446/10500 RJ272628: tags=6 desc=4242 img=hi [cached]
[cache] RJ01029977
[enrich] 4447/10500 RJ01029977: tags=6 desc=817 img=hi [cached]
[cache] RJ01059926
[enrich] 4448/10500 RJ01059926: tags=6 desc=4498 img=hi [cached]
[cache] RJ01397325
[enrich] 4449/10500 RJ01397325: tags=6 desc=1998 img=hi [cached]
[cache] RJ427231
[enrich] 4450/10500 RJ427231: tags=6 desc=467 img=hi [cached]
[save] partial 4450/10500: 10500 works → /workspace/dlsite-promo-site/data/works.json
[cache] RJ313089
[enrich] 4451/10500 RJ313089: tags=6 desc=3982 img=hi [cached]
[cache] RJ174314
[enrich] 4452/10500 RJ174314: tags=6 desc=1114 img=hi [cached]
[cache] RJ320401
[enrich] 4453/10500 RJ320401: tags=6 desc=565 img=hi [cached]
[cache] RJ324522
[enrich] 4454/10500 RJ324522: tags=6 desc=547 img=hi [cached]
[cache] RJ223578
[enrich] 4455/10500 RJ223578: tags=6 desc=3356 img=hi [cached]
[cache] RJ380426
[enrich] 4456/10500 RJ380426: tags=6 desc=3597 img=hi [cached]
[cache] RJ088552
[enrich] 4457/10500 RJ088552: tags=3 desc=511 img=hi [cached]
[cache] RJ292857
[enrich] 4458/10500 RJ292857: tags=6 desc=80 img=hi [cached]
[cache] RJ386993
[enrich] 4459/10500 RJ386993: tags=6 desc=599 img=hi [cached]
[cache] RJ272292
[enrich] 4460/10500 RJ272292: tags=6 desc=1910 img=hi [cached]
[cache] RJ328721
[enrich] 4461/10500 RJ328721: tags=6 desc=136 img=hi [cached]
[cache] RJ01437887
[enrich] 4462/10500 RJ01437887: tags=6 desc=1862 img=hi [cached]
[cache] RJ242526
[enrich] 4463/10500 RJ242526: tags=6 desc=2147 img=hi [cached]
[cache] RJ179557
[enrich] 4464/10500 RJ179557: tags=6 desc=608 img=hi [cached]
[cache] RJ01304318
[enrich] 4465/10500 RJ01304318: tags=6 desc=1502 img=hi [cached]
[cache] RJ302659
[enrich] 4466/10500 RJ302659: tags=6 desc=1584 img=hi [cached]
[cache] RJ01036859
[enrich] 4467/10500 RJ01036859: tags=6 desc=1422 img=hi [cached]
[cache] RJ01305650
[enrich] 4468/10500 RJ01305650: tags=6 desc=1626 img=hi [cached]
[cache] RJ01062146
[enrich] 4469/10500 RJ01062146: tags=6 desc=1489 img=hi [cached]
[cache] RJ265627
[enrich] 4470/10500 RJ265627: tags=6 desc=1831 img=hi [cached]
[cache] RJ378475
[enrich] 4471/10500 RJ378475: tags=6 desc=703 img=hi [cached]
[cache] RJ299661
[enrich] 4472/10500 RJ299661: tags=6 desc=2388 img=hi [cached]
[cache] RJ329307
[enrich] 4473/10500 RJ329307: tags=6 desc=1442 img=hi [cached]
[cache] RJ263945
[enrich] 4474/10500 RJ263945: tags=6 desc=4305 img=hi [cached]
[cache] RJ344579
[enrich] 4475/10500 RJ344579: tags=6 desc=2032 img=hi [cached]
[save] partial 4475/10500: 10500 works → /workspace/dlsite-promo-site/data/works.json
[cache] RJ01130827
[enrich] 4476/10500 RJ01130827: tags=6 desc=388 img=hi [cached]
[cache] RJ333594
[enrich] 4477/10500 RJ333594: tags=6 desc=555 img=hi [cached]
[cache] RJ01002207
[enrich] 4478/10500 RJ01002207: tags=6 desc=1229 img=hi [cached]
[cache] RJ114194
[enrich] 4479/10500 RJ114194: tags=3 desc=870 img=hi [cached]
[cache] RJ396011
[enrich] 4480/10500 RJ396011: tags=6 desc=1169 img=hi [cached]
[cache] RJ361234
[enrich] 4481/10500 RJ361234: tags=6 desc=4497 img=hi [cached]
[cache] RJ01208576
[enrich] 4482/10500 RJ01208576: tags=6 desc=2525 img=hi [cached]
[cache] RJ343693
[enrich] 4483/10500 RJ343693: tags=6 desc=3590 img=hi [cached]
[cache] RJ01074483
[enrich] 4484/10500 RJ01074483: tags=6 desc=2798 img=hi [cached]
[cache] RJ01268697
[enrich] 4485/10500 RJ01268697: tags=4 desc=360 img=hi [cached]
[cache] RJ01175670
[enrich] 4486/10500 RJ01175670: tags=6 desc=1821 img=hi [cached]
[cache] RJ404620
[enrich] 4487/10500 RJ404620: tags=6 desc=1814 img=hi [cached]
[cache] RJ280239
[enrich] 4488/10500 RJ280239: tags=6 desc=2972 img=hi [cached]
[cache] RJ01275382
[enrich] 4489/10500 RJ01275382: tags=6 desc=2554 img=hi [cached]
[cache] RJ261826
[enrich] 4490/10500 RJ261826: tags=6 desc=1544 img=hi [cached]
[cache] RJ284644
[enrich] 4491/10500 RJ284644: tags=6 desc=1522 img=hi [cached]
[cache] RJ339397
[enrich] 4492/10500 RJ339397: tags=6 desc=4445 img=hi [cached]
[cache] RJ397252
[enrich] 4493/10500 RJ397252: tags=6 desc=614 img=hi [cached]
[cache] RJ380254
[enrich] 4494/10500 RJ380254: tags=6 desc=2228 img=hi [cached]
[cache] RJ01036180
[enrich] 4495/10500 RJ01036180: tags=5 desc=4492 img=hi [cached]
[cache] RJ257900
[enrich] 4496/10500 RJ257900: tags=6 desc=1858 img=hi [cached]
[cache] RJ133234
[enrich] 4497/10500 RJ133234: tags=6 desc=779 img=hi [cached]
[cache] RJ392774
[enrich] 4498/10500 RJ392774: tags=6 desc=1834 img=hi [cached]
[cache] RJ225200
[enrich] 4499/10500 RJ225200: tags=4 desc=1471 img=hi [cached]
[cache] RJ438225
[enrich] 4500/10500 RJ438225: tags=6 desc=717 img=hi [cached]
[save] partial 4500/10500: 10500 works → /workspace/dlsite-promo-site/data/works.json
[cache] RJ171695
[enrich] 4501/10500 RJ171695: tags=2 desc=1028 img=hi [cached]
[cache] RJ01134971
[enrich] 4502/10500 RJ01134971: tags=6 desc=1546 img=hi [cached]
[cache] RJ333596
[enrich] 4503/10500 RJ333596: tags=6 desc=444 img=hi [cached]
[cache] RJ323169
[enrich] 4504/10500 RJ323169: tags=6 desc=136 img=hi [cached]
[cache] RJ270257
[enrich] 4505/10500 RJ270257: tags=6 desc=388 img=hi [cached]
[cache] RJ01058331
[enrich] 4506/10500 RJ01058331: tags=6 desc=4484 img=hi [cached]
[cache] RJ01212162
[enrich] 4507/10500 RJ01212162: tags=6 desc=643 img=hi [cached]
[cache] RJ239448
[enrich] 4508/10500 RJ239448: tags=5 desc=1118 img=hi [cached]
[cache] RJ340903
[enrich] 4509/10500 RJ340903: tags=6 desc=2292 img=hi [cached]
[cache] RJ235435
[enrich] 4510/10500 RJ235435: tags=5 desc=4496 img=hi [cached]
[cache] RJ288719
[enrich] 4511/10500 RJ288719: tags=6 desc=61 img=hi [cached]
[cache] RJ068979
[enrich] 4512/10500 RJ068979: tags=2 desc=782 img=hi [cached]
[cache] RJ01350314
[enrich] 4513/10500 RJ01350314: tags=6 desc=4374 img=hi [cached]
[cache] RJ01082960
[enrich] 4514/10500 RJ01082960: tags=6 desc=1224 img=hi [cached]
[cache] RJ309210
[enrich] 4515/10500 RJ309210: tags=6 desc=631 img=hi [cached]
[cache] RJ01023372
[enrich] 4516/10500 RJ01023372: tags=6 desc=3779 img=hi [cached]
[cache] RJ290927
[enrich] 4517/10500 RJ290927: tags=6 desc=2086 img=hi [cached]
[cache] RJ01261985
[enrich] 4518/10500 RJ01261985: tags=6 desc=2685 img=hi [cached]
[cache] RJ01042481
[enrich] 4519/10500 RJ01042481: tags=6 desc=4471 img=hi [cached]
[cache] RJ01113187
[enrich] 4520/10500 RJ01113187: tags=6 desc=2202 img=hi [cached]
[cache] RJ404091
[enrich] 4521/10500 RJ404091: tags=6 desc=1379 img=hi [cached]
[cache] RJ01181518
[enrich] 4522/10500 RJ01181518: tags=5 desc=1278 img=hi [cached]
[cache] RJ243745
[enrich] 4523/10500 RJ243745: tags=6 desc=1475 img=hi [cached]
[cache] RJ297162
[enrich] 4524/10500 RJ297162: tags=6 desc=1371 img=hi [cached]
[cache] RJ258857
[enrich] 4525/10500 RJ258857: tags=6 desc=1427 img=hi [cached]
[save] partial 4525/10500: 10500 works → /workspace/dlsite-promo-site/data/works.json
[cache] RJ01389077
[enrich] 4526/10500 RJ01389077: tags=6 desc=1774 img=hi [cached]
[cache] RJ070986
[enrich] 4527/10500 RJ070986: tags=4 desc=507 img=hi [cached]
[cache] RJ356883
[enrich] 4528/10500 RJ356883: tags=6 desc=321 img=hi [cached]
[cache] RJ137139
[enrich] 4529/10500 RJ137139: tags=6 desc=1700 img=hi [cached]
[cache] RJ141141
[enrich] 4530/10500 RJ141141: tags=6 desc=1560 img=hi [cached]
[cache] RJ01004420
[enrich] 4531/10500 RJ01004420: tags=6 desc=2494 img=hi [cached]
[cache] RJ01221503
[enrich] 4532/10500 RJ01221503: tags=6 desc=2712 img=hi [cached]
[cache] RJ202603
[enrich] 4533/10500 RJ202603: tags=5 desc=826 img=hi [cached]
[cache] RJ410688
[enrich] 4534/10500 RJ410688: tags=6 desc=785 img=hi [cached]
[cache] RJ01021172
[enrich] 4535/10500 RJ01021172: tags=6 desc=104 img=hi [cached]
[cache] RJ159645
[enrich] 4536/10500 RJ159645: tags=6 desc=2273 img=hi [cached]
[cache] RJ01052572
[enrich] 4537/10500 RJ01052572: tags=6 desc=810 img=hi [cached]
[cache] RJ01315282
[enrich] 4538/10500 RJ01315282: tags=6 desc=2660 img=hi [cached]
[cache] RJ295956
[enrich] 4539/10500 RJ295956: tags=6 desc=4298 img=hi [cached]
[cache] RJ385581
[enrich] 4540/10500 RJ385581: tags=0 desc=2207 img=hi [cached]
[cache] RJ341997
[enrich] 4541/10500 RJ341997: tags=6 desc=438 img=hi [cached]
[cache] RJ412274
[enrich] 4542/10500 RJ412274: tags=6 desc=1051 img=hi [cached]
[cache] RJ01085040
[enrich] 4543/10500 RJ01085040: tags=6 desc=1892 img=hi [cached]
[cache] RJ01112220
[enrich] 4544/10500 RJ01112220: tags=6 desc=1736 img=hi [cached]
[cache] RJ267236
[enrich] 4545/10500 RJ267236: tags=6 desc=3723 img=hi [cached]
[cache] RJ282857
[enrich] 4546/10500 RJ282857: tags=6 desc=838 img=hi [cached]
[cache] RJ01064447
[enrich] 4547/10500 RJ01064447: tags=6 desc=1909 img=hi [cached]
[cache] RJ288003
[enrich] 4548/10500 RJ288003: tags=6 desc=2042 img=hi [cached]
[cache] RJ01007837
[enrich] 4549/10500 RJ01007837: tags=6 desc=2203 img=hi [cached]
[cache] RJ307073
[enrich] 4550/10500 RJ307073: tags=6 desc=3106 img=hi [cached]
[save] partial 4550/10500: 10500 works → /workspace/dlsite-promo-site/data/works.json
[cache] RJ01086372
[enrich] 4551/10500 RJ01086372: tags=6 desc=4436 img=hi [cached]
[cache] RJ397405
[enrich] 4552/10500 RJ397405: tags=6 desc=4480 img=hi [cached]
[cache] RJ289312
[enrich] 4553/10500 RJ289312: tags=6 desc=2216 img=hi [cached]
[cache] RJ352228
[enrich] 4554/10500 RJ352228: tags=6 desc=1420 img=hi [cached]
[cache] RJ150119
[enrich] 4555/10500 RJ150119: tags=5 desc=1199 img=hi [cached]
[cache] RJ281053
[enrich] 4556/10500 RJ281053: tags=3 desc=1205 img=hi [cached]
[cache] RJ188849
[enrich] 4557/10500 RJ188849: tags=6 desc=1720 img=hi [cached]
[cache] RJ323401
[enrich] 4558/10500 RJ323401: tags=6 desc=559 img=hi [cached]
[cache] RJ01369497
[enrich] 4559/10500 RJ01369497: tags=6 desc=779 img=hi [cached]
[cache] RJ269753
[enrich] 4560/10500 RJ269753: tags=6 desc=2395 img=hi [cached]
[cache] RJ237908
[enrich] 4561/10500 RJ237908: tags=6 desc=1536 img=hi [cached]
[cache] RJ01100529
[enrich] 4562/10500 RJ01100529: tags=6 desc=1496 img=hi [cached]
[cache] RJ407716
[enrich] 4563/10500 RJ407716: tags=6 desc=1414 img=hi [cached]
[cache] RJ01103241
[enrich] 4564/10500 RJ01103241: tags=6 desc=655 img=hi [cached]
[cache] RJ215163
[enrich] 4565/10500 RJ215163: tags=5 desc=1650 img=hi [cached]
[cache] RJ267345
[enrich] 4566/10500 RJ267345: tags=6 desc=4470 img=hi [cached]
[cache] RJ270581
[enrich] 4567/10500 RJ270581: tags=2 desc=1289 img=hi [cached]
[cache] RJ294817
[enrich] 4568/10500 RJ294817: tags=6 desc=2683 img=hi [cached]
[cache] RJ01409483
[enrich] 4569/10500 RJ01409483: tags=6 desc=3450 img=hi [cached]
[cache] RJ01479060
[enrich] 4570/10500 RJ01479060: tags=6 desc=4459 img=hi [cached]
[cache] RJ203826
[enrich] 4571/10500 RJ203826: tags=6 desc=1994 img=hi [cached]
[cache] RJ01320138
[enrich] 4572/10500 RJ01320138: tags=6 desc=1398 img=hi [cached]
[cache] RJ294632
[enrich] 4573/10500 RJ294632: tags=6 desc=1642 img=hi [cached]
[cache] RJ01363805
[enrich] 4574/10500 RJ01363805: tags=6 desc=417 img=hi [cached]
[cache] RJ01261509
[enrich] 4575/10500 RJ01261509: tags=6 desc=1571 img=hi [cached]
[save] partial 4575/10500: 10500 works → /workspace/dlsite-promo-site/data/works.json
[cache] RJ01134131
[enrich] 4576/10500 RJ01134131: tags=6 desc=1988 img=hi [cached]
[cache] RJ049370
[enrich] 4577/10500 RJ049370: tags=3 desc=379 img=hi [cached]
[cache] RJ01079429
[enrich] 4578/10500 RJ01079429: tags=6 desc=2140 img=hi [cached]
[cache] RJ268207
[enrich] 4579/10500 RJ268207: tags=6 desc=2616 img=hi [cached]
[cache] RJ203751
[enrich] 4580/10500 RJ203751: tags=3 desc=1589 img=hi [cached]
[cache] RJ01148836
[enrich] 4581/10500 RJ01148836: tags=6 desc=89 img=hi [cached]
[cache] RJ265586
[enrich] 4582/10500 RJ265586: tags=6 desc=4475 img=hi [cached]
[cache] RJ304923
[enrich] 4583/10500 RJ304923: tags=6 desc=976 img=hi [cached]
[cache] RJ359479
[enrich] 4584/10500 RJ359479: tags=6 desc=308 img=hi [cached]
[cache] RJ250682
[enrich] 4585/10500 RJ250682: tags=6 desc=4216 img=hi [cached]
[cache] RJ292805
[enrich] 4586/10500 RJ292805: tags=6 desc=2800 img=hi [cached]
[cache] RJ310972
[enrich] 4587/10500 RJ310972: tags=6 desc=1992 img=hi [cached]
[cache] RJ259381
[enrich] 4588/10500 RJ259381: tags=6 desc=600 img=hi [cached]
[cache] RJ01160020
[enrich] 4589/10500 RJ01160020: tags=6 desc=2519 img=hi [cached]
[cache] RJ01092696
[enrich] 4590/10500 RJ01092696: tags=6 desc=2205 img=hi [cached]
[cache] RJ328315
[enrich] 4591/10500 RJ328315: tags=6 desc=980 img=hi [cached]
[cache] RJ298653
[enrich] 4592/10500 RJ298653: tags=6 desc=497 img=hi [cached]
[cache] RJ01122915
[enrich] 4593/10500 RJ01122915: tags=6 desc=1924 img=hi [cached]
[cache] RJ314280
[enrich] 4594/10500 RJ314280: tags=6 desc=611 img=hi [cached]
[cache] RJ01127640
[enrich] 4595/10500 RJ01127640: tags=6 desc=2855 img=hi [cached]
[cache] RJ01171378
[enrich] 4596/10500 RJ01171378: tags=6 desc=1312 img=hi [cached]
[cache] RJ437151
[enrich] 4597/10500 RJ437151: tags=6 desc=2359 img=hi [cached]
[cache] RJ143161
[enrich] 4598/10500 RJ143161: tags=6 desc=1232 img=hi [cached]
[cache] RJ01104190
[enrich] 4599/10500 RJ01104190: tags=6 desc=1458 img=hi [cached]
[cache] RJ272311
[enrich] 4600/10500 RJ272311: tags=6 desc=4483 img=hi [cached]
[save] partial 4600/10500: 10500 works → /workspace/dlsite-promo-site/data/works.json
[cache] RJ407467
[enrich] 4601/10500 RJ407467: tags=6 desc=1040 img=hi [cached]
[cache] RJ237621
[enrich] 4602/10500 RJ237621: tags=6 desc=2413 img=hi [cached]
[cache] RJ277054
[enrich] 4603/10500 RJ277054: tags=6 desc=2150 img=hi [cached]
[cache] RJ378120
[enrich] 4604/10500 RJ378120: tags=6 desc=534 img=hi [cached]
[cache] RJ01124146
[enrich] 4605/10500 RJ01124146: tags=6 desc=2009 img=hi [cached]
[cache] RJ343955
[enrich] 4606/10500 RJ343955: tags=6 desc=4377 img=hi [cached]
[cache] RJ179721
[enrich] 4607/10500 RJ179721: tags=6 desc=2293 img=hi [cached]
[cache] RJ392613
[enrich] 4608/10500 RJ392613: tags=6 desc=3899 img=hi [cached]
[cache] RJ01375819
[enrich] 4609/10500 RJ01375819: tags=6 desc=2170 img=hi [cached]
[cache] RJ223373
[enrich] 4610/10500 RJ223373: tags=4 desc=3235 img=hi [cached]
[cache] RJ01242298
[enrich] 4611/10500 RJ01242298: tags=6 desc=1161 img=hi [cached]
[cache] RJ01187636
[enrich] 4612/10500 RJ01187636: tags=6 desc=2005 img=hi [cached]
[cache] RJ271879
[enrich] 4613/10500 RJ271879: tags=6 desc=2588 img=hi [cached]
[cache] RJ01010222
[enrich] 4614/10500 RJ01010222: tags=6 desc=2008 img=hi [cached]
[cache] RJ240186
[enrich] 4615/10500 RJ240186: tags=6 desc=2041 img=hi [cached]
[cache] RJ292409
[enrich] 4616/10500 RJ292409: tags=6 desc=1946 img=hi [cached]
[cache] RJ01070500
[enrich] 4617/10500 RJ01070500: tags=6 desc=1782 img=hi [cached]
[cache] RJ01148113
[enrich] 4618/10500 RJ01148113: tags=6 desc=1095 img=hi [cached]
[cache] RJ319772
[enrich] 4619/10500 RJ319772: tags=6 desc=2367 img=hi [cached]
[cache] RJ01166169
[enrich] 4620/10500 RJ01166169: tags=6 desc=1333 img=hi [cached]
[cache] RJ329308
[enrich] 4621/10500 RJ329308: tags=6 desc=553 img=hi [cached]
[cache] RJ117345
[enrich] 4622/10500 RJ117345: tags=3 desc=1255 img=hi [cached]
[cache] RJ01008139
[enrich] 4623/10500 RJ01008139: tags=6 desc=3873 img=hi [cached]
[cache] RJ175766
[enrich] 4624/10500 RJ175766: tags=2 desc=583 img=hi [cached]
[cache] RJ01196540
[enrich] 4625/10500 RJ01196540: tags=6 desc=1696 img=hi [cached]
[save] partial 4625/10500: 10500 works → /workspace/dlsite-promo-site/data/works.json
[cache] RJ01201784
[enrich] 4626/10500 RJ01201784: tags=6 desc=1677 img=hi [cached]
[cache] RJ396146
[enrich] 4627/10500 RJ396146: tags=6 desc=468 img=hi [cached]
[cache] RJ01195337
[enrich] 4628/10500 RJ01195337: tags=6 desc=288 img=hi [cached]
[cache] RJ01633707
[enrich] 4629/10500 RJ01633707: tags=6 desc=2035 img=hi [cached]
[cache] RJ278830
[enrich] 4630/10500 RJ278830: tags=6 desc=2925 img=hi [cached]
[cache] RJ280715
[enrich] 4631/10500 RJ280715: tags=6 desc=4269 img=hi [cached]
[cache] RJ01127447
[enrich] 4632/10500 RJ01127447: tags=6 desc=2289 img=hi [cached]
[cache] RJ01499589
[enrich] 4633/10500 RJ01499589: tags=6 desc=4499 img=hi [cached]
[cache] RJ01311536
[enrich] 4634/10500 RJ01311536: tags=6 desc=759 img=hi [cached]
[cache] RJ376456
[enrich] 4635/10500 RJ376456: tags=6 desc=1223 img=hi [cached]
[cache] RJ248561
[enrich] 4636/10500 RJ248561: tags=6 desc=2649 img=hi [cached]
[cache] RJ01343928
[enrich] 4637/10500 RJ01343928: tags=6 desc=4456 img=hi [cached]
[cache] RJ01391184
[enrich] 4638/10500 RJ01391184: tags=6 desc=250 img=hi [cached]
[cache] RJ150113
[enrich] 4639/10500 RJ150113: tags=6 desc=1454 img=hi [cached]
[cache] RJ310289
[enrich] 4640/10500 RJ310289: tags=6 desc=604 img=hi [cached]
[cache] RJ341343
[enrich] 4641/10500 RJ341343: tags=6 desc=2088 img=hi [cached]
[cache] RJ01498179
[enrich] 4642/10500 RJ01498179: tags=6 desc=1797 img=hi [cached]
[cache] RJ332593
[enrich] 4643/10500 RJ332593: tags=6 desc=395 img=hi [cached]
[cache] RJ01121971
[enrich] 4644/10500 RJ01121971: tags=6 desc=3697 img=hi [cached]
[cache] RJ01133716
[enrich] 4645/10500 RJ01133716: tags=6 desc=1040 img=hi [cached]
[cache] RJ282290
[enrich] 4646/10500 RJ282290: tags=6 desc=383 img=hi [cached]
[cache] RJ298344
[enrich] 4647/10500 RJ298344: tags=6 desc=2137 img=hi [cached]
[cache] RJ396348
[enrich] 4648/10500 RJ396348: tags=6 desc=4386 img=hi [cached]
[cache] RJ01200095
[enrich] 4649/10500 RJ01200095: tags=6 desc=3527 img=hi [cached]
[cache] RJ320175
[enrich] 4650/10500 RJ320175: tags=6 desc=293 img=hi [cached]
[save] partial 4650/10500: 10500 works → /workspace/dlsite-promo-site/data/works.json
[cache] RJ01405971
[enrich] 4651/10500 RJ01405971: tags=6 desc=2588 img=hi [cached]
[cache] RJ01119966
[enrich] 4652/10500 RJ01119966: tags=6 desc=4498 img=hi [cached]
[cache] RJ223803
[enrich] 4653/10500 RJ223803: tags=6 desc=1508 img=hi [cached]
[cache] RJ01017217
[enrich] 4654/10500 RJ01017217: tags=6 desc=1178 img=hi [cached]
[cache] RJ305695
[enrich] 4655/10500 RJ305695: tags=6 desc=626 img=hi [cached]
[cache] RJ356835
[enrich] 4656/10500 RJ356835: tags=6 desc=1655 img=hi [cached]
[cache] RJ320286
[enrich] 4657/10500 RJ320286: tags=6 desc=2900 img=hi [cached]
[cache] RJ252619
[enrich] 4658/10500 RJ252619: tags=6 desc=3257 img=hi [cached]
[cache] RJ384122
[enrich] 4659/10500 RJ384122: tags=6 desc=2359 img=hi [cached]
[cache] RJ432040
[enrich] 4660/10500 RJ432040: tags=6 desc=4226 img=hi [cached]
[cache] RJ417556
[enrich] 4661/10500 RJ417556: tags=6 desc=2555 img=hi [cached]
[cache] RJ01144979
[enrich] 4662/10500 RJ01144979: tags=6 desc=4474 img=hi [cached]
[cache] RJ199314
[enrich] 4663/10500 RJ199314: tags=6 desc=1972 img=hi [cached]
[cache] RJ01193818
[enrich] 4664/10500 RJ01193818: tags=6 desc=1650 img=hi [cached]
[cache] RJ211017
[enrich] 4665/10500 RJ211017: tags=4 desc=690 img=hi [cached]
[cache] RJ01201653
[enrich] 4666/10500 RJ01201653: tags=5 desc=3114 img=hi [cached]
[cache] RJ01104045
[enrich] 4667/10500 RJ01104045: tags=6 desc=1338 img=hi [cached]
[cache] RJ01405281
[enrich] 4668/10500 RJ01405281: tags=6 desc=2351 img=hi [cached]
[cache] RJ01024197
[enrich] 4669/10500 RJ01024197: tags=4 desc=521 img=hi [cached]
[cache] RJ01092576
[enrich] 4670/10500 RJ01092576: tags=6 desc=485 img=hi [cached]
[cache] RJ01215927
[enrich] 4671/10500 RJ01215927: tags=6 desc=1257 img=hi [cached]
[cache] RJ01085472
[enrich] 4672/10500 RJ01085472: tags=6 desc=2699 img=hi [cached]
[cache] RJ01380783
[enrich] 4673/10500 RJ01380783: tags=6 desc=1060 img=hi [cached]
[cache] RJ383745
[enrich] 4674/10500 RJ383745: tags=6 desc=1189 img=hi [cached]
[cache] RJ400653
[enrich] 4675/10500 RJ400653: tags=6 desc=631 img=hi [cached]
[save] partial 4675/10500: 10500 works → /workspace/dlsite-promo-site/data/works.json
[cache] RJ01293869
[enrich] 4676/10500 RJ01293869: tags=6 desc=297 img=hi [cached]
[cache] RJ01169637
[enrich] 4677/10500 RJ01169637: tags=6 desc=1403 img=hi [cached]
[cache] RJ208752
[enrich] 4678/10500 RJ208752: tags=6 desc=472 img=hi [cached]
[cache] RJ314702
[enrich] 4679/10500 RJ314702: tags=6 desc=674 img=hi [cached]
[cache] RJ01309333
[enrich] 4680/10500 RJ01309333: tags=6 desc=407 img=hi [cached]
[cache] RJ410389
[enrich] 4681/10500 RJ410389: tags=6 desc=2081 img=hi [cached]
[cache] RJ248987
[enrich] 4682/10500 RJ248987: tags=6 desc=2635 img=hi [cached]
[cache] RJ01186842
[enrich] 4683/10500 RJ01186842: tags=6 desc=2002 img=hi [cached]
[cache] RJ417245
[enrich] 4684/10500 RJ417245: tags=6 desc=2470 img=hi [cached]
[cache] RJ190251
[enrich] 4685/10500 RJ190251: tags=6 desc=1111 img=hi [cached]
[cache] RJ127061
[enrich] 4686/10500 RJ127061: tags=6 desc=933 img=hi [cached]
[cache] RJ01289925
[enrich] 4687/10500 RJ01289925: tags=6 desc=3928 img=hi [cached]
[cache] RJ184700
[enrich] 4688/10500 RJ184700: tags=6 desc=546 img=hi [cached]
[cache] RJ269554
[enrich] 4689/10500 RJ269554: tags=6 desc=663 img=hi [cached]
[cache] RJ283778
[enrich] 4690/10500 RJ283778: tags=6 desc=850 img=hi [cached]
[cache] RJ01061230
[enrich] 4691/10500 RJ01061230: tags=6 desc=781 img=hi [cached]
[cache] RJ01117190
[enrich] 4692/10500 RJ01117190: tags=6 desc=2295 img=hi [cached]
[cache] RJ228243
[enrich] 4693/10500 RJ228243: tags=6 desc=762 img=hi [cached]
[cache] RJ01245153
[enrich] 4694/10500 RJ01245153: tags=6 desc=1354 img=hi [cached]
[cache] RJ01124087
[enrich] 4695/10500 RJ01124087: tags=6 desc=522 img=hi [cached]
[cache] RJ01221783
[enrich] 4696/10500 RJ01221783: tags=6 desc=1038 img=hi [cached]
[cache] RJ01384149
[enrich] 4697/10500 RJ01384149: tags=6 desc=2627 img=hi [cached]
[cache] RJ261011
[enrich] 4698/10500 RJ261011: tags=6 desc=1468 img=hi [cached]
[cache] RJ232953
[enrich] 4699/10500 RJ232953: tags=6 desc=2607 img=hi [cached]
[cache] RJ026617
[enrich] 4700/10500 RJ026617: tags=6 desc=227 img=hi [cached]
[save] partial 4700/10500: 10500 works → /workspace/dlsite-promo-site/data/works.json
[cache] RJ333934
[enrich] 4701/10500 RJ333934: tags=6 desc=1911 img=hi [cached]
[cache] RJ362964
[enrich] 4702/10500 RJ362964: tags=6 desc=212 img=hi [cached]
[cache] RJ01214686
[enrich] 4703/10500 RJ01214686: tags=6 desc=657 img=hi [cached]
[cache] RJ221485
[enrich] 4704/10500 RJ221485: tags=6 desc=429 img=hi [cached]
[cache] RJ01144692
[enrich] 4705/10500 RJ01144692: tags=6 desc=3406 img=hi [cached]
[cache] RJ187640
[enrich] 4706/10500 RJ187640: tags=6 desc=1088 img=hi [cached]
[cache] RJ01002988
[enrich] 4707/10500 RJ01002988: tags=6 desc=607 img=hi [cached]
[cache] RJ298118
[enrich] 4708/10500 RJ298118: tags=6 desc=819 img=hi [cached]
[cache] RJ341761
[enrich] 4709/10500 RJ341761: tags=6 desc=1125 img=hi [cached]
[cache] RJ331142
[enrich] 4710/10500 RJ331142: tags=6 desc=1531 img=hi [cached]
[cache] RJ344891
[enrich] 4711/10500 RJ344891: tags=6 desc=414 img=hi [cached]
[cache] RJ171219
[enrich] 4712/10500 RJ171219: tags=6 desc=424 img=hi [cached]
[cache] RJ323674
[enrich] 4713/10500 RJ323674: tags=6 desc=952 img=hi [cached]
[cache] RJ148565
[enrich] 4714/10500 RJ148565: tags=6 desc=1294 img=hi [cached]
[cache] RJ342578
[enrich] 4715/10500 RJ342578: tags=6 desc=1183 img=hi [cached]
[cache] RJ01285169
[enrich] 4716/10500 RJ01285169: tags=6 desc=870 img=hi [cached]
[cache] RJ086506
[enrich] 4717/10500 RJ086506: tags=6 desc=361 img=hi [cached]
[cache] RJ362605
[enrich] 4718/10500 RJ362605: tags=6 desc=2868 img=hi [cached]
[cache] RJ309528
[enrich] 4719/10500 RJ309528: tags=6 desc=366 img=hi [cached]
[cache] RJ331694
[enrich] 4720/10500 RJ331694: tags=6 desc=1213 img=hi [cached]
[cache] RJ148907
[enrich] 4721/10500 RJ148907: tags=6 desc=465 img=hi [cached]
[cache] RJ231124
[enrich] 4722/10500 RJ231124: tags=6 desc=281 img=hi [cached]
[cache] RJ01130999
[enrich] 4723/10500 RJ01130999: tags=6 desc=963 img=hi [cached]
[cache] RJ01094244
[enrich] 4724/10500 RJ01094244: tags=6 desc=1194 img=hi [cached]
[cache] RJ206474
[enrich] 4725/10500 RJ206474: tags=6 desc=1279 img=hi [cached]
[save] partial 4725/10500: 10500 works → /workspace/dlsite-promo-site/data/works.json
[cache] RJ01127013
[enrich] 4726/10500 RJ01127013: tags=6 desc=2133 img=hi [cached]
[cache] RJ231491
[enrich] 4727/10500 RJ231491: tags=6 desc=835 img=hi [cached]
[cache] RJ203752
[enrich] 4728/10500 RJ203752: tags=6 desc=1197 img=hi [cached]
[cache] RJ225414
[enrich] 4729/10500 RJ225414: tags=6 desc=995 img=hi [cached]
[cache] RJ01088206
[enrich] 4730/10500 RJ01088206: tags=6 desc=908 img=hi [cached]
[cache] RJ01026771
[enrich] 4731/10500 RJ01026771: tags=6 desc=866 img=hi [cached]
[cache] RJ01261731
[enrich] 4732/10500 RJ01261731: tags=6 desc=976 img=hi [cached]
[cache] RJ405415
[enrich] 4733/10500 RJ405415: tags=6 desc=841 img=hi [cached]
[cache] RJ214335
[enrich] 4734/10500 RJ214335: tags=6 desc=879 img=hi [cached]
[cache] RJ417620
[enrich] 4735/10500 RJ417620: tags=6 desc=1154 img=hi [cached]
[cache] RJ123294
[enrich] 4736/10500 RJ123294: tags=6 desc=540 img=hi [cached]
[cache] RJ102539
[enrich] 4737/10500 RJ102539: tags=6 desc=318 img=hi [cached]
[cache] RJ253103
[enrich] 4738/10500 RJ253103: tags=6 desc=615 img=hi [cached]
[cache] RJ01109863
[enrich] 4739/10500 RJ01109863: tags=6 desc=1275 img=hi [cached]
[cache] RJ266348
[enrich] 4740/10500 RJ266348: tags=6 desc=1547 img=hi [cached]
[cache] RJ342911
[enrich] 4741/10500 RJ342911: tags=6 desc=774 img=hi [cached]
[cache] RJ123426
[enrich] 4742/10500 RJ123426: tags=6 desc=1004 img=hi [cached]
[cache] RJ316827
[enrich] 4743/10500 RJ316827: tags=6 desc=669 img=hi [cached]
[cache] RJ01041481
[enrich] 4744/10500 RJ01041481: tags=6 desc=1285 img=hi [cached]
[cache] RJ356209
[enrich] 4745/10500 RJ356209: tags=6 desc=1166 img=hi [cached]
[cache] RJ333022
[enrich] 4746/10500 RJ333022: tags=6 desc=572 img=hi [cached]
[cache] RJ342292
[enrich] 4747/10500 RJ342292: tags=6 desc=1621 img=hi [cached]
[cache] RJ196613
[enrich] 4748/10500 RJ196613: tags=6 desc=754 img=hi [cached]
[cache] RJ257630
[enrich] 4749/10500 RJ257630: tags=6 desc=664 img=hi [cached]
[cache] RJ01041935
[enrich] 4750/10500 RJ01041935: tags=6 desc=2690 img=hi [cached]
[save] partial 4750/10500: 10500 works → /workspace/dlsite-promo-site/data/works.json
[cache] RJ291293
[enrich] 4751/10500 RJ291293: tags=6 desc=1126 img=hi [cached]
[cache] RJ421882
[enrich] 4752/10500 RJ421882: tags=6 desc=2209 img=hi [cached]
[cache] RJ01357968
[enrich] 4753/10500 RJ01357968: tags=6 desc=2734 img=hi [cached]
[cache] RJ189145
[enrich] 4754/10500 RJ189145: tags=6 desc=867 img=hi [cached]
[cache] RJ235129
[enrich] 4755/10500 RJ235129: tags=6 desc=580 img=hi [cached]
[cache] RJ01436282
[enrich] 4756/10500 RJ01436282: tags=6 desc=393 img=hi [cached]
[cache] RJ381706
[enrich] 4757/10500 RJ381706: tags=6 desc=532 img=hi [cached]
[cache] RJ01073903
[enrich] 4758/10500 RJ01073903: tags=6 desc=1734 img=hi [cached]
[cache] RJ193425
[enrich] 4759/10500 RJ193425: tags=6 desc=1073 img=hi [cached]
[cache] RJ278885
[enrich] 4760/10500 RJ278885: tags=6 desc=1258 img=hi [cached]
[cache] RJ368530
[enrich] 4761/10500 RJ368530: tags=6 desc=829 img=hi [cached]
[cache] RJ420680
[enrich] 4762/10500 RJ420680: tags=6 desc=407 img=hi [cached]
[cache] RJ319669
[enrich] 4763/10500 RJ319669: tags=6 desc=1245 img=hi [cached]
[cache] RJ01258000
[enrich] 4764/10500 RJ01258000: tags=6 desc=950 img=hi [cached]
[cache] RJ01074916
[enrich] 4765/10500 RJ01074916: tags=6 desc=1123 img=hi [cached]
[cache] RJ257406
[enrich] 4766/10500 RJ257406: tags=6 desc=781 img=hi [cached]
[cache] RJ353158
[enrich] 4767/10500 RJ353158: tags=6 desc=1896 img=hi [cached]
[cache] RJ183797
[enrich] 4768/10500 RJ183797: tags=6 desc=1298 img=hi [cached]
[cache] RJ168054
[enrich] 4769/10500 RJ168054: tags=6 desc=1382 img=hi [cached]
[cache] RJ255616
[enrich] 4770/10500 RJ255616: tags=6 desc=870 img=hi [cached]
[cache] RJ161078
[enrich] 4771/10500 RJ161078: tags=6 desc=1693 img=hi [cached]
[cache] RJ410370
[enrich] 4772/10500 RJ410370: tags=6 desc=706 img=hi [cached]
[cache] RJ01177778
[enrich] 4773/10500 RJ01177778: tags=6 desc=475 img=hi [cached]
[cache] RJ103157
[enrich] 4774/10500 RJ103157: tags=6 desc=1106 img=hi [cached]
[cache] RJ01447280
[enrich] 4775/10500 RJ01447280: tags=6 desc=939 img=hi [cached]
[save] partial 4775/10500: 10500 works → /workspace/dlsite-promo-site/data/works.json
[cache] RJ01158977
[enrich] 4776/10500 RJ01158977: tags=6 desc=223 img=hi [cached]
[cache] RJ302452
[enrich] 4777/10500 RJ302452: tags=6 desc=1530 img=hi [cached]
[cache] RJ01220426
[enrich] 4778/10500 RJ01220426: tags=6 desc=2053 img=hi [cached]
[cache] RJ250700
[enrich] 4779/10500 RJ250700: tags=6 desc=843 img=hi [cached]
[cache] RJ431998
[enrich] 4780/10500 RJ431998: tags=6 desc=905 img=hi [cached]
[cache] RJ223611
[enrich] 4781/10500 RJ223611: tags=4 desc=117 img=hi [cached]
[cache] RJ316841
[enrich] 4782/10500 RJ316841: tags=6 desc=1683 img=hi [cached]
[cache] RJ149951
[enrich] 4783/10500 RJ149951: tags=6 desc=1019 img=hi [cached]
[cache] RJ01254939
[enrich] 4784/10500 RJ01254939: tags=5 desc=366 img=hi [cached]
[cache] RJ185579
[enrich] 4785/10500 RJ185579: tags=6 desc=1116 img=hi [cached]
[cache] RJ336995
[enrich] 4786/10500 RJ336995: tags=6 desc=1369 img=hi [cached]
[cache] RJ299707
[enrich] 4787/10500 RJ299707: tags=6 desc=1397 img=hi [cached]
[cache] RJ264392
[enrich] 4788/10500 RJ264392: tags=6 desc=367 img=hi [cached]
[cache] RJ256667
[enrich] 4789/10500 RJ256667: tags=6 desc=790 img=hi [cached]
[cache] RJ076303
[enrich] 4790/10500 RJ076303: tags=6 desc=815 img=hi [cached]
[cache] RJ173746
[enrich] 4791/10500 RJ173746: tags=5 desc=2792 img=hi [cached]
[cache] RJ01106652
[enrich] 4792/10500 RJ01106652: tags=6 desc=4481 img=hi [cached]
[cache] RJ275725
[enrich] 4793/10500 RJ275725: tags=6 desc=761 img=hi [cached]
[cache] RJ241413
[enrich] 4794/10500 RJ241413: tags=6 desc=690 img=hi [cached]
[cache] RJ254067
[enrich] 4795/10500 RJ254067: tags=1 desc=245 img=hi [cached]
[cache] RJ01128057
[enrich] 4796/10500 RJ01128057: tags=6 desc=360 img=hi [cached]
[cache] RJ303351
[enrich] 4797/10500 RJ303351: tags=6 desc=1326 img=hi [cached]
[cache] RJ175426
[enrich] 4798/10500 RJ175426: tags=6 desc=964 img=hi [cached]
[cache] RJ138375
[enrich] 4799/10500 RJ138375: tags=6 desc=1184 img=hi [cached]
[cache] RJ01268417
[enrich] 4800/10500 RJ01268417: tags=6 desc=1880 img=hi [cached]
[save] partial 4800/10500: 10500 works → /workspace/dlsite-promo-site/data/works.json
[cache] RJ256172
[enrich] 4801/10500 RJ256172: tags=6 desc=1439 img=hi [cached]
[cache] RJ161447
[enrich] 4802/10500 RJ161447: tags=6 desc=929 img=hi [cached]
[cache] RJ364824
[enrich] 4803/10500 RJ364824: tags=6 desc=1502 img=hi [cached]
[cache] RJ01317267
[enrich] 4804/10500 RJ01317267: tags=6 desc=2209 img=hi [cached]
[cache] RJ268345
[enrich] 4805/10500 RJ268345: tags=6 desc=793 img=hi [cached]
[enrich] 4806/10500 RJ01043250: tags=0 desc=8 img=hi
[cache] RJ272680
[enrich] 4807/10500 RJ272680: tags=6 desc=1307 img=hi [cached]
[cache] RJ287865
[enrich] 4808/10500 RJ287865: tags=6 desc=1063 img=hi [cached]
[cache] RJ01040712
[enrich] 4809/10500 RJ01040712: tags=6 desc=937 img=hi [cached]
[cache] RJ01116468
[enrich] 4810/10500 RJ01116468: tags=6 desc=731 img=hi [cached]
[cache] RJ01290563
[enrich] 4811/10500 RJ01290563: tags=6 desc=837 img=hi [cached]
[cache] RJ241013
[enrich] 4812/10500 RJ241013: tags=6 desc=1642 img=hi [cached]
[cache] RJ01117134
[enrich] 4813/10500 RJ01117134: tags=6 desc=1275 img=hi [cached]
[cache] RJ01072550
[enrich] 4814/10500 RJ01072550: tags=6 desc=1159 img=hi [cached]
[cache] RJ360043
[enrich] 4815/10500 RJ360043: tags=6 desc=848 img=hi [cached]
[cache] RJ242008
[enrich] 4816/10500 RJ242008: tags=6 desc=1523 img=hi [cached]
[cache] RJ01131276
[enrich] 4817/10500 RJ01131276: tags=6 desc=806 img=hi [cached]
[cache] RJ177244
[enrich] 4818/10500 RJ177244: tags=6 desc=743 img=hi [cached]
[cache] RJ056440
[enrich] 4819/10500 RJ056440: tags=6 desc=480 img=hi [cached]
[cache] RJ151650
[enrich] 4820/10500 RJ151650: tags=6 desc=1213 img=hi [cached]
[cache] RJ01090479
[enrich] 4821/10500 RJ01090479: tags=6 desc=444 img=hi [cached]
[cache] RJ178928
[enrich] 4822/10500 RJ178928: tags=6 desc=464 img=hi [cached]
[cache] RJ222686
[enrich] 4823/10500 RJ222686: tags=6 desc=1359 img=hi [cached]
[cache] RJ01186715
[enrich] 4824/10500 RJ01186715: tags=6 desc=1118 img=hi [cached]
[cache] RJ194521
[enrich] 4825/10500 RJ194521: tags=6 desc=1699 img=hi [cached]
[save] partial 4825/10500: 10500 works → /workspace/dlsite-promo-site/data/works.json
[cache] RJ202216
[enrich] 4826/10500 RJ202216: tags=6 desc=1755 img=hi [cached]
[cache] RJ323242
[enrich] 4827/10500 RJ323242: tags=6 desc=760 img=hi [cached]
[cache] RJ01113341
[enrich] 4828/10500 RJ01113341: tags=6 desc=859 img=hi [cached]
[cache] RJ262337
[enrich] 4829/10500 RJ262337: tags=6 desc=369 img=hi [cached]
[cache] RJ409517
[enrich] 4830/10500 RJ409517: tags=6 desc=209 img=hi [cached]
[cache] RJ01439573
[enrich] 4831/10500 RJ01439573: tags=6 desc=233 img=hi [cached]
[cache] RJ01025783
[enrich] 4832/10500 RJ01025783: tags=6 desc=118 img=hi [cached]
[cache] RJ268926
[enrich] 4833/10500 RJ268926: tags=6 desc=131 img=hi [cached]
[cache] RJ220358
[enrich] 4834/10500 RJ220358: tags=6 desc=1202 img=hi [cached]
[cache] RJ260680
[enrich] 4835/10500 RJ260680: tags=6 desc=94 img=hi [cached]
[cache] RJ345580
[enrich] 4836/10500 RJ345580: tags=5 desc=134 img=hi [cached]
[cache] RJ216964
[enrich] 4837/10500 RJ216964: tags=2 desc=175 img=hi [cached]
[cache] RJ01149406
[enrich] 4838/10500 RJ01149406: tags=6 desc=456 img=hi [cached]
[cache] RJ345772
[enrich] 4839/10500 RJ345772: tags=5 desc=218 img=hi [cached]
[cache] RJ01564263
[enrich] 4840/10500 RJ01564263: tags=3 desc=103 img=hi [cached]
[cache] RJ302262
[enrich] 4841/10500 RJ302262: tags=3 desc=219 img=hi [cached]
[cache] RJ364972
[enrich] 4842/10500 RJ364972: tags=6 desc=699 img=hi [cached]
[cache] RJ210101
[enrich] 4843/10500 RJ210101: tags=5 desc=85 img=hi [cached]
[cache] RJ408898
[enrich] 4844/10500 RJ408898: tags=3 desc=486 img=hi [cached]
[cache] RJ406162
[enrich] 4845/10500 RJ406162: tags=6 desc=166 img=hi [cached]
[cache] RJ01139040
[enrich] 4846/10500 RJ01139040: tags=4 desc=98 img=hi [cached]
[cache] RJ01344111
[enrich] 4847/10500 RJ01344111: tags=6 desc=339 img=hi [cached]
[cache] RJ01326373
[enrich] 4848/10500 RJ01326373: tags=6 desc=168 img=hi [cached]
[cache] RJ01104995
[enrich] 4849/10500 RJ01104995: tags=3 desc=139 img=hi [cached]
[cache] RJ255186
[enrich] 4850/10500 RJ255186: tags=6 desc=121 img=hi [cached]
[save] partial 4850/10500: 10500 works → /workspace/dlsite-promo-site/data/works.json
[cache] RJ01010071
[enrich] 4851/10500 RJ01010071: tags=6 desc=315 img=hi [cached]
[cache] RJ01027639
[enrich] 4852/10500 RJ01027639: tags=6 desc=555 img=hi [cached]
[cache] RJ315088
[enrich] 4853/10500 RJ315088: tags=6 desc=435 img=hi [cached]
[cache] RJ01165969
[enrich] 4854/10500 RJ01165969: tags=4 desc=335 img=hi [cached]
[cache] RJ01011590
[enrich] 4855/10500 RJ01011590: tags=5 desc=476 img=hi [cached]
[cache] RJ01214517
[enrich] 4856/10500 RJ01214517: tags=6 desc=393 img=hi [cached]
[cache] RJ187480
[enrich] 4857/10500 RJ187480: tags=5 desc=693 img=hi [cached]
[cache] RJ192059
[enrich] 4858/10500 RJ192059: tags=5 desc=261 img=hi [cached]
[cache] RJ352374
[enrich] 4859/10500 RJ352374: tags=6 desc=427 img=hi [cached]
[cache] RJ01234874
[enrich] 4860/10500 RJ01234874: tags=6 desc=123 img=hi [cached]
[cache] RJ372491
[enrich] 4861/10500 RJ372491: tags=6 desc=66 img=hi [cached]
[cache] RJ01415410
[enrich] 4862/10500 RJ01415410: tags=6 desc=616 img=hi [cached]
[cache] RJ01231024
[enrich] 4863/10500 RJ01231024: tags=6 desc=321 img=hi [cached]
[cache] RJ01135244
[enrich] 4864/10500 RJ01135244: tags=6 desc=441 img=hi [cached]
[cache] RJ01004073
[enrich] 4865/10500 RJ01004073: tags=6 desc=454 img=hi [cached]
[cache] RJ01052647
[enrich] 4866/10500 RJ01052647: tags=6 desc=253 img=hi [cached]
[cache] RJ01104041
[enrich] 4867/10500 RJ01104041: tags=6 desc=381 img=hi [cached]
[cache] RJ289914
[enrich] 4868/10500 RJ289914: tags=0 desc=55 img=hi [cached]
[cache] RJ288425
[enrich] 4869/10500 RJ288425: tags=6 desc=202 img=hi [cached]
[cache] RJ01086468
[enrich] 4870/10500 RJ01086468: tags=6 desc=354 img=hi [cached]
[cache] RJ01168338
[enrich] 4871/10500 RJ01168338: tags=6 desc=215 img=hi [cached]
[cache] RJ01314302
[enrich] 4872/10500 RJ01314302: tags=6 desc=462 img=hi [cached]
[cache] RJ324242
[enrich] 4873/10500 RJ324242: tags=6 desc=448 img=hi [cached]
[cache] RJ01247852
[enrich] 4874/10500 RJ01247852: tags=6 desc=313 img=hi [cached]
[cache] RJ01054319
[enrich] 4875/10500 RJ01054319: tags=6 desc=192 img=hi [cached]
[save] partial 4875/10500: 10500 works → /workspace/dlsite-promo-site/data/works.json
[cache] RJ336083
[enrich] 4876/10500 RJ336083: tags=6 desc=177 img=hi [cached]
[cache] RJ01349725
[enrich] 4877/10500 RJ01349725: tags=6 desc=659 img=hi [cached]
[cache] RJ01259207
[enrich] 4878/10500 RJ01259207: tags=5 desc=147 img=hi [cached]
[cache] RJ01037670
[enrich] 4879/10500 RJ01037670: tags=6 desc=175 img=hi [cached]
[cache] RJ01088401
[enrich] 4880/10500 RJ01088401: tags=6 desc=210 img=hi [cached]
[cache] RJ01289665
[enrich] 4881/10500 RJ01289665: tags=6 desc=336 img=hi [cached]
[cache] RJ289972
[enrich] 4882/10500 RJ289972: tags=6 desc=223 img=hi [cached]
[cache] RJ296117
[enrich] 4883/10500 RJ296117: tags=6 desc=563 img=hi [cached]
[cache] RJ01284173
[enrich] 4884/10500 RJ01284173: tags=6 desc=1083 img=hi [cached]
[cache] RJ405816
[enrich] 4885/10500 RJ405816: tags=4 desc=327 img=hi [cached]
[cache] RJ01058645
[enrich] 4886/10500 RJ01058645: tags=6 desc=82 img=hi [cached]
[cache] RJ325725
[enrich] 4887/10500 RJ325725: tags=6 desc=296 img=hi [cached]
[cache] RJ01341270
[enrich] 4888/10500 RJ01341270: tags=6 desc=225 img=hi [cached]
[cache] RJ392353
[enrich] 4889/10500 RJ392353: tags=6 desc=467 img=hi [cached]
[cache] RJ412898
[enrich] 4890/10500 RJ412898: tags=6 desc=382 img=hi [cached]
[cache] RJ378740
[enrich] 4891/10500 RJ378740: tags=6 desc=480 img=hi [cached]
[cache] RJ212677
[enrich] 4892/10500 RJ212677: tags=5 desc=837 img=hi [cached]
[cache] RJ01294665
[enrich] 4893/10500 RJ01294665: tags=2 desc=67 img=hi [cached]
[cache] RJ329453
[enrich] 4894/10500 RJ329453: tags=5 desc=168 img=hi [cached]
[cache] RJ276406
[enrich] 4895/10500 RJ276406: tags=6 desc=137 img=hi [cached]
[cache] RJ01205215
[enrich] 4896/10500 RJ01205215: tags=6 desc=748 img=hi [cached]
[cache] RJ243832
[enrich] 4897/10500 RJ243832: tags=5 desc=60 img=hi [cached]
[cache] RJ257973
[enrich] 4898/10500 RJ257973: tags=6 desc=233 img=hi [cached]
[cache] RJ01069725
[enrich] 4899/10500 RJ01069725: tags=5 desc=446 img=hi [cached]
[cache] RJ307000
[enrich] 4900/10500 RJ307000: tags=6 desc=327 img=hi [cached]
[save] partial 4900/10500: 10500 works → /workspace/dlsite-promo-site/data/works.json
[cache] RJ222054
[enrich] 4901/10500 RJ222054: tags=6 desc=121 img=hi [cached]
[cache] RJ285129
[enrich] 4902/10500 RJ285129: tags=5 desc=332 img=hi [cached]
[cache] RJ376872
[enrich] 4903/10500 RJ376872: tags=6 desc=110 img=hi [cached]
[cache] RJ332106
[enrich] 4904/10500 RJ332106: tags=6 desc=649 img=hi [cached]
[cache] RJ342105
[enrich] 4905/10500 RJ342105: tags=6 desc=361 img=hi [cached]
[cache] RJ01058297
[enrich] 4906/10500 RJ01058297: tags=6 desc=94 img=hi [cached]
[cache] RJ340916
[enrich] 4907/10500 RJ340916: tags=6 desc=366 img=hi [cached]
[cache] RJ01301543
[enrich] 4908/10500 RJ01301543: tags=6 desc=125 img=hi [cached]
[cache] RJ175393
[enrich] 4909/10500 RJ175393: tags=6 desc=352 img=hi [cached]
[cache] RJ272224
[enrich] 4910/10500 RJ272224: tags=6 desc=94 img=hi [cached]
[cache] RJ389774
[enrich] 4911/10500 RJ389774: tags=6 desc=48 img=hi [cached]
[cache] RJ092113
[enrich] 4912/10500 RJ092113: tags=6 desc=1151 img=hi [cached]
[cache] RJ01284200
[enrich] 4913/10500 RJ01284200: tags=6 desc=1768 img=hi [cached]
[cache] RJ01040697
[enrich] 4914/10500 RJ01040697: tags=6 desc=557 img=hi [cached]
[cache] RJ01209336
[enrich] 4915/10500 RJ01209336: tags=5 desc=1403 img=hi [cached]
[cache] RJ01200699
[enrich] 4916/10500 RJ01200699: tags=6 desc=1094 img=hi [cached]
[cache] RJ01088277
[enrich] 4917/10500 RJ01088277: tags=6 desc=617 img=hi [cached]
[cache] RJ241553
[enrich] 4918/10500 RJ241553: tags=5 desc=745 img=hi [cached]
[cache] RJ284359
[enrich] 4919/10500 RJ284359: tags=6 desc=1563 img=hi [cached]
[cache] RJ400230
[enrich] 4920/10500 RJ400230: tags=6 desc=744 img=hi [cached]
[cache] RJ392137
[enrich] 4921/10500 RJ392137: tags=6 desc=260 img=hi [cached]
[cache] RJ01108683
[enrich] 4922/10500 RJ01108683: tags=6 desc=1462 img=hi [cached]
[cache] RJ087612
[enrich] 4923/10500 RJ087612: tags=6 desc=781 img=hi [cached]
[cache] RJ228038
[enrich] 4924/10500 RJ228038: tags=6 desc=217 img=hi [cached]
[cache] RJ195746
[enrich] 4925/10500 RJ195746: tags=6 desc=2257 img=hi [cached]
[save] partial 4925/10500: 10500 works → /workspace/dlsite-promo-site/data/works.json
[cache] RJ186178
[enrich] 4926/10500 RJ186178: tags=6 desc=830 img=hi [cached]
[cache] RJ01469333
[enrich] 4927/10500 RJ01469333: tags=6 desc=913 img=hi [cached]
[cache] RJ01364780
[enrich] 4928/10500 RJ01364780: tags=6 desc=1415 img=hi [cached]
[cache] RJ209839
[enrich] 4929/10500 RJ209839: tags=6 desc=1135 img=hi [cached]
[cache] RJ333870
[enrich] 4930/10500 RJ333870: tags=6 desc=3054 img=hi [cached]
[cache] RJ408941
[enrich] 4931/10500 RJ408941: tags=6 desc=627 img=hi [cached]
[cache] RJ344530
[enrich] 4932/10500 RJ344530: tags=6 desc=873 img=hi [cached]
[cache] RJ287324
[enrich] 4933/10500 RJ287324: tags=6 desc=2373 img=hi [cached]
[cache] RJ202510
[enrich] 4934/10500 RJ202510: tags=6 desc=330 img=hi [cached]
[cache] RJ01398124
[enrich] 4935/10500 RJ01398124: tags=6 desc=776 img=hi [cached]
[cache] RJ323130
[enrich] 4936/10500 RJ323130: tags=6 desc=1309 img=hi [cached]
[cache] RJ01308124
[enrich] 4937/10500 RJ01308124: tags=4 desc=895 img=hi [cached]
[cache] RJ252479
[enrich] 4938/10500 RJ252479: tags=6 desc=611 img=hi [cached]
[cache] RJ01224555
[enrich] 4939/10500 RJ01224555: tags=6 desc=834 img=hi [cached]
[cache] RJ01199397
[enrich] 4940/10500 RJ01199397: tags=6 desc=1123 img=hi [cached]
[cache] RJ393283
[enrich] 4941/10500 RJ393283: tags=6 desc=1012 img=hi [cached]
[cache] RJ184097
[enrich] 4942/10500 RJ184097: tags=6 desc=853 img=hi [cached]
[cache] RJ01112545
[enrich] 4943/10500 RJ01112545: tags=6 desc=496 img=hi [cached]
[cache] RJ01395996
[enrich] 4944/10500 RJ01395996: tags=6 desc=1822 img=hi [cached]
[cache] RJ01122385
[enrich] 4945/10500 RJ01122385: tags=6 desc=1248 img=hi [cached]
[cache] RJ392704
[enrich] 4946/10500 RJ392704: tags=6 desc=328 img=hi [cached]
[cache] RJ01490571
[enrich] 4947/10500 RJ01490571: tags=6 desc=1021 img=hi [cached]
[cache] RJ01180465
[enrich] 4948/10500 RJ01180465: tags=6 desc=695 img=hi [cached]
[cache] RJ124117
[enrich] 4949/10500 RJ124117: tags=6 desc=1211 img=hi [cached]
[cache] RJ01218810
[enrich] 4950/10500 RJ01218810: tags=6 desc=708 img=hi [cached]
[save] partial 4950/10500: 10500 works → /workspace/dlsite-promo-site/data/works.json
[cache] RJ212283
[enrich] 4951/10500 RJ212283: tags=5 desc=737 img=hi [cached]
[cache] RJ171205
[enrich] 4952/10500 RJ171205: tags=6 desc=760 img=hi [cached]
[cache] RJ01079783
[enrich] 4953/10500 RJ01079783: tags=6 desc=203 img=hi [cached]
[cache] RJ319424
[enrich] 4954/10500 RJ319424: tags=6 desc=1520 img=hi [cached]
[cache] RJ275792
[enrich] 4955/10500 RJ275792: tags=6 desc=774 img=hi [cached]
[cache] RJ01091183
[enrich] 4956/10500 RJ01091183: tags=6 desc=978 img=hi [cached]
[cache] RJ143293
[enrich] 4957/10500 RJ143293: tags=6 desc=3313 img=hi [cached]
[cache] RJ334128
[enrich] 4958/10500 RJ334128: tags=4 desc=422 img=hi [cached]
[cache] RJ150632
[enrich] 4959/10500 RJ150632: tags=6 desc=589 img=hi [cached]
[cache] RJ440510
[enrich] 4960/10500 RJ440510: tags=6 desc=842 img=hi [cached]
[cache] RJ01070430
[enrich] 4961/10500 RJ01070430: tags=6 desc=2330 img=hi [cached]
[cache] RJ01077668
[enrich] 4962/10500 RJ01077668: tags=6 desc=2033 img=hi [cached]
[cache] RJ156578
[enrich] 4963/10500 RJ156578: tags=6 desc=1859 img=hi [cached]
[cache] RJ299496
[enrich] 4964/10500 RJ299496: tags=6 desc=758 img=hi [cached]
[cache] RJ01166925
[enrich] 4965/10500 RJ01166925: tags=6 desc=765 img=hi [cached]
[cache] RJ01153037
[enrich] 4966/10500 RJ01153037: tags=6 desc=1136 img=hi [cached]
[cache] RJ354053
[enrich] 4967/10500 RJ354053: tags=6 desc=1849 img=hi [cached]
[cache] RJ149830
[enrich] 4968/10500 RJ149830: tags=6 desc=1795 img=hi [cached]
[cache] RJ211399
[enrich] 4969/10500 RJ211399: tags=6 desc=2734 img=hi [cached]
[cache] RJ112559
[enrich] 4970/10500 RJ112559: tags=6 desc=2451 img=hi [cached]
[cache] RJ100735
[enrich] 4971/10500 RJ100735: tags=6 desc=784 img=hi [cached]
[cache] RJ01400548
[enrich] 4972/10500 RJ01400548: tags=6 desc=148 img=hi [cached]
[cache] RJ313918
[enrich] 4973/10500 RJ313918: tags=6 desc=1351 img=hi [cached]
[cache] RJ01097471
[enrich] 4974/10500 RJ01097471: tags=6 desc=746 img=hi [cached]
[cache] RJ321373
[enrich] 4975/10500 RJ321373: tags=6 desc=501 img=hi [cached]
[save] partial 4975/10500: 10500 works → /workspace/dlsite-promo-site/data/works.json
[cache] RJ01283101
[enrich] 4976/10500 RJ01283101: tags=6 desc=473 img=hi [cached]
[cache] RJ344558
[enrich] 4977/10500 RJ344558: tags=6 desc=1427 img=hi [cached]
[cache] RJ328615
[enrich] 4978/10500 RJ328615: tags=6 desc=1325 img=hi [cached]
[cache] RJ342323
[enrich] 4979/10500 RJ342323: tags=6 desc=1920 img=hi [cached]
[cache] RJ238983
[enrich] 4980/10500 RJ238983: tags=6 desc=1939 img=hi [cached]
[cache] RJ01276718
[enrich] 4981/10500 RJ01276718: tags=6 desc=413 img=hi [cached]
[cache] RJ227099
[enrich] 4982/10500 RJ227099: tags=6 desc=839 img=hi [cached]
[cache] RJ156059
[enrich] 4983/10500 RJ156059: tags=6 desc=357 img=hi [cached]
[cache] RJ037617
[enrich] 4984/10500 RJ037617: tags=3 desc=564 img=hi [cached]
[cache] RJ086548
[enrich] 4985/10500 RJ086548: tags=6 desc=652 img=hi [cached]
[cache] RJ027464
[enrich] 4986/10500 RJ027464: tags=6 desc=348 img=hi [cached]
[cache] RJ026825
[enrich] 4987/10500 RJ026825: tags=6 desc=1441 img=hi [cached]
[cache] RJ281393
[enrich] 4988/10500 RJ281393: tags=6 desc=750 img=hi [cached]
[cache] RJ247447
[enrich] 4989/10500 RJ247447: tags=6 desc=946 img=hi [cached]
[cache] RJ195759
[enrich] 4990/10500 RJ195759: tags=6 desc=1829 img=hi [cached]
[cache] RJ108095
[enrich] 4991/10500 RJ108095: tags=6 desc=572 img=hi [cached]
[cache] RJ197471
[enrich] 4992/10500 RJ197471: tags=6 desc=1333 img=hi [cached]
[cache] RJ257172
[enrich] 4993/10500 RJ257172: tags=6 desc=1911 img=hi [cached]
[cache] RJ233486
[enrich] 4994/10500 RJ233486: tags=6 desc=1614 img=hi [cached]
[cache] RJ299487
[enrich] 4995/10500 RJ299487: tags=6 desc=2203 img=hi [cached]
[cache] RJ259793
[enrich] 4996/10500 RJ259793: tags=5 desc=1872 img=hi [cached]
[cache] RJ118546
[enrich] 4997/10500 RJ118546: tags=6 desc=996 img=hi [cached]
[cache] RJ01016538
[enrich] 4998/10500 RJ01016538: tags=6 desc=455 img=hi [cached]
[cache] RJ087719
[enrich] 4999/10500 RJ087719: tags=6 desc=1305 img=hi [cached]
[cache] RJ299604
[enrich] 5000/10500 RJ299604: tags=6 desc=620 img=hi [cached]
[save] partial 5000/10500: 10500 works → /workspace/dlsite-promo-site/data/works.json
[cache] RJ112530
[enrich] 5001/10500 RJ112530: tags=6 desc=1157 img=hi [cached]
[cache] RJ188977
[enrich] 5002/10500 RJ188977: tags=6 desc=950 img=hi [cached]
[cache] RJ421277
[enrich] 5003/10500 RJ421277: tags=6 desc=553 img=hi [cached]
[cache] RJ143849
[enrich] 5004/10500 RJ143849: tags=6 desc=299 img=hi [cached]
[cache] RJ181308
[enrich] 5005/10500 RJ181308: tags=6 desc=988 img=hi [cached]
[cache] RJ01327608
[enrich] 5006/10500 RJ01327608: tags=6 desc=1148 img=hi [cached]
[cache] RJ276225
[enrich] 5007/10500 RJ276225: tags=6 desc=451 img=hi [cached]
[cache] RJ187513
[enrich] 5008/10500 RJ187513: tags=6 desc=1346 img=hi [cached]
[cache] RJ181074
[enrich] 5009/10500 RJ181074: tags=6 desc=928 img=hi [cached]
[cache] RJ251068
[enrich] 5010/10500 RJ251068: tags=6 desc=2378 img=hi [cached]
[cache] RJ034792
[enrich] 5011/10500 RJ034792: tags=6 desc=580 img=hi [cached]
[cache] RJ159781
[enrich] 5012/10500 RJ159781: tags=6 desc=530 img=hi [cached]
[cache] RJ01571952
[enrich] 5013/10500 RJ01571952: tags=6 desc=481 img=hi [cached]
[cache] RJ044919
[enrich] 5014/10500 RJ044919: tags=6 desc=660 img=hi [cached]
[cache] RJ180721
[enrich] 5015/10500 RJ180721: tags=6 desc=1011 img=hi [cached]
[cache] RJ105408
[enrich] 5016/10500 RJ105408: tags=6 desc=1007 img=hi [cached]
[cache] RJ014660
[enrich] 5017/10500 RJ014660: tags=5 desc=457 img=hi [cached]
[cache] RJ102337
[enrich] 5018/10500 RJ102337: tags=6 desc=800 img=hi [cached]
[cache] RJ038979
[enrich] 5019/10500 RJ038979: tags=6 desc=1162 img=hi [cached]
[cache] RJ051557
[enrich] 5020/10500 RJ051557: tags=4 desc=990 img=hi [cached]
[cache] RJ221906
[enrich] 5021/10500 RJ221906: tags=6 desc=454 img=hi [cached]
[cache] RJ128171
[enrich] 5022/10500 RJ128171: tags=6 desc=770 img=hi [cached]
[cache] RJ065004
[enrich] 5023/10500 RJ065004: tags=5 desc=206 img=hi [cached]
[cache] RJ073071
[enrich] 5024/10500 RJ073071: tags=6 desc=824 img=hi [cached]
[cache] RJ160272
[enrich] 5025/10500 RJ160272: tags=6 desc=764 img=hi [cached]
[save] partial 5025/10500: 10500 works → /workspace/dlsite-promo-site/data/works.json
[cache] RJ205076
[enrich] 5026/10500 RJ205076: tags=6 desc=333 img=hi [cached]
[cache] RJ021154
[enrich] 5027/10500 RJ021154: tags=6 desc=1154 img=hi [cached]
[cache] RJ007865
[enrich] 5028/10500 RJ007865: tags=4 desc=416 img=hi [cached]
[cache] RJ238229
[enrich] 5029/10500 RJ238229: tags=6 desc=834 img=hi [cached]
[cache] RJ007888
[enrich] 5030/10500 RJ007888: tags=6 desc=397 img=hi [cached]
[cache] RJ112466
[enrich] 5031/10500 RJ112466: tags=6 desc=1522 img=hi [cached]
[cache] RJ075799
[enrich] 5032/10500 RJ075799: tags=5 desc=693 img=hi [cached]
[cache] RJ214639
[enrich] 5033/10500 RJ214639: tags=6 desc=2007 img=hi [cached]
[cache] RJ377997
[enrich] 5034/10500 RJ377997: tags=6 desc=205 img=hi [cached]
[cache] RJ164448
[enrich] 5035/10500 RJ164448: tags=6 desc=706 img=hi [cached]
[cache] RJ028483
[enrich] 5036/10500 RJ028483: tags=6 desc=1336 img=hi [cached]
[cache] RJ137561
[enrich] 5037/10500 RJ137561: tags=6 desc=927 img=hi [cached]
[cache] RJ01120334
[enrich] 5038/10500 RJ01120334: tags=5 desc=785 img=hi [cached]
[cache] RJ187017
[enrich] 5039/10500 RJ187017: tags=6 desc=771 img=hi [cached]
[cache] RJ01265896
[enrich] 5040/10500 RJ01265896: tags=6 desc=415 img=hi [cached]
[cache] RJ206315
[enrich] 5041/10500 RJ206315: tags=6 desc=715 img=hi [cached]
[cache] RJ015256
[enrich] 5042/10500 RJ015256: tags=4 desc=369 img=hi [cached]
[cache] RJ029478
[enrich] 5043/10500 RJ029478: tags=6 desc=666 img=hi [cached]
[cache] RJ118930
[enrich] 5044/10500 RJ118930: tags=6 desc=1073 img=hi [cached]
[cache] RJ170327
[enrich] 5045/10500 RJ170327: tags=6 desc=312 img=hi [cached]
[cache] RJ123834
[enrich] 5046/10500 RJ123834: tags=6 desc=1107 img=hi [cached]
[cache] RJ01578060
[enrich] 5047/10500 RJ01578060: tags=6 desc=2097 img=hi [cached]
[cache] RJ139165
[enrich] 5048/10500 RJ139165: tags=6 desc=472 img=hi [cached]
[cache] RJ087566
[enrich] 5049/10500 RJ087566: tags=6 desc=880 img=hi [cached]
[cache] RJ090045
[enrich] 5050/10500 RJ090045: tags=6 desc=1093 img=hi [cached]
[save] partial 5050/10500: 10500 works → /workspace/dlsite-promo-site/data/works.json
[cache] RJ344684
[enrich] 5051/10500 RJ344684: tags=6 desc=531 img=hi [cached]
[cache] RJ018965
[enrich] 5052/10500 RJ018965: tags=3 desc=846 img=hi [cached]
[cache] RJ074787
[enrich] 5053/10500 RJ074787: tags=6 desc=1636 img=hi [cached]
[cache] RJ250595
[enrich] 5054/10500 RJ250595: tags=6 desc=2502 img=hi [cached]
[cache] RJ01091249
[enrich] 5055/10500 RJ01091249: tags=6 desc=1646 img=hi [cached]
[cache] RJ099991
[enrich] 5056/10500 RJ099991: tags=6 desc=832 img=hi [cached]
[cache] RJ237209
[enrich] 5057/10500 RJ237209: tags=6 desc=1291 img=hi [cached]
[cache] RJ120153
[enrich] 5058/10500 RJ120153: tags=6 desc=1692 img=hi [cached]
[cache] RJ175775
[enrich] 5059/10500 RJ175775: tags=6 desc=1448 img=hi [cached]
[cache] RJ175016
[enrich] 5060/10500 RJ175016: tags=6 desc=723 img=hi [cached]
[cache] RJ038505
[enrich] 5061/10500 RJ038505: tags=6 desc=553 img=hi [cached]
[cache] RJ180354
[enrich] 5062/10500 RJ180354: tags=6 desc=1246 img=hi [cached]
[cache] RJ184866
[enrich] 5063/10500 RJ184866: tags=6 desc=2959 img=hi [cached]
[cache] RJ222985
[enrich] 5064/10500 RJ222985: tags=6 desc=486 img=hi [cached]
[cache] RJ229568
[enrich] 5065/10500 RJ229568: tags=5 desc=884 img=hi [cached]
[cache] RJ199586
[enrich] 5066/10500 RJ199586: tags=6 desc=1998 img=hi [cached]
[cache] RJ120481
[enrich] 5067/10500 RJ120481: tags=6 desc=1467 img=hi [cached]
[cache] RJ111371
[enrich] 5068/10500 RJ111371: tags=6 desc=484 img=hi [cached]
[cache] RJ312769
[enrich] 5069/10500 RJ312769: tags=6 desc=2906 img=hi [cached]
[cache] RJ040560
[enrich] 5070/10500 RJ040560: tags=6 desc=821 img=hi [cached]
[cache] RJ125150
[enrich] 5071/10500 RJ125150: tags=6 desc=777 img=hi [cached]
[cache] RJ126977
[enrich] 5072/10500 RJ126977: tags=6 desc=653 img=hi [cached]
[cache] RJ090030
[enrich] 5073/10500 RJ090030: tags=6 desc=1090 img=hi [cached]
[cache] RJ042036
[enrich] 5074/10500 RJ042036: tags=6 desc=623 img=hi [cached]
[cache] RJ078327
[enrich] 5075/10500 RJ078327: tags=6 desc=1918 img=hi [cached]
[save] partial 5075/10500: 10500 works → /workspace/dlsite-promo-site/data/works.json
[cache] RJ01076102
[enrich] 5076/10500 RJ01076102: tags=6 desc=2283 img=hi [cached]
[cache] RJ268893
[enrich] 5077/10500 RJ268893: tags=6 desc=515 img=hi [cached]
[cache] RJ417120
[enrich] 5078/10500 RJ417120: tags=6 desc=2478 img=hi [cached]
[cache] RJ175431
[enrich] 5079/10500 RJ175431: tags=5 desc=684 img=hi [cached]
[cache] RJ073159
[enrich] 5080/10500 RJ073159: tags=6 desc=1641 img=hi [cached]
[cache] RJ071090
[enrich] 5081/10500 RJ071090: tags=6 desc=754 img=hi [cached]
[cache] RJ165052
[enrich] 5082/10500 RJ165052: tags=6 desc=1046 img=hi [cached]
[cache] RJ064620
[enrich] 5083/10500 RJ064620: tags=4 desc=895 img=hi [cached]
[cache] RJ119826
[enrich] 5084/10500 RJ119826: tags=6 desc=590 img=hi [cached]
[cache] RJ110079
[enrich] 5085/10500 RJ110079: tags=6 desc=470 img=hi [cached]
[cache] RJ185722
[enrich] 5086/10500 RJ185722: tags=6 desc=1139 img=hi [cached]
[cache] RJ111385
[enrich] 5087/10500 RJ111385: tags=6 desc=737 img=hi [cached]
[cache] RJ128924
[enrich] 5088/10500 RJ128924: tags=6 desc=667 img=hi [cached]
[cache] RJ155858
[enrich] 5089/10500 RJ155858: tags=6 desc=1073 img=hi [cached]
[cache] RJ098572
[enrich] 5090/10500 RJ098572: tags=6 desc=958 img=hi [cached]
[cache] RJ089708
[enrich] 5091/10500 RJ089708: tags=6 desc=986 img=hi [cached]
[cache] RJ312221
[enrich] 5092/10500 RJ312221: tags=6 desc=1169 img=hi [cached]
[cache] RJ073758
[enrich] 5093/10500 RJ073758: tags=6 desc=641 img=hi [cached]
[cache] RJ123844
[enrich] 5094/10500 RJ123844: tags=6 desc=1425 img=hi [cached]
[cache] RJ126686
[enrich] 5095/10500 RJ126686: tags=6 desc=488 img=hi [cached]
[cache] RJ127132
[enrich] 5096/10500 RJ127132: tags=6 desc=4485 img=hi [cached]
[cache] RJ044227
[enrich] 5097/10500 RJ044227: tags=6 desc=1302 img=hi [cached]
[cache] RJ188457
[enrich] 5098/10500 RJ188457: tags=5 desc=1268 img=hi [cached]
[cache] RJ017321
[enrich] 5099/10500 RJ017321: tags=5 desc=477 img=hi [cached]
[cache] RJ01182383
[enrich] 5100/10500 RJ01182383: tags=6 desc=1654 img=hi [cached]
[save] partial 5100/10500: 10500 works → /workspace/dlsite-promo-site/data/works.json
[cache] RJ164233
[enrich] 5101/10500 RJ164233: tags=6 desc=1351 img=hi [cached]
[cache] RJ01014327
[enrich] 5102/10500 RJ01014327: tags=6 desc=83 img=hi [cached]
[cache] RJ154898
[enrich] 5103/10500 RJ154898: tags=6 desc=1172 img=hi [cached]
[cache] RJ097145
[enrich] 5104/10500 RJ097145: tags=6 desc=1057 img=hi [cached]
[cache] RJ01276389
[enrich] 5105/10500 RJ01276389: tags=6 desc=1072 img=hi [cached]
[cache] RJ01559937
[enrich] 5106/10500 RJ01559937: tags=6 desc=1570 img=hi [cached]
[cache] RJ124952
[enrich] 5107/10500 RJ124952: tags=6 desc=961 img=hi [cached]
[cache] RJ051859
[enrich] 5108/10500 RJ051859: tags=6 desc=324 img=hi [cached]
[cache] RJ238471
[enrich] 5109/10500 RJ238471: tags=3 desc=605 img=hi [cached]
[cache] RJ249465
[enrich] 5110/10500 RJ249465: tags=6 desc=592 img=hi [cached]
[cache] RJ01104618
[enrich] 5111/10500 RJ01104618: tags=5 desc=1980 img=hi [cached]
[cache] RJ195414
[enrich] 5112/10500 RJ195414: tags=6 desc=1101 img=hi [cached]
[cache] RJ131356
[enrich] 5113/10500 RJ131356: tags=6 desc=1830 img=hi [cached]
[cache] RJ097283
[enrich] 5114/10500 RJ097283: tags=6 desc=831 img=hi [cached]
[cache] RJ266991
[enrich] 5115/10500 RJ266991: tags=6 desc=4056 img=hi [cached]
[cache] RJ070077
[enrich] 5116/10500 RJ070077: tags=6 desc=524 img=hi [cached]
[cache] RJ146230
[enrich] 5117/10500 RJ146230: tags=6 desc=674 img=hi [cached]
[cache] RJ198487
[enrich] 5118/10500 RJ198487: tags=5 desc=341 img=hi [cached]
[cache] RJ114991
[enrich] 5119/10500 RJ114991: tags=4 desc=329 img=hi [cached]
[cache] RJ047717
[enrich] 5120/10500 RJ047717: tags=6 desc=1183 img=hi [cached]
[cache] RJ272213
[enrich] 5121/10500 RJ272213: tags=5 desc=1013 img=hi [cached]
[cache] RJ181353
[enrich] 5122/10500 RJ181353: tags=6 desc=1229 img=hi [cached]
[cache] RJ197106
[enrich] 5123/10500 RJ197106: tags=6 desc=1167 img=hi [cached]
[cache] RJ103163
[enrich] 5124/10500 RJ103163: tags=6 desc=281 img=hi [cached]
[cache] RJ01053990
[enrich] 5125/10500 RJ01053990: tags=6 desc=535 img=hi [cached]
[save] partial 5125/10500: 10500 works → /workspace/dlsite-promo-site/data/works.json
[cache] RJ146504
[enrich] 5126/10500 RJ146504: tags=6 desc=325 img=hi [cached]
[cache] RJ202942
[enrich] 5127/10500 RJ202942: tags=6 desc=184 img=hi [cached]
[cache] RJ01105901
[enrich] 5128/10500 RJ01105901: tags=6 desc=515 img=hi [cached]
[cache] RJ430290
[enrich] 5129/10500 RJ430290: tags=6 desc=278 img=hi [cached]
[cache] RJ01112494
[enrich] 5130/10500 RJ01112494: tags=6 desc=311 img=hi [cached]
[cache] RJ01134472
[enrich] 5131/10500 RJ01134472: tags=6 desc=384 img=hi [cached]
[cache] RJ180603
[enrich] 5132/10500 RJ180603: tags=6 desc=542 img=hi [cached]
[cache] RJ01188700
[enrich] 5133/10500 RJ01188700: tags=6 desc=543 img=hi [cached]
[cache] RJ238139
[enrich] 5134/10500 RJ238139: tags=6 desc=1481 img=hi [cached]
[cache] RJ01050579
[enrich] 5135/10500 RJ01050579: tags=6 desc=501 img=hi [cached]
[cache] RJ242251
[enrich] 5136/10500 RJ242251: tags=6 desc=656 img=hi [cached]
[cache] RJ259785
[enrich] 5137/10500 RJ259785: tags=2 desc=58 img=hi [cached]
[cache] RJ01261628
[enrich] 5138/10500 RJ01261628: tags=6 desc=808 img=hi [cached]
[cache] RJ172382
[enrich] 5139/10500 RJ172382: tags=6 desc=1224 img=hi [cached]
[cache] RJ370802
[enrich] 5140/10500 RJ370802: tags=6 desc=300 img=hi [cached]
[cache] RJ103225
[enrich] 5141/10500 RJ103225: tags=6 desc=731 img=hi [cached]
[cache] RJ401920
[enrich] 5142/10500 RJ401920: tags=6 desc=1219 img=hi [cached]
[cache] RJ280815
[enrich] 5143/10500 RJ280815: tags=6 desc=754 img=hi [cached]
[cache] RJ266766
[enrich] 5144/10500 RJ266766: tags=6 desc=725 img=hi [cached]
[cache] RJ329105
[enrich] 5145/10500 RJ329105: tags=6 desc=497 img=hi [cached]
[cache] RJ344679
[enrich] 5146/10500 RJ344679: tags=6 desc=872 img=hi [cached]
[cache] RJ093282
[enrich] 5147/10500 RJ093282: tags=6 desc=606 img=hi [cached]
[cache] RJ180554
[enrich] 5148/10500 RJ180554: tags=6 desc=801 img=hi [cached]
[cache] RJ334359
[enrich] 5149/10500 RJ334359: tags=6 desc=646 img=hi [cached]
[cache] RJ01032170
[enrich] 5150/10500 RJ01032170: tags=6 desc=349 img=hi [cached]
[save] partial 5150/10500: 10500 works → /workspace/dlsite-promo-site/data/works.json
[cache] RJ356426
[enrich] 5151/10500 RJ356426: tags=6 desc=593 img=hi [cached]
[cache] RJ218707
[enrich] 5152/10500 RJ218707: tags=6 desc=241 img=hi [cached]
[cache] RJ294785
[enrich] 5153/10500 RJ294785: tags=6 desc=132 img=hi [cached]
[cache] RJ01262022
[enrich] 5154/10500 RJ01262022: tags=6 desc=228 img=hi [cached]
[cache] RJ142944
[enrich] 5155/10500 RJ142944: tags=6 desc=641 img=hi [cached]
[cache] RJ264147
[enrich] 5156/10500 RJ264147: tags=6 desc=793 img=hi [cached]
[cache] RJ118288
[enrich] 5157/10500 RJ118288: tags=5 desc=311 img=hi [cached]
[cache] RJ01453143
[enrich] 5158/10500 RJ01453143: tags=6 desc=1208 img=hi [cached]
[cache] RJ335479
[enrich] 5159/10500 RJ335479: tags=5 desc=649 img=hi [cached]
[cache] RJ112335
[enrich] 5160/10500 RJ112335: tags=6 desc=609 img=hi [cached]
[cache] RJ347997
[enrich] 5161/10500 RJ347997: tags=6 desc=1087 img=hi [cached]
[cache] RJ287585
[enrich] 5162/10500 RJ287585: tags=6 desc=1093 img=hi [cached]
[cache] RJ082613
[enrich] 5163/10500 RJ082613: tags=5 desc=91 img=hi [cached]
[cache] RJ398856
[enrich] 5164/10500 RJ398856: tags=6 desc=1668 img=hi [cached]
[cache] RJ288688
[enrich] 5165/10500 RJ288688: tags=6 desc=126 img=hi [cached]
[cache] RJ272927
[enrich] 5166/10500 RJ272927: tags=5 desc=70 img=hi [cached]
[cache] RJ01208378
[enrich] 5167/10500 RJ01208378: tags=5 desc=85 img=hi [cached]
[cache] RJ188400
[enrich] 5168/10500 RJ188400: tags=6 desc=369 img=hi [cached]
[cache] RJ398080
[enrich] 5169/10500 RJ398080: tags=6 desc=1812 img=hi [cached]
[cache] RJ311776
[enrich] 5170/10500 RJ311776: tags=6 desc=368 img=hi [cached]
[cache] RJ260155
[enrich] 5171/10500 RJ260155: tags=6 desc=712 img=hi [cached]
[cache] RJ387631
[enrich] 5172/10500 RJ387631: tags=6 desc=796 img=hi [cached]
[cache] RJ246223
[enrich] 5173/10500 RJ246223: tags=6 desc=54 img=hi [cached]
[cache] RJ162295
[enrich] 5174/10500 RJ162295: tags=6 desc=358 img=hi [cached]
[cache] RJ185241
[enrich] 5175/10500 RJ185241: tags=6 desc=263 img=hi [cached]
[save] partial 5175/10500: 10500 works → /workspace/dlsite-promo-site/data/works.json
[cache] RJ363406
[enrich] 5176/10500 RJ363406: tags=6 desc=521 img=hi [cached]
[cache] RJ387261
[enrich] 5177/10500 RJ387261: tags=6 desc=795 img=hi [cached]
[cache] RJ162902
[enrich] 5178/10500 RJ162902: tags=6 desc=1063 img=hi [cached]
[cache] RJ211229
[enrich] 5179/10500 RJ211229: tags=6 desc=561 img=hi [cached]
[cache] RJ085941
[enrich] 5180/10500 RJ085941: tags=5 desc=237 img=hi [cached]
[cache] RJ437851
[enrich] 5181/10500 RJ437851: tags=6 desc=196 img=hi [cached]
[cache] RJ329699
[enrich] 5182/10500 RJ329699: tags=6 desc=912 img=hi [cached]
[cache] RJ174224
[enrich] 5183/10500 RJ174224: tags=6 desc=822 img=hi [cached]
[cache] RJ217412
[enrich] 5184/10500 RJ217412: tags=6 desc=1068 img=hi [cached]
[cache] RJ266473
[enrich] 5185/10500 RJ266473: tags=6 desc=609 img=hi [cached]
[cache] RJ407249
[enrich] 5186/10500 RJ407249: tags=6 desc=350 img=hi [cached]
[cache] RJ235845
[enrich] 5187/10500 RJ235845: tags=6 desc=262 img=hi [cached]
[cache] RJ274991
[enrich] 5188/10500 RJ274991: tags=6 desc=1106 img=hi [cached]
[cache] RJ402028
[enrich] 5189/10500 RJ402028: tags=6 desc=512 img=hi [cached]
[cache] RJ283259
[enrich] 5190/10500 RJ283259: tags=0 desc=509 img=hi [cached]
[cache] RJ321556
[enrich] 5191/10500 RJ321556: tags=5 desc=202 img=hi [cached]
[cache] RJ01016486
[enrich] 5192/10500 RJ01016486: tags=6 desc=377 img=hi [cached]
[cache] RJ247665
[enrich] 5193/10500 RJ247665: tags=3 desc=905 img=hi [cached]
[cache] RJ162657
[enrich] 5194/10500 RJ162657: tags=5 desc=526 img=hi [cached]
[cache] RJ01322624
[enrich] 5195/10500 RJ01322624: tags=6 desc=1334 img=hi [cached]
[cache] RJ270620
[enrich] 5196/10500 RJ270620: tags=5 desc=253 img=hi [cached]
[cache] RJ208897
[enrich] 5197/10500 RJ208897: tags=6 desc=522 img=hi [cached]
[cache] RJ413869
[enrich] 5198/10500 RJ413869: tags=6 desc=660 img=hi [cached]
[cache] RJ433726
[enrich] 5199/10500 RJ433726: tags=6 desc=264 img=hi [cached]
[cache] RJ119750
[enrich] 5200/10500 RJ119750: tags=5 desc=272 img=hi [cached]
[save] partial 5200/10500: 10500 works → /workspace/dlsite-promo-site/data/works.json
[cache] RJ170616
[enrich] 5201/10500 RJ170616: tags=6 desc=1246 img=hi [cached]
[cache] RJ106521
[enrich] 5202/10500 RJ106521: tags=6 desc=497 img=hi [cached]
[cache] RJ321439
[enrich] 5203/10500 RJ321439: tags=6 desc=1234 img=hi [cached]
[cache] RJ209757
[enrich] 5204/10500 RJ209757: tags=6 desc=468 img=hi [cached]
[cache] RJ129747
[enrich] 5205/10500 RJ129747: tags=6 desc=348 img=hi [cached]
[cache] RJ208800
[enrich] 5206/10500 RJ208800: tags=6 desc=1293 img=hi [cached]
[cache] RJ261850
[enrich] 5207/10500 RJ261850: tags=6 desc=1025 img=hi [cached]
[cache] RJ244882
[enrich] 5208/10500 RJ244882: tags=6 desc=683 img=hi [cached]
[cache] RJ103597
[enrich] 5209/10500 RJ103597: tags=6 desc=237 img=hi [cached]
[cache] RJ077976
[enrich] 5210/10500 RJ077976: tags=4 desc=884 img=hi [cached]
[cache] RJ01068680
[enrich] 5211/10500 RJ01068680: tags=6 desc=382 img=hi [cached]
[cache] RJ245558
[enrich] 5212/10500 RJ245558: tags=6 desc=690 img=hi [cached]
[enrich] 5213/10500 RJ441034: tags=0 desc=8 img=hi
[cache] RJ174463
[enrich] 5214/10500 RJ174463: tags=6 desc=292 img=hi [cached]
[cache] RJ268626
[enrich] 5215/10500 RJ268626: tags=6 desc=202 img=hi [cached]
[cache] RJ230838
[enrich] 5216/10500 RJ230838: tags=6 desc=1107 img=hi [cached]
[cache] RJ248007
[enrich] 5217/10500 RJ248007: tags=6 desc=805 img=hi [cached]
[cache] RJ275722
[enrich] 5218/10500 RJ275722: tags=6 desc=1858 img=hi [cached]
[cache] RJ127787
[enrich] 5219/10500 RJ127787: tags=6 desc=919 img=hi [cached]
[cache] RJ01038894
[enrich] 5220/10500 RJ01038894: tags=6 desc=1750 img=hi [cached]
[cache] RJ139940
[enrich] 5221/10500 RJ139940: tags=6 desc=871 img=hi [cached]
[cache] RJ079576
[enrich] 5222/10500 RJ079576: tags=6 desc=536 img=hi [cached]
[cache] RJ381569
[enrich] 5223/10500 RJ381569: tags=6 desc=761 img=hi [cached]
[cache] RJ248256
[enrich] 5224/10500 RJ248256: tags=6 desc=2686 img=hi [cached]
[cache] RJ192977
[enrich] 5225/10500 RJ192977: tags=6 desc=480 img=hi [cached]
[save] partial 5225/10500: 10500 works → /workspace/dlsite-promo-site/data/works.json
[cache] RJ249740
[enrich] 5226/10500 RJ249740: tags=6 desc=828 img=hi [cached]
[cache] RJ254961
[enrich] 5227/10500 RJ254961: tags=6 desc=831 img=hi [cached]
[cache] RJ157351
[enrich] 5228/10500 RJ157351: tags=4 desc=203 img=hi [cached]
[cache] RJ165869
[enrich] 5229/10500 RJ165869: tags=6 desc=241 img=hi [cached]
[cache] RJ264060
[enrich] 5230/10500 RJ264060: tags=6 desc=851 img=hi [cached]
[cache] RJ251943
[enrich] 5231/10500 RJ251943: tags=6 desc=833 img=hi [cached]
[cache] RJ287594
[enrich] 5232/10500 RJ287594: tags=6 desc=512 img=hi [cached]
[cache] RJ328635
[enrich] 5233/10500 RJ328635: tags=6 desc=596 img=hi [cached]
[cache] RJ253918
[enrich] 5234/10500 RJ253918: tags=6 desc=781 img=hi [cached]
[cache] RJ152154
[enrich] 5235/10500 RJ152154: tags=6 desc=636 img=hi [cached]
[cache] RJ319619
[enrich] 5236/10500 RJ319619: tags=6 desc=332 img=hi [cached]
[cache] RJ01159660
[enrich] 5237/10500 RJ01159660: tags=6 desc=422 img=hi [cached]
[cache] RJ290938
[enrich] 5238/10500 RJ290938: tags=5 desc=383 img=hi [cached]
[cache] RJ252491
[enrich] 5239/10500 RJ252491: tags=5 desc=527 img=hi [cached]
[cache] RJ407247
[enrich] 5240/10500 RJ407247: tags=6 desc=532 img=hi [cached]
[cache] RJ209737
[enrich] 5241/10500 RJ209737: tags=6 desc=1292 img=hi [cached]
[cache] RJ223570
[enrich] 5242/10500 RJ223570: tags=5 desc=276 img=hi [cached]
[cache] RJ118553
[enrich] 5243/10500 RJ118553: tags=6 desc=505 img=hi [cached]
[cache] RJ01019673
[enrich] 5244/10500 RJ01019673: tags=6 desc=607 img=hi [cached]
[cache] RJ397304
[enrich] 5245/10500 RJ397304: tags=6 desc=75 img=hi [cached]
[cache] RJ426843
[enrich] 5246/10500 RJ426843: tags=6 desc=392 img=hi [cached]
[cache] RJ01078985
[enrich] 5247/10500 RJ01078985: tags=6 desc=298 img=hi [cached]
[cache] RJ257648
[enrich] 5248/10500 RJ257648: tags=6 desc=924 img=hi [cached]
[cache] RJ01111396
[enrich] 5249/10500 RJ01111396: tags=6 desc=640 img=hi [cached]
[cache] RJ384588
[enrich] 5250/10500 RJ384588: tags=6 desc=418 img=hi [cached]
[save] partial 5250/10500: 10500 works → /workspace/dlsite-promo-site/data/works.json
[cache] RJ266646
[enrich] 5251/10500 RJ266646: tags=3 desc=120 img=hi [cached]
[cache] RJ01026740
[enrich] 5252/10500 RJ01026740: tags=6 desc=352 img=hi [cached]
[cache] RJ01078540
[enrich] 5253/10500 RJ01078540: tags=6 desc=513 img=hi [cached]
[cache] RJ150992
[enrich] 5254/10500 RJ150992: tags=6 desc=329 img=hi [cached]
[cache] RJ01041393
[enrich] 5255/10500 RJ01041393: tags=4 desc=88 img=hi [cached]
[cache] RJ273034
[enrich] 5256/10500 RJ273034: tags=6 desc=938 img=hi [cached]
[cache] RJ01051429
[enrich] 5257/10500 RJ01051429: tags=6 desc=389 img=hi [cached]
[cache] RJ268014
[enrich] 5258/10500 RJ268014: tags=6 desc=250 img=hi [cached]
[cache] RJ377563
[enrich] 5259/10500 RJ377563: tags=6 desc=590 img=hi [cached]
[cache] RJ254728
[enrich] 5260/10500 RJ254728: tags=6 desc=1735 img=hi [cached]
[cache] RJ265764
[enrich] 5261/10500 RJ265764: tags=5 desc=99 img=hi [cached]
[cache] RJ419170
[enrich] 5262/10500 RJ419170: tags=6 desc=528 img=hi [cached]
[cache] RJ275393
[enrich] 5263/10500 RJ275393: tags=6 desc=559 img=hi [cached]
[cache] RJ251126
[enrich] 5264/10500 RJ251126: tags=6 desc=1121 img=hi [cached]
[cache] RJ154373
[enrich] 5265/10500 RJ154373: tags=6 desc=417 img=hi [cached]
[cache] RJ144601
[enrich] 5266/10500 RJ144601: tags=6 desc=957 img=hi [cached]
[cache] RJ397639
[enrich] 5267/10500 RJ397639: tags=6 desc=313 img=hi [cached]
[cache] RJ203603
[enrich] 5268/10500 RJ203603: tags=6 desc=412 img=hi [cached]
[cache] RJ087381
[enrich] 5269/10500 RJ087381: tags=6 desc=628 img=hi [cached]
[cache] RJ205184
[enrich] 5270/10500 RJ205184: tags=6 desc=547 img=hi [cached]
[cache] RJ341972
[enrich] 5271/10500 RJ341972: tags=6 desc=83 img=hi [cached]
[cache] RJ294241
[enrich] 5272/10500 RJ294241: tags=6 desc=1180 img=hi [cached]
[cache] RJ327664
[enrich] 5273/10500 RJ327664: tags=6 desc=198 img=hi [cached]
[cache] RJ308156
[enrich] 5274/10500 RJ308156: tags=6 desc=675 img=hi [cached]
[cache] RJ01230141
[enrich] 5275/10500 RJ01230141: tags=6 desc=697 img=hi [cached]
[save] partial 5275/10500: 10500 works → /workspace/dlsite-promo-site/data/works.json
[cache] RJ254170
[enrich] 5276/10500 RJ254170: tags=6 desc=291 img=hi [cached]
[cache] RJ307224
[enrich] 5277/10500 RJ307224: tags=6 desc=294 img=hi [cached]
[cache] RJ244920
[enrich] 5278/10500 RJ244920: tags=6 desc=318 img=hi [cached]
[cache] RJ181224
[enrich] 5279/10500 RJ181224: tags=6 desc=254 img=hi [cached]
[cache] RJ312892
[enrich] 5280/10500 RJ312892: tags=6 desc=244 img=hi [cached]
[cache] RJ243825
[enrich] 5281/10500 RJ243825: tags=6 desc=1729 img=hi [cached]
[cache] RJ230846
[enrich] 5282/10500 RJ230846: tags=6 desc=331 img=hi [cached]
[cache] RJ373811
[enrich] 5283/10500 RJ373811: tags=6 desc=1537 img=hi [cached]
[cache] RJ325425
[enrich] 5284/10500 RJ325425: tags=6 desc=334 img=hi [cached]
[cache] RJ219741
[enrich] 5285/10500 RJ219741: tags=6 desc=1564 img=hi [cached]
[cache] RJ214341
[enrich] 5286/10500 RJ214341: tags=6 desc=637 img=hi [cached]
[cache] RJ256149
[enrich] 5287/10500 RJ256149: tags=6 desc=218 img=hi [cached]
[cache] RJ138075
[enrich] 5288/10500 RJ138075: tags=6 desc=616 img=hi [cached]
[cache] RJ249345
[enrich] 5289/10500 RJ249345: tags=4 desc=1032 img=hi [cached]
[cache] RJ293652
[enrich] 5290/10500 RJ293652: tags=6 desc=1295 img=hi [cached]
[cache] RJ163215
[enrich] 5291/10500 RJ163215: tags=6 desc=235 img=hi [cached]
[cache] RJ281120
[enrich] 5292/10500 RJ281120: tags=6 desc=469 img=hi [cached]
[cache] RJ359905
[enrich] 5293/10500 RJ359905: tags=6 desc=2755 img=hi [cached]
[cache] RJ247372
[enrich] 5294/10500 RJ247372: tags=6 desc=2591 img=hi [cached]
[cache] RJ01258273
[enrich] 5295/10500 RJ01258273: tags=6 desc=352 img=hi [cached]
[cache] RJ266256
[enrich] 5296/10500 RJ266256: tags=5 desc=461 img=hi [cached]
[cache] RJ01075660
[enrich] 5297/10500 RJ01075660: tags=6 desc=157 img=hi [cached]
[cache] RJ032162
[enrich] 5298/10500 RJ032162: tags=6 desc=604 img=hi [cached]
[cache] RJ012449
[enrich] 5299/10500 RJ012449: tags=4 desc=160 img=hi [cached]
[cache] RJ243712
[enrich] 5300/10500 RJ243712: tags=6 desc=57 img=hi [cached]
[save] partial 5300/10500: 10500 works → /workspace/dlsite-promo-site/data/works.json
[cache] RJ142666
[enrich] 5301/10500 RJ142666: tags=6 desc=331 img=hi [cached]
[cache] RJ042037
[enrich] 5302/10500 RJ042037: tags=6 desc=509 img=hi [cached]
[cache] RJ331298
[enrich] 5303/10500 RJ331298: tags=6 desc=962 img=hi [cached]
[cache] RJ030693
[enrich] 5304/10500 RJ030693: tags=6 desc=489 img=hi [cached]
[cache] RJ200962
[enrich] 5305/10500 RJ200962: tags=6 desc=158 img=hi [cached]
[cache] RJ01073134
[enrich] 5306/10500 RJ01073134: tags=5 desc=795 img=hi [cached]
[cache] RJ067698
[enrich] 5307/10500 RJ067698: tags=6 desc=515 img=hi [cached]
[enrich] 5308/10500 RJ080518: tags=3 desc=23 img=hi
[cache] RJ352135
[enrich] 5309/10500 RJ352135: tags=5 desc=155 img=hi [cached]
[cache] RJ01468081
[enrich] 5310/10500 RJ01468081: tags=6 desc=393 img=hi [cached]
[cache] RJ175126
[enrich] 5311/10500 RJ175126: tags=3 desc=342 img=hi [cached]
[cache] RJ01058388
[enrich] 5312/10500 RJ01058388: tags=2 desc=276 img=hi [cached]
[cache] RJ199581
[enrich] 5313/10500 RJ199581: tags=6 desc=262 img=hi [cached]
[cache] RJ01181031
[enrich] 5314/10500 RJ01181031: tags=6 desc=1967 img=hi [cached]
[cache] RJ01303376
[enrich] 5315/10500 RJ01303376: tags=6 desc=2210 img=hi [cached]
[cache] RJ222550
[enrich] 5316/10500 RJ222550: tags=6 desc=258 img=hi [cached]
[cache] RJ01269408
[enrich] 5317/10500 RJ01269408: tags=6 desc=1101 img=hi [cached]
[cache] RJ047196
[enrich] 5318/10500 RJ047196: tags=6 desc=496 img=hi [cached]
[cache] RJ254461
[enrich] 5319/10500 RJ254461: tags=6 desc=765 img=hi [cached]
[cache] RJ052380
[enrich] 5320/10500 RJ052380: tags=3 desc=190 img=hi [cached]
[cache] RJ048259
[enrich] 5321/10500 RJ048259: tags=6 desc=405 img=hi [cached]
[cache] RJ01029918
[enrich] 5322/10500 RJ01029918: tags=6 desc=2318 img=hi [cached]
[cache] RJ01131054
[enrich] 5323/10500 RJ01131054: tags=6 desc=375 img=hi [cached]
[cache] RJ222480
[enrich] 5324/10500 RJ222480: tags=6 desc=994 img=hi [cached]
[cache] RJ196644
[enrich] 5325/10500 RJ196644: tags=6 desc=895 img=hi [cached]
[save] partial 5325/10500: 10500 works → /workspace/dlsite-promo-site/data/works.json
[cache] RJ175160
[enrich] 5326/10500 RJ175160: tags=6 desc=846 img=hi [cached]
[cache] RJ101388
[enrich] 5327/10500 RJ101388: tags=4 desc=475 img=hi [cached]
[cache] RJ01471178
[enrich] 5328/10500 RJ01471178: tags=6 desc=529 img=hi [cached]
[cache] RJ01151980
[enrich] 5329/10500 RJ01151980: tags=6 desc=171 img=hi [cached]
[cache] RJ088617
[enrich] 5330/10500 RJ088617: tags=6 desc=289 img=hi [cached]
[cache] RJ01368174
[enrich] 5331/10500 RJ01368174: tags=6 desc=1138 img=hi [cached]
[cache] RJ366336
[enrich] 5332/10500 RJ366336: tags=6 desc=398 img=hi [cached]
[cache] RJ212404
[enrich] 5333/10500 RJ212404: tags=6 desc=542 img=hi [cached]
[cache] RJ043497
[enrich] 5334/10500 RJ043497: tags=4 desc=911 img=hi [cached]
[cache] RJ01412835
[enrich] 5335/10500 RJ01412835: tags=6 desc=128 img=hi [cached]
[cache] RJ130307
[enrich] 5336/10500 RJ130307: tags=4 desc=395 img=hi [cached]
[cache] RJ070504
[enrich] 5337/10500 RJ070504: tags=4 desc=912 img=hi [cached]
[cache] RJ112855
[enrich] 5338/10500 RJ112855: tags=6 desc=2145 img=hi [cached]
[cache] RJ277603
[enrich] 5339/10500 RJ277603: tags=6 desc=518 img=hi [cached]
[cache] RJ206245
[enrich] 5340/10500 RJ206245: tags=6 desc=321 img=hi [cached]
[cache] RJ175905
[enrich] 5341/10500 RJ175905: tags=5 desc=416 img=hi [cached]
[cache] RJ01646296
[enrich] 5342/10500 RJ01646296: tags=6 desc=73 img=hi [cached]
[cache] RJ152043
[enrich] 5343/10500 RJ152043: tags=6 desc=2185 img=hi [cached]
[cache] RJ027214
[enrich] 5344/10500 RJ027214: tags=6 desc=637 img=hi [cached]
[cache] RJ01044156
[enrich] 5345/10500 RJ01044156: tags=2 desc=184 img=hi [cached]
[cache] RJ01098595
[enrich] 5346/10500 RJ01098595: tags=1 desc=1156 img=hi [cached]
[cache] RJ403437
[enrich] 5347/10500 RJ403437: tags=6 desc=488 img=hi [cached]
[cache] RJ050550
[enrich] 5348/10500 RJ050550: tags=6 desc=1571 img=hi [cached]
[cache] RJ112701
[enrich] 5349/10500 RJ112701: tags=6 desc=1670 img=hi [cached]
[cache] RJ01083874
[enrich] 5350/10500 RJ01083874: tags=6 desc=756 img=hi [cached]
[save] partial 5350/10500: 10500 works → /workspace/dlsite-promo-site/data/works.json
[cache] RJ044379
[enrich] 5351/10500 RJ044379: tags=6 desc=224 img=hi [cached]
[cache] RJ01613202
[enrich] 5352/10500 RJ01613202: tags=6 desc=682 img=hi [cached]
[cache] RJ191208
[enrich] 5353/10500 RJ191208: tags=6 desc=1015 img=hi [cached]
[cache] RJ112458
[enrich] 5354/10500 RJ112458: tags=6 desc=327 img=hi [cached]
[cache] RJ01118104
[enrich] 5355/10500 RJ01118104: tags=6 desc=701 img=hi [cached]
[cache] RJ059985
[enrich] 5356/10500 RJ059985: tags=6 desc=156 img=hi [cached]
[cache] RJ084787
[enrich] 5357/10500 RJ084787: tags=6 desc=434 img=hi [cached]
[cache] RJ117939
[enrich] 5358/10500 RJ117939: tags=6 desc=522 img=hi [cached]
[cache] RJ01042721
[enrich] 5359/10500 RJ01042721: tags=6 desc=211 img=hi [cached]
[cache] RJ01094256
[enrich] 5360/10500 RJ01094256: tags=2 desc=231 img=hi [cached]
[cache] RJ107283
[enrich] 5361/10500 RJ107283: tags=5 desc=220 img=hi [cached]
[cache] RJ377060
[enrich] 5362/10500 RJ377060: tags=6 desc=323 img=hi [cached]
[cache] RJ096997
[enrich] 5363/10500 RJ096997: tags=6 desc=1280 img=hi [cached]
[cache] RJ028531
[enrich] 5364/10500 RJ028531: tags=2 desc=1101 img=hi [cached]
[cache] RJ051571
[enrich] 5365/10500 RJ051571: tags=5 desc=269 img=hi [cached]
[cache] RJ008471
[enrich] 5366/10500 RJ008471: tags=2 desc=352 img=hi [cached]
[cache] RJ063269
[enrich] 5367/10500 RJ063269: tags=6 desc=643 img=hi [cached]
[cache] RJ209631
[enrich] 5368/10500 RJ209631: tags=6 desc=308 img=hi [cached]
[cache] RJ053924
[enrich] 5369/10500 RJ053924: tags=4 desc=237 img=hi [cached]
[cache] RJ004779
[enrich] 5370/10500 RJ004779: tags=6 desc=761 img=hi [cached]
[cache] RJ136513
[enrich] 5371/10500 RJ136513: tags=5 desc=353 img=hi [cached]
[cache] RJ130364
[enrich] 5372/10500 RJ130364: tags=6 desc=141 img=hi [cached]
[cache] RJ085330
[enrich] 5373/10500 RJ085330: tags=6 desc=377 img=hi [cached]
[cache] RJ013660
[enrich] 5374/10500 RJ013660: tags=2 desc=187 img=hi [cached]
[cache] RJ057518
[enrich] 5375/10500 RJ057518: tags=6 desc=943 img=hi [cached]
[save] partial 5375/10500: 10500 works → /workspace/dlsite-promo-site/data/works.json
[cache] RJ239733
[enrich] 5376/10500 RJ239733: tags=6 desc=667 img=hi [cached]
[cache] RJ391578
[enrich] 5377/10500 RJ391578: tags=6 desc=337 img=hi [cached]
[cache] RJ01472143
[enrich] 5378/10500 RJ01472143: tags=6 desc=279 img=hi [cached]
[cache] RJ171266
[enrich] 5379/10500 RJ171266: tags=6 desc=697 img=hi [cached]
[cache] RJ267714
[enrich] 5380/10500 RJ267714: tags=4 desc=120 img=hi [cached]
[cache] RJ072474
[enrich] 5381/10500 RJ072474: tags=6 desc=691 img=hi [cached]
[cache] RJ034716
[enrich] 5382/10500 RJ034716: tags=5 desc=641 img=hi [cached]
[cache] RJ103373
[enrich] 5383/10500 RJ103373: tags=6 desc=431 img=hi [cached]
[cache] RJ246812
[enrich] 5384/10500 RJ246812: tags=6 desc=299 img=hi [cached]
[cache] RJ222478
[enrich] 5385/10500 RJ222478: tags=6 desc=1018 img=hi [cached]
[cache] RJ01154806
[enrich] 5386/10500 RJ01154806: tags=6 desc=167 img=hi [cached]
[cache] RJ284560
[enrich] 5387/10500 RJ284560: tags=6 desc=222 img=hi [cached]
[cache] RJ01453849
[enrich] 5388/10500 RJ01453849: tags=6 desc=1015 img=hi [cached]
[cache] RJ01543998
[enrich] 5389/10500 RJ01543998: tags=6 desc=653 img=hi [cached]
[cache] RJ011929
[enrich] 5390/10500 RJ011929: tags=6 desc=188 img=hi [cached]
[cache] RJ01468477
[enrich] 5391/10500 RJ01468477: tags=6 desc=466 img=hi [cached]
[cache] RJ083996
[enrich] 5392/10500 RJ083996: tags=6 desc=642 img=hi [cached]
[cache] RJ01223044
[enrich] 5393/10500 RJ01223044: tags=6 desc=396 img=hi [cached]
[cache] RJ115145
[enrich] 5394/10500 RJ115145: tags=6 desc=100 img=hi [cached]
[cache] RJ016597
[enrich] 5395/10500 RJ016597: tags=0 desc=305 img=hi [cached]
[cache] RJ074697
[enrich] 5396/10500 RJ074697: tags=6 desc=1105 img=hi [cached]
[cache] RJ012613
[enrich] 5397/10500 RJ012613: tags=5 desc=292 img=hi [cached]
[cache] RJ055265
[enrich] 5398/10500 RJ055265: tags=2 desc=501 img=hi [cached]
[cache] RJ076360
[enrich] 5399/10500 RJ076360: tags=1 desc=280 img=hi [cached]
[cache] RJ01390385
[enrich] 5400/10500 RJ01390385: tags=5 desc=1124 img=hi [cached]
[save] partial 5400/10500: 10500 works → /workspace/dlsite-promo-site/data/works.json
[cache] RJ01090411
[enrich] 5401/10500 RJ01090411: tags=4 desc=425 img=hi [cached]
[cache] RJ007764
[enrich] 5402/10500 RJ007764: tags=4 desc=92 img=hi [cached]
[cache] RJ088942
[enrich] 5403/10500 RJ088942: tags=4 desc=349 img=hi [cached]
[cache] RJ142439
[enrich] 5404/10500 RJ142439: tags=6 desc=112 img=hi [cached]
[cache] RJ060948
[enrich] 5405/10500 RJ060948: tags=5 desc=706 img=hi [cached]
[cache] RJ01104240
[enrich] 5406/10500 RJ01104240: tags=6 desc=1003 img=hi [cached]
[cache] RJ185929
[enrich] 5407/10500 RJ185929: tags=6 desc=2128 img=hi [cached]
[cache] RJ010073
[enrich] 5408/10500 RJ010073: tags=6 desc=559 img=hi [cached]
[cache] RJ011908
[enrich] 5409/10500 RJ011908: tags=0 desc=76 img=hi [cached]
[cache] RJ018408
[enrich] 5410/10500 RJ018408: tags=2 desc=274 img=hi [cached]
[cache] RJ01085038
[enrich] 5411/10500 RJ01085038: tags=6 desc=883 img=hi [cached]
[cache] RJ108084
[enrich] 5412/10500 RJ108084: tags=6 desc=1075 img=hi [cached]
[cache] RJ389919
[enrich] 5413/10500 RJ389919: tags=6 desc=854 img=hi [cached]
[cache] RJ018252
[enrich] 5414/10500 RJ018252: tags=0 desc=308 img=hi [cached]
[cache] RJ01145487
[enrich] 5415/10500 RJ01145487: tags=6 desc=283 img=hi [cached]
[cache] RJ263865
[enrich] 5416/10500 RJ263865: tags=6 desc=613 img=hi [cached]
[cache] RJ122736
[enrich] 5417/10500 RJ122736: tags=1 desc=149 img=hi [cached]
[cache] RJ125169
[enrich] 5418/10500 RJ125169: tags=5 desc=504 img=hi [cached]
[cache] RJ01104875
[enrich] 5419/10500 RJ01104875: tags=6 desc=434 img=hi [cached]
[cache] RJ010730
[enrich] 5420/10500 RJ010730: tags=0 desc=98 img=hi [cached]
[cache] RJ078875
[enrich] 5421/10500 RJ078875: tags=6 desc=708 img=hi [cached]
[cache] RJ007790
[enrich] 5422/10500 RJ007790: tags=3 desc=149 img=hi [cached]
[cache] RJ092718
[enrich] 5423/10500 RJ092718: tags=6 desc=727 img=hi [cached]
[cache] RJ149096
[enrich] 5424/10500 RJ149096: tags=1 desc=135 img=hi [cached]
[cache] RJ01315058
[enrich] 5425/10500 RJ01315058: tags=6 desc=682 img=hi [cached]
[save] partial 5425/10500: 10500 works → /workspace/dlsite-promo-site/data/works.json
[cache] RJ010957
[enrich] 5426/10500 RJ010957: tags=2 desc=253 img=hi [cached]
[cache] RJ01001064
[enrich] 5427/10500 RJ01001064: tags=6 desc=553 img=hi [cached]
[cache] RJ01132931
[enrich] 5428/10500 RJ01132931: tags=6 desc=797 img=hi [cached]
[cache] RJ019025
[enrich] 5429/10500 RJ019025: tags=2 desc=155 img=hi [cached]
[cache] RJ091685
[enrich] 5430/10500 RJ091685: tags=4 desc=661 img=hi [cached]
[cache] RJ014674
[enrich] 5431/10500 RJ014674: tags=4 desc=331 img=hi [cached]
[cache] RJ382707
[enrich] 5432/10500 RJ382707: tags=6 desc=488 img=hi [cached]
[cache] RJ372590
[enrich] 5433/10500 RJ372590: tags=4 desc=1152 img=hi [cached]
[cache] RJ127212
[enrich] 5434/10500 RJ127212: tags=5 desc=929 img=hi [cached]
[cache] RJ122251
[enrich] 5435/10500 RJ122251: tags=4 desc=115 img=hi [cached]
[enrich] 5436/10500 RJ01585673: tags=0 desc=8 img=hi
[cache] RJ007526
[enrich] 5437/10500 RJ007526: tags=0 desc=174 img=hi [cached]
[cache] RJ122006
[enrich] 5438/10500 RJ122006: tags=6 desc=552 img=hi [cached]
[cache] RJ01685285
[enrich] 5439/10500 RJ01685285: tags=6 desc=685 img=hi [cached]
[cache] RJ011979
[enrich] 5440/10500 RJ011979: tags=3 desc=126 img=hi [cached]
[cache] RJ305440
[enrich] 5441/10500 RJ305440: tags=4 desc=354 img=hi [cached]
[cache] RJ368459
[enrich] 5442/10500 RJ368459: tags=4 desc=334 img=hi [cached]
[cache] RJ01455509
[enrich] 5443/10500 RJ01455509: tags=6 desc=357 img=hi [cached]
[cache] RJ007785
[enrich] 5444/10500 RJ007785: tags=0 desc=86 img=hi [cached]
[cache] RJ104206
[enrich] 5445/10500 RJ104206: tags=4 desc=608 img=hi [cached]
[cache] RJ007815
[enrich] 5446/10500 RJ007815: tags=0 desc=133 img=hi [cached]
[cache] RJ01161342
[enrich] 5447/10500 RJ01161342: tags=6 desc=1387 img=hi [cached]
[cache] RJ012035
[enrich] 5448/10500 RJ012035: tags=0 desc=109 img=hi [cached]
[cache] RJ371771
[enrich] 5449/10500 RJ371771: tags=4 desc=1152 img=hi [cached]
[cache] RJ305366
[enrich] 5450/10500 RJ305366: tags=2 desc=578 img=hi [cached]
[save] partial 5450/10500: 10500 works → /workspace/dlsite-promo-site/data/works.json
[cache] RJ01355409
[enrich] 5451/10500 RJ01355409: tags=5 desc=263 img=hi [cached]
[cache] RJ048183
[enrich] 5452/10500 RJ048183: tags=6 desc=414 img=hi [cached]
[cache] RJ01260737
[enrich] 5453/10500 RJ01260737: tags=6 desc=586 img=hi [cached]
[cache] RJ01452151
[enrich] 5454/10500 RJ01452151: tags=6 desc=466 img=hi [cached]
[cache] RJ017680
[enrich] 5455/10500 RJ017680: tags=0 desc=306 img=hi [cached]
[cache] RJ069908
[enrich] 5456/10500 RJ069908: tags=2 desc=162 img=hi [cached]
[cache] RJ01094451
[enrich] 5457/10500 RJ01094451: tags=6 desc=347 img=hi [cached]
[cache] RJ018281
[enrich] 5458/10500 RJ018281: tags=0 desc=83 img=hi [cached]
[cache] RJ123198
[enrich] 5459/10500 RJ123198: tags=4 desc=1051 img=hi [cached]
[cache] RJ01301080
[enrich] 5460/10500 RJ01301080: tags=6 desc=796 img=hi [cached]
[cache] RJ217695
[enrich] 5461/10500 RJ217695: tags=6 desc=291 img=hi [cached]
[cache] RJ050685
[enrich] 5462/10500 RJ050685: tags=2 desc=256 img=hi [cached]
[cache] RJ279008
[enrich] 5463/10500 RJ279008: tags=1 desc=832 img=hi [cached]
[cache] RJ198081
[enrich] 5464/10500 RJ198081: tags=4 desc=677 img=hi [cached]
[cache] RJ205385
[enrich] 5465/10500 RJ205385: tags=4 desc=98 img=hi [cached]
[cache] RJ277835
[enrich] 5466/10500 RJ277835: tags=4 desc=215 img=hi [cached]
[cache] RJ242038
[enrich] 5467/10500 RJ242038: tags=3 desc=1038 img=hi [cached]
[cache] RJ229141
[enrich] 5468/10500 RJ229141: tags=0 desc=81 img=hi [cached]
[enrich] 5469/10500 RJ090285: tags=0 desc=27 img=hi
[cache] RJ197251
[enrich] 5470/10500 RJ197251: tags=2 desc=605 img=hi [cached]
[cache] RJ081829
[enrich] 5471/10500 RJ081829: tags=0 desc=253 img=hi [cached]
[cache] RJ310030
[enrich] 5472/10500 RJ310030: tags=0 desc=84 img=hi [cached]
[cache] RJ069895
[enrich] 5473/10500 RJ069895: tags=0 desc=123 img=hi [cached]
[cache] RJ229607
[enrich] 5474/10500 RJ229607: tags=0 desc=83 img=hi [cached]
[cache] RJ277834
[enrich] 5475/10500 RJ277834: tags=4 desc=215 img=hi [cached]
[save] partial 5475/10500: 10500 works → /workspace/dlsite-promo-site/data/works.json
[cache] RJ277836
[enrich] 5476/10500 RJ277836: tags=4 desc=215 img=hi [cached]
[cache] RJ298655
[enrich] 5477/10500 RJ298655: tags=0 desc=501 img=hi [cached]
[cache] RJ318285
[enrich] 5478/10500 RJ318285: tags=0 desc=59 img=hi [cached]
[cache] RJ200348
[enrich] 5479/10500 RJ200348: tags=1 desc=773 img=hi [cached]
[cache] RJ175303
[enrich] 5480/10500 RJ175303: tags=0 desc=290 img=hi [cached]
[cache] RJ240476
[enrich] 5481/10500 RJ240476: tags=0 desc=89 img=hi [cached]
[cache] RJ260119
[enrich] 5482/10500 RJ260119: tags=6 desc=292 img=hi [cached]
[cache] RJ209424
[enrich] 5483/10500 RJ209424: tags=0 desc=339 img=hi [cached]
[cache] RJ198790
[enrich] 5484/10500 RJ198790: tags=3 desc=859 img=hi [cached]
[cache] RJ310595
[enrich] 5485/10500 RJ310595: tags=6 desc=388 img=hi [cached]
[cache] RJ103353
[enrich] 5486/10500 RJ103353: tags=0 desc=253 img=hi [cached]
[cache] RJ178629
[enrich] 5487/10500 RJ178629: tags=1 desc=345 img=hi [cached]
[cache] RJ178628
[enrich] 5488/10500 RJ178628: tags=1 desc=271 img=hi [cached]
[cache] RJ294500
[enrich] 5489/10500 RJ294500: tags=0 desc=58 img=hi [cached]
[cache] RJ284341
[enrich] 5490/10500 RJ284341: tags=6 desc=386 img=hi [cached]
[cache] RJ230554
[enrich] 5491/10500 RJ230554: tags=0 desc=685 img=hi [cached]
[cache] RJ036020
[enrich] 5492/10500 RJ036020: tags=0 desc=58 img=hi [cached]
[cache] RJ349743
[enrich] 5493/10500 RJ349743: tags=0 desc=106 img=hi [cached]
[cache] RJ280843
[enrich] 5494/10500 RJ280843: tags=5 desc=280 img=hi [cached]
[cache] RJ223880
[enrich] 5495/10500 RJ223880: tags=4 desc=530 img=hi [cached]
[cache] RJ260060
[enrich] 5496/10500 RJ260060: tags=0 desc=1047 img=hi [cached]
[cache] RJ230558
[enrich] 5497/10500 RJ230558: tags=0 desc=567 img=hi [cached]
[cache] RJ244430
[enrich] 5498/10500 RJ244430: tags=0 desc=1278 img=hi [cached]
[cache] RJ215051
[enrich] 5499/10500 RJ215051: tags=4 desc=413 img=hi [cached]
[cache] RJ01076975
[enrich] 5500/10500 RJ01076975: tags=6 desc=1272 img=hi [cached]
[save] partial 5500/10500: 10500 works → /workspace/dlsite-promo-site/data/works.json
[cache] RJ01580579
[enrich] 5501/10500 RJ01580579: tags=6 desc=1488 img=hi [cached]
[cache] RJ230555
[enrich] 5502/10500 RJ230555: tags=0 desc=564 img=hi [cached]
[cache] RJ154824
[enrich] 5503/10500 RJ154824: tags=6 desc=823 img=hi [cached]
[cache] RJ268521
[enrich] 5504/10500 RJ268521: tags=0 desc=633 img=hi [cached]
[cache] RJ223791
[enrich] 5505/10500 RJ223791: tags=0 desc=551 img=hi [cached]
[cache] RJ193266
[enrich] 5506/10500 RJ193266: tags=0 desc=202 img=hi [cached]
[cache] RJ189095
[enrich] 5507/10500 RJ189095: tags=1 desc=460 img=hi [cached]
[cache] RJ302784
[enrich] 5508/10500 RJ302784: tags=0 desc=352 img=hi [cached]
[cache] RJ271851
[enrich] 5509/10500 RJ271851: tags=6 desc=330 img=hi [cached]
[cache] RJ277500
[enrich] 5510/10500 RJ277500: tags=0 desc=149 img=hi [cached]
[cache] RJ250831
[enrich] 5511/10500 RJ250831: tags=6 desc=325 img=hi [cached]
[cache] RJ154666
[enrich] 5512/10500 RJ154666: tags=0 desc=439 img=hi [cached]
[cache] RJ405624
[enrich] 5513/10500 RJ405624: tags=1 desc=1550 img=hi [cached]
[cache] RJ305843
[enrich] 5514/10500 RJ305843: tags=4 desc=275 img=hi [cached]
[cache] RJ146973
[enrich] 5515/10500 RJ146973: tags=6 desc=688 img=hi [cached]
[cache] RJ165955
[enrich] 5516/10500 RJ165955: tags=1 desc=326 img=hi [cached]
[cache] RJ011449
[enrich] 5517/10500 RJ011449: tags=0 desc=224 img=hi [cached]
[cache] RJ203247
[enrich] 5518/10500 RJ203247: tags=3 desc=746 img=hi [cached]
[cache] RJ310364
[enrich] 5519/10500 RJ310364: tags=6 desc=397 img=hi [cached]
[cache] RJ234535
[enrich] 5520/10500 RJ234535: tags=0 desc=87 img=hi [cached]
[cache] RJ229296
[enrich] 5521/10500 RJ229296: tags=0 desc=88 img=hi [cached]
[cache] RJ250969
[enrich] 5522/10500 RJ250969: tags=2 desc=460 img=hi [cached]
[cache] RJ258886
[enrich] 5523/10500 RJ258886: tags=0 desc=635 img=hi [cached]
[cache] RJ198787
[enrich] 5524/10500 RJ198787: tags=0 desc=856 img=hi [cached]
[cache] RJ023870
[enrich] 5525/10500 RJ023870: tags=0 desc=335 img=hi [cached]
[save] partial 5525/10500: 10500 works → /workspace/dlsite-promo-site/data/works.json
[cache] RJ182412
[enrich] 5526/10500 RJ182412: tags=3 desc=1682 img=hi [cached]
[cache] RJ226051
[enrich] 5527/10500 RJ226051: tags=1 desc=870 img=hi [cached]
[cache] RJ307074
[enrich] 5528/10500 RJ307074: tags=0 desc=698 img=hi [cached]
[cache] RJ023125
[enrich] 5529/10500 RJ023125: tags=0 desc=665 img=hi [cached]
[cache] RJ230128
[enrich] 5530/10500 RJ230128: tags=5 desc=510 img=hi [cached]
[cache] RJ01173192
[enrich] 5531/10500 RJ01173192: tags=4 desc=296 img=hi [cached]
[cache] RJ117705
[enrich] 5532/10500 RJ117705: tags=0 desc=379 img=hi [cached]
[cache] RJ096299
[enrich] 5533/10500 RJ096299: tags=0 desc=181 img=hi [cached]
[cache] RJ178620
[enrich] 5534/10500 RJ178620: tags=0 desc=202 img=hi [cached]
[cache] RJ01074691
[enrich] 5535/10500 RJ01074691: tags=6 desc=282 img=hi [cached]
[cache] RJ155406
[enrich] 5536/10500 RJ155406: tags=6 desc=942 img=hi [cached]
[cache] RJ242976
[enrich] 5537/10500 RJ242976: tags=5 desc=483 img=hi [cached]
[cache] RJ245217
[enrich] 5538/10500 RJ245217: tags=0 desc=228 img=hi [cached]
[cache] RJ306666
[enrich] 5539/10500 RJ306666: tags=2 desc=94 img=hi [cached]
[cache] RJ296548
[enrich] 5540/10500 RJ296548: tags=1 desc=1248 img=hi [cached]
[cache] RJ01342961
[enrich] 5541/10500 RJ01342961: tags=6 desc=505 img=hi [cached]
[cache] RJ346018
[enrich] 5542/10500 RJ346018: tags=1 desc=3003 img=hi [cached]
[cache] RJ260057
[enrich] 5543/10500 RJ260057: tags=0 desc=570 img=hi [cached]
[cache] RJ230566
[enrich] 5544/10500 RJ230566: tags=0 desc=981 img=hi [cached]
[cache] RJ306404
[enrich] 5545/10500 RJ306404: tags=0 desc=71 img=hi [cached]
[cache] RJ345919
[enrich] 5546/10500 RJ345919: tags=1 desc=334 img=hi [cached]
[cache] RJ059060
[enrich] 5547/10500 RJ059060: tags=5 desc=334 img=hi [cached]
[cache] RJ156606
[enrich] 5548/10500 RJ156606: tags=6 desc=787 img=hi [cached]
[cache] RJ01263681
[enrich] 5549/10500 RJ01263681: tags=6 desc=573 img=hi [cached]
[cache] RJ268322
[enrich] 5550/10500 RJ268322: tags=3 desc=1422 img=hi [cached]
[save] partial 5550/10500: 10500 works → /workspace/dlsite-promo-site/data/works.json
[cache] RJ200943
[enrich] 5551/10500 RJ200943: tags=0 desc=713 img=hi [cached]
[enrich] 5552/10500 RJ01723670: tags=0 desc=8 img=hi
[enrich] 5553/10500 RJ01723655: tags=0 desc=8 img=hi
[enrich] 5554/10500 RJ01723652: tags=0 desc=8 img=hi
[enrich] 5555/10500 RJ01723650: tags=0 desc=8 img=hi
[enrich] 5556/10500 RJ01723645: tags=0 desc=8 img=hi
[enrich] 5557/10500 RJ01723535: tags=0 desc=8 img=hi
[enrich] 5558/10500 RJ01723520: tags=0 desc=8 img=hi
[enrich] 5559/10500 RJ01723514: tags=0 desc=8 img=hi
[enrich] 5560/10500 RJ01723512: tags=0 desc=8 img=hi
[enrich] 5561/10500 RJ01723501: tags=0 desc=8 img=hi
[enrich] 5562/10500 RJ01723497: tags=0 desc=8 img=hi
[enrich] 5563/10500 RJ01723493: tags=0 desc=8 img=hi
[enrich] 5564/10500 RJ01723481: tags=0 desc=8 img=hi
[enrich] 5565/10500 RJ01723452: tags=0 desc=8 img=hi
[enrich] 5566/10500 RJ01723442: tags=0 desc=8 img=hi
[enrich] 5567/10500 RJ01723441: tags=0 desc=8 img=hi
[enrich] 5568/10500 RJ01723439: tags=0 desc=8 img=hi
[enrich] 5569/10500 RJ01723438: tags=0 desc=8 img=hi
[enrich] 5570/10500 RJ01723437: tags=0 desc=8 img=hi
[enrich] 5571/10500 RJ01723435: tags=0 desc=8 img=hi
[enrich] 5572/10500 RJ01723397: tags=0 desc=8 img=hi
[enrich] 5573/10500 RJ01723340: tags=0 desc=8 img=hi
[enrich] 5574/10500 RJ01722937: tags=0 desc=8 img=hi
[cache] RJ01722812
[enrich] 5575/10500 RJ01722812: tags=6 desc=312 img=hi [cached]
[save] partial 5575/10500: 10500 works → /workspace/dlsite-promo-site/data/works.json
[enrich] 5576/10500 RJ01722619: tags=0 desc=8 img=hi
[cache] RJ01721643
[enrich] 5577/10500 RJ01721643: tags=6 desc=631 img=hi [cached]
[enrich] 5578/10500 RJ01721575: tags=0 desc=8 img=hi
[enrich] 5579/10500 RJ01721374: tags=0 desc=8 img=hi
[cache] RJ01708564
[enrich] 5580/10500 RJ01708564: tags=6 desc=355 img=hi [cached]
[cache] RJ01582919
[enrich] 5581/10500 RJ01582919: tags=5 desc=1210 img=hi [cached]
[cache] RJ01725817
[enrich] 5582/10500 RJ01725817: tags=6 desc=374 img=hi [cached]
[cache] RJ01725701
[enrich] 5583/10500 RJ01725701: tags=4 desc=125 img=hi [cached]
[cache] RJ01725596
[enrich] 5584/10500 RJ01725596: tags=3 desc=381 img=hi [cached]
[cache] RJ01725570
[enrich] 5585/10500 RJ01725570: tags=2 desc=222 img=hi [cached]
[cache] RJ01725385
[enrich] 5586/10500 RJ01725385: tags=6 desc=158 img=hi [cached]
[enrich] 5587/10500 RJ01723426: tags=0 desc=8 img=hi
[enrich] 5588/10500 RJ01723398: tags=0 desc=8 img=hi
[enrich] 5589/10500 RJ01723395: tags=0 desc=8 img=hi
[enrich] 5590/10500 RJ01723391: tags=0 desc=8 img=hi
[enrich] 5591/10500 RJ01723386: tags=0 desc=8 img=hi
[enrich] 5592/10500 RJ01723348: tags=0 desc=8 img=hi
[enrich] 5593/10500 RJ01723306: tags=0 desc=8 img=hi
[enrich] 5594/10500 RJ01723276: tags=0 desc=8 img=hi
[enrich] 5595/10500 RJ01723262: tags=0 desc=8 img=hi
[enrich] 5596/10500 RJ01723233: tags=0 desc=8 img=hi
[enrich] 5597/10500 RJ01723209: tags=0 desc=8 img=hi
[enrich] 5598/10500 RJ01723202: tags=0 desc=8 img=hi
[enrich] 5599/10500 RJ01723133: tags=0 desc=8 img=hi
[enrich] 5600/10500 RJ01722964: tags=0 desc=8 img=hi
[save] partial 5600/10500: 10500 works → /workspace/dlsite-promo-site/data/works.json
[enrich] 5601/10500 RJ01722922: tags=0 desc=8 img=hi
[enrich] 5602/10500 RJ01722830: tags=0 desc=8 img=hi
[cache] RJ01722794
[enrich] 5603/10500 RJ01722794: tags=4 desc=380 img=hi [cached]
[enrich] 5604/10500 RJ01722631: tags=0 desc=8 img=hi
[enrich] 5605/10500 RJ01722234: tags=0 desc=8 img=hi
[enrich] 5606/10500 RJ01721656: tags=0 desc=8 img=hi
[enrich] 5607/10500 RJ01721612: tags=0 desc=8 img=hi
[cache] RJ01717219
[enrich] 5608/10500 RJ01717219: tags=6 desc=372 img=hi [cached]
[enrich] 5609/10500 RJ01714887: tags=0 desc=8 img=hi
[enrich] 5610/10500 RJ01711306: tags=0 desc=8 img=hi
[cache] RJ01725271
[enrich] 5611/10500 RJ01725271: tags=6 desc=502 img=hi [cached]
[cache] RJ01725251
[enrich] 5612/10500 RJ01725251: tags=5 desc=291 img=hi [cached]
[cache] RJ01725181
[enrich] 5613/10500 RJ01725181: tags=3 desc=469 img=hi [cached]
[cache] RJ01716956
[enrich] 5614/10500 RJ01716956: tags=6 desc=270 img=hi [cached]
[cache] RJ01716927
[enrich] 5615/10500 RJ01716927: tags=6 desc=2073 img=hi [cached]
[cache] RJ01716791
[enrich] 5616/10500 RJ01716791: tags=6 desc=1636 img=hi [cached]
[cache] RJ01716677
[enrich] 5617/10500 RJ01716677: tags=6 desc=2217 img=hi [cached]
[cache] RJ01716514
[enrich] 5618/10500 RJ01716514: tags=6 desc=993 img=hi [cached]
[cache] RJ01716028
[enrich] 5619/10500 RJ01716028: tags=6 desc=2511 img=hi [cached]
[cache] RJ01715995
[enrich] 5620/10500 RJ01715995: tags=6 desc=1608 img=hi [cached]
[cache] RJ01715217
[enrich] 5621/10500 RJ01715217: tags=6 desc=695 img=hi [cached]
[cache] RJ01715096
[enrich] 5622/10500 RJ01715096: tags=6 desc=3346 img=hi [cached]
[cache] RJ01713134
[enrich] 5623/10500 RJ01713134: tags=6 desc=1322 img=hi [cached]
[cache] RJ01712941
[enrich] 5624/10500 RJ01712941: tags=5 desc=1502 img=hi [cached]
[cache] RJ01712910
[enrich] 5625/10500 RJ01712910: tags=6 desc=1984 img=hi [cached]
[save] partial 5625/10500: 10500 works → /workspace/dlsite-promo-site/data/works.json
[cache] RJ01711962
[enrich] 5626/10500 RJ01711962: tags=6 desc=1077 img=hi [cached]
[cache] RJ01710689
[enrich] 5627/10500 RJ01710689: tags=6 desc=1737 img=hi [cached]
[cache] RJ01708967
[enrich] 5628/10500 RJ01708967: tags=6 desc=1660 img=hi [cached]
[cache] RJ01708092
[enrich] 5629/10500 RJ01708092: tags=6 desc=866 img=hi [cached]
[cache] RJ01705505
[enrich] 5630/10500 RJ01705505: tags=6 desc=1864 img=hi [cached]
[cache] RJ01701923
[enrich] 5631/10500 RJ01701923: tags=4 desc=1856 img=hi [cached]
[cache] RJ01698944
[enrich] 5632/10500 RJ01698944: tags=6 desc=1510 img=hi [cached]
[cache] RJ01697930
[enrich] 5633/10500 RJ01697930: tags=6 desc=2260 img=hi [cached]
[cache] RJ01695704
[enrich] 5634/10500 RJ01695704: tags=6 desc=1046 img=hi [cached]
[cache] RJ01690831
[enrich] 5635/10500 RJ01690831: tags=6 desc=3800 img=hi [cached]
[cache] RJ01688354
[enrich] 5636/10500 RJ01688354: tags=6 desc=646 img=hi [cached]
[cache] RJ01675001
[enrich] 5637/10500 RJ01675001: tags=6 desc=1434 img=hi [cached]
[cache] RJ01669388
[enrich] 5638/10500 RJ01669388: tags=6 desc=3103 img=hi [cached]
[cache] RJ01714481
[enrich] 5639/10500 RJ01714481: tags=5 desc=212 img=hi [cached]
[enrich] 5640/10500 RJ01714402: tags=0 desc=8 img=hi
[cache] RJ01708166
[enrich] 5641/10500 RJ01708166: tags=6 desc=1792 img=hi [cached]
[cache] RJ01700464
[enrich] 5642/10500 RJ01700464: tags=6 desc=1308 img=hi [cached]
[cache] RJ01671027
[enrich] 5643/10500 RJ01671027: tags=3 desc=906 img=hi [cached]
[cache] RJ01717901
[enrich] 5644/10500 RJ01717901: tags=6 desc=585 img=hi [cached]
[cache] RJ01717889
[enrich] 5645/10500 RJ01717889: tags=6 desc=315 img=hi [cached]
[cache] RJ01717888
[enrich] 5646/10500 RJ01717888: tags=6 desc=661 img=hi [cached]
[cache] RJ01717852
[enrich] 5647/10500 RJ01717852: tags=2 desc=115 img=hi [cached]
[cache] RJ01717817
[enrich] 5648/10500 RJ01717817: tags=6 desc=2255 img=hi [cached]
[cache] RJ01717801
[enrich] 5649/10500 RJ01717801: tags=6 desc=608 img=hi [cached]
[cache] RJ01717767
[enrich] 5650/10500 RJ01717767: tags=2 desc=1391 img=hi [cached]
[save] partial 5650/10500: 10500 works → /workspace/dlsite-promo-site/data/works.json
[cache] RJ01717762
[enrich] 5651/10500 RJ01717762: tags=6 desc=1295 img=hi [cached]
[cache] RJ01717753
[enrich] 5652/10500 RJ01717753: tags=6 desc=788 img=hi [cached]
[cache] RJ01717728
[enrich] 5653/10500 RJ01717728: tags=6 desc=2808 img=hi [cached]
[cache] RJ01717416
[enrich] 5654/10500 RJ01717416: tags=6 desc=438 img=hi [cached]
[cache] RJ01717392
[enrich] 5655/10500 RJ01717392: tags=6 desc=1280 img=hi [cached]
[cache] RJ01716974
[enrich] 5656/10500 RJ01716974: tags=4 desc=1031 img=hi [cached]
[cache] RJ01716766
[enrich] 5657/10500 RJ01716766: tags=6 desc=417 img=hi [cached]
[cache] RJ01716761
[enrich] 5658/10500 RJ01716761: tags=6 desc=2711 img=hi [cached]
[cache] RJ01713862
[enrich] 5659/10500 RJ01713862: tags=6 desc=1852 img=hi [cached]
[cache] RJ01713753
[enrich] 5660/10500 RJ01713753: tags=6 desc=237 img=hi [cached]
[cache] RJ01710787
[enrich] 5661/10500 RJ01710787: tags=6 desc=465 img=hi [cached]
[cache] RJ01710743
[enrich] 5662/10500 RJ01710743: tags=6 desc=372 img=hi [cached]
[cache] RJ01708954
[enrich] 5663/10500 RJ01708954: tags=6 desc=1613 img=hi [cached]
[cache] RJ01708359
[enrich] 5664/10500 RJ01708359: tags=6 desc=1066 img=hi [cached]
[cache] RJ01708202
[enrich] 5665/10500 RJ01708202: tags=6 desc=243 img=hi [cached]
[cache] RJ01704970
[enrich] 5666/10500 RJ01704970: tags=6 desc=1253 img=hi [cached]
[cache] RJ01702052
[enrich] 5667/10500 RJ01702052: tags=6 desc=951 img=hi [cached]
[cache] RJ01700412
[enrich] 5668/10500 RJ01700412: tags=6 desc=2668 img=hi [cached]
[cache] RJ01696482
[enrich] 5669/10500 RJ01696482: tags=6 desc=722 img=hi [cached]
[cache] RJ01690126
[enrich] 5670/10500 RJ01690126: tags=6 desc=217 img=hi [cached]
[cache] RJ01717436
[enrich] 5671/10500 RJ01717436: tags=6 desc=961 img=hi [cached]
[cache] RJ01717413
[enrich] 5672/10500 RJ01717413: tags=6 desc=365 img=hi [cached]
[cache] RJ01717320
[enrich] 5673/10500 RJ01717320: tags=5 desc=184 img=hi [cached]
[cache] RJ01717249
[enrich] 5674/10500 RJ01717249: tags=6 desc=734 img=hi [cached]
[cache] RJ01715271
[enrich] 5675/10500 RJ01715271: tags=1 desc=391 img=hi [cached]
[save] partial 5675/10500: 10500 works → /workspace/dlsite-promo-site/data/works.json
[cache] RJ01714962
[enrich] 5676/10500 RJ01714962: tags=6 desc=1982 img=hi [cached]
[cache] RJ01709183
[enrich] 5677/10500 RJ01709183: tags=6 desc=463 img=hi [cached]
[cache] RJ01717142
[enrich] 5678/10500 RJ01717142: tags=6 desc=368 img=hi [cached]
[cache] RJ01715938
[enrich] 5679/10500 RJ01715938: tags=1 desc=278 img=hi [cached]
[cache] RJ01714913
[enrich] 5680/10500 RJ01714913: tags=6 desc=259 img=hi [cached]
[cache] RJ01712579
[enrich] 5681/10500 RJ01712579: tags=6 desc=512 img=hi [cached]
[cache] RJ01708685
[enrich] 5682/10500 RJ01708685: tags=6 desc=1138 img=hi [cached]
[cache] RJ01704458
[enrich] 5683/10500 RJ01704458: tags=6 desc=721 img=hi [cached]
[cache] RJ01702261
[enrich] 5684/10500 RJ01702261: tags=6 desc=509 img=hi [cached]
[cache] RJ01552576
[enrich] 5685/10500 RJ01552576: tags=2 desc=104 img=hi [cached]
[cache] RJ01717003
[enrich] 5686/10500 RJ01717003: tags=5 desc=699 img=hi [cached]
[cache] RJ01716675
[enrich] 5687/10500 RJ01716675: tags=4 desc=775 img=hi [cached]
[cache] RJ01716215
[enrich] 5688/10500 RJ01716215: tags=6 desc=438 img=hi [cached]
[enrich] 5689/10500 RJ01712871: tags=0 desc=8 img=hi
[cache] RJ01716430
[enrich] 5690/10500 RJ01716430: tags=6 desc=292 img=hi [cached]
[cache] RJ01716418
[enrich] 5691/10500 RJ01716418: tags=6 desc=847 img=hi [cached]
[cache] RJ01716410
[enrich] 5692/10500 RJ01716410: tags=6 desc=2145 img=hi [cached]
[cache] RJ01716349
[enrich] 5693/10500 RJ01716349: tags=6 desc=244 img=hi [cached]
[cache] RJ01716318
[enrich] 5694/10500 RJ01716318: tags=6 desc=1449 img=hi [cached]
[cache] RJ01715766
[enrich] 5695/10500 RJ01715766: tags=6 desc=315 img=hi [cached]
[cache] RJ01714364
[enrich] 5696/10500 RJ01714364: tags=6 desc=1145 img=hi [cached]
[cache] RJ01713846
[enrich] 5697/10500 RJ01713846: tags=6 desc=2336 img=hi [cached]
[cache] RJ01713118
[enrich] 5698/10500 RJ01713118: tags=6 desc=1302 img=hi [cached]
[cache] RJ01713028
[enrich] 5699/10500 RJ01713028: tags=6 desc=1321 img=hi [cached]
[enrich] 5700/10500 RJ01712094: tags=0 desc=8 img=hi
[save] partial 5700/10500: 10500 works → /workspace/dlsite-promo-site/data/works.json
[cache] RJ01708496
[enrich] 5701/10500 RJ01708496: tags=6 desc=629 img=hi [cached]
[cache] RJ01708081
[enrich] 5702/10500 RJ01708081: tags=6 desc=269 img=hi [cached]
[enrich] 5703/10500 RJ01380035: tags=1 desc=17 img=hi
[cache] RJ01715960
[enrich] 5704/10500 RJ01715960: tags=6 desc=397 img=hi [cached]
[cache] RJ01715838
[enrich] 5705/10500 RJ01715838: tags=6 desc=194 img=hi [cached]
[cache] RJ01715450
[enrich] 5706/10500 RJ01715450: tags=4 desc=298 img=hi [cached]
[cache] RJ01715441
[enrich] 5707/10500 RJ01715441: tags=4 desc=213 img=hi [cached]
[cache] RJ01715433
[enrich] 5708/10500 RJ01715433: tags=4 desc=210 img=hi [cached]
[cache] RJ01714715
[enrich] 5709/10500 RJ01714715: tags=6 desc=1448 img=hi [cached]
[cache] RJ01712660
[enrich] 5710/10500 RJ01712660: tags=5 desc=917 img=hi [cached]
[cache] RJ01712330
[enrich] 5711/10500 RJ01712330: tags=4 desc=901 img=hi [cached]
[cache] RJ01715663
[enrich] 5712/10500 RJ01715663: tags=6 desc=383 img=hi [cached]
[cache] RJ01715592
[enrich] 5713/10500 RJ01715592: tags=2 desc=1364 img=hi [cached]
[cache] RJ01715586
[enrich] 5714/10500 RJ01715586: tags=3 desc=457 img=hi [cached]
[cache] RJ01715585
[enrich] 5715/10500 RJ01715585: tags=3 desc=356 img=hi [cached]
[cache] RJ01715534
[enrich] 5716/10500 RJ01715534: tags=6 desc=813 img=hi [cached]
[enrich] 5717/10500 RJ01715462: tags=3 desc=34 img=hi
[enrich] 5718/10500 RJ01715457: tags=3 desc=30 img=hi
[cache] RJ01715382
[enrich] 5719/10500 RJ01715382: tags=6 desc=771 img=hi [cached]
[cache] RJ01715322
[enrich] 5720/10500 RJ01715322: tags=6 desc=333 img=hi [cached]
[cache] RJ01715318
[enrich] 5721/10500 RJ01715318: tags=0 desc=183 img=hi [cached]
[cache] RJ01714969
[enrich] 5722/10500 RJ01714969: tags=6 desc=166 img=hi [cached]
[cache] RJ01711838
[enrich] 5723/10500 RJ01711838: tags=6 desc=3646 img=hi [cached]
[cache] RJ01710490
[enrich] 5724/10500 RJ01710490: tags=2 desc=44 img=hi [cached]
[cache] RJ01707131
[enrich] 5725/10500 RJ01707131: tags=6 desc=649 img=hi [cached]
[save] partial 5725/10500: 10500 works → /workspace/dlsite-promo-site/data/works.json
[cache] RJ01661098
[enrich] 5726/10500 RJ01661098: tags=6 desc=532 img=hi [cached]
[cache] RJ01715016
[enrich] 5727/10500 RJ01715016: tags=6 desc=700 img=hi [cached]
[cache] RJ01714912
[enrich] 5728/10500 RJ01714912: tags=1 desc=1000 img=hi [cached]
[cache] RJ01714906
[enrich] 5729/10500 RJ01714906: tags=2 desc=701 img=hi [cached]
[cache] RJ01714902
[enrich] 5730/10500 RJ01714902: tags=2 desc=572 img=hi [cached]
[cache] RJ01713316
[enrich] 5731/10500 RJ01713316: tags=2 desc=280 img=hi [cached]
[cache] RJ01714909
[enrich] 5732/10500 RJ01714909: tags=6 desc=255 img=hi [cached]
[cache] RJ01714877
[enrich] 5733/10500 RJ01714877: tags=1 desc=213 img=hi [cached]
[cache] RJ01714329
[enrich] 5734/10500 RJ01714329: tags=6 desc=869 img=hi [cached]
[cache] RJ01710160
[enrich] 5735/10500 RJ01710160: tags=6 desc=1841 img=hi [cached]
[cache] RJ01705210
[enrich] 5736/10500 RJ01705210: tags=6 desc=2218 img=hi [cached]
[cache] RJ01714610
[enrich] 5737/10500 RJ01714610: tags=4 desc=331 img=hi [cached]
[cache] RJ01714512
[enrich] 5738/10500 RJ01714512: tags=6 desc=1216 img=hi [cached]
[cache] RJ01712218
[enrich] 5739/10500 RJ01712218: tags=1 desc=321 img=hi [cached]
[enrich] 5740/10500 RJ01711290: tags=0 desc=8 img=hi
[cache] RJ01694502
[enrich] 5741/10500 RJ01694502: tags=5 desc=50 img=hi [cached]
[cache] RJ01714063
[enrich] 5742/10500 RJ01714063: tags=3 desc=475 img=hi [cached]
[cache] RJ01714008
[enrich] 5743/10500 RJ01714008: tags=4 desc=233 img=hi [cached]
[cache] RJ01713110
[enrich] 5744/10500 RJ01713110: tags=6 desc=1364 img=hi [cached]
[cache] RJ01713046
[enrich] 5745/10500 RJ01713046: tags=6 desc=1232 img=hi [cached]
[cache] RJ01712717
[enrich] 5746/10500 RJ01712717: tags=6 desc=1177 img=hi [cached]
[cache] RJ01711998
[enrich] 5747/10500 RJ01711998: tags=6 desc=1049 img=hi [cached]
[cache] RJ01711477
[enrich] 5748/10500 RJ01711477: tags=6 desc=1962 img=hi [cached]
[cache] RJ01711151
[enrich] 5749/10500 RJ01711151: tags=6 desc=782 img=hi [cached]
[cache] RJ01710630
[enrich] 5750/10500 RJ01710630: tags=6 desc=2025 img=hi [cached]
[save] partial 5750/10500: 10500 works → /workspace/dlsite-promo-site/data/works.json
[cache] RJ01709403
[enrich] 5751/10500 RJ01709403: tags=1 desc=594 img=hi [cached]
[cache] RJ01706159
[enrich] 5752/10500 RJ01706159: tags=6 desc=1542 img=hi [cached]
[cache] RJ01705919
[enrich] 5753/10500 RJ01705919: tags=6 desc=432 img=hi [cached]
[cache] RJ01705182
[enrich] 5754/10500 RJ01705182: tags=6 desc=1778 img=hi [cached]
[cache] RJ01701390
[enrich] 5755/10500 RJ01701390: tags=6 desc=1012 img=hi [cached]
[cache] RJ01700948
[enrich] 5756/10500 RJ01700948: tags=6 desc=1494 img=hi [cached]
[cache] RJ01692393
[enrich] 5757/10500 RJ01692393: tags=6 desc=1104 img=hi [cached]
[cache] RJ01688418
[enrich] 5758/10500 RJ01688418: tags=6 desc=707 img=hi [cached]
[cache] RJ01677999
[enrich] 5759/10500 RJ01677999: tags=6 desc=1032 img=hi [cached]
[cache] RJ01713019
[enrich] 5760/10500 RJ01713019: tags=5 desc=454 img=hi [cached]
[cache] RJ01712043
[enrich] 5761/10500 RJ01712043: tags=6 desc=384 img=hi [cached]
[cache] RJ01711289
[enrich] 5762/10500 RJ01711289: tags=6 desc=859 img=hi [cached]
[enrich] 5763/10500 RJ01710441: tags=0 desc=8 img=hi
[cache] RJ01647945
[enrich] 5764/10500 RJ01647945: tags=6 desc=207 img=hi [cached]
[cache] RJ01537004
[enrich] 5765/10500 RJ01537004: tags=6 desc=3727 img=hi [cached]
[cache] RJ01713515
[enrich] 5766/10500 RJ01713515: tags=3 desc=543 img=hi [cached]
[cache] RJ01713492
[enrich] 5767/10500 RJ01713492: tags=6 desc=272 img=hi [cached]
[cache] RJ01713449
[enrich] 5768/10500 RJ01713449: tags=6 desc=174 img=hi [cached]
[cache] RJ01713448
[enrich] 5769/10500 RJ01713448: tags=6 desc=795 img=hi [cached]
[cache] RJ01713378
[enrich] 5770/10500 RJ01713378: tags=1 desc=305 img=hi [cached]
[cache] RJ01713357
[enrich] 5771/10500 RJ01713357: tags=0 desc=635 img=hi [cached]
[enrich] 5772/10500 RJ01716082: tags=0 desc=8 img=hi
[cache] RJ01715412
[enrich] 5773/10500 RJ01715412: tags=5 desc=1153 img=hi [cached]
[enrich] 5774/10500 RJ01712415: tags=0 desc=8 img=hi
[enrich] 5775/10500 RJ01711845: tags=0 desc=8 img=hi
[save] partial 5775/10500: 10500 works → /workspace/dlsite-promo-site/data/works.json
[cache] RJ01707791
[enrich] 5776/10500 RJ01707791: tags=6 desc=654 img=hi [cached]
[cache] RJ01714839
[enrich] 5777/10500 RJ01714839: tags=6 desc=670 img=hi [cached]
[cache] RJ01676120
[enrich] 5778/10500 RJ01676120: tags=6 desc=792 img=hi [cached]
[enrich] 5779/10500 RJ01711677: tags=0 desc=8 img=hi
[enrich] 5780/10500 RJ01709602: tags=0 desc=8 img=hi
[cache] RJ01714826
[enrich] 5781/10500 RJ01714826: tags=6 desc=906 img=hi [cached]
[cache] RJ01714385
[enrich] 5782/10500 RJ01714385: tags=1 desc=283 img=hi [cached]
[enrich] 5783/10500 RJ01711504: tags=0 desc=8 img=hi
[cache] RJ01713847
[enrich] 5784/10500 RJ01713847: tags=6 desc=96 img=hi [cached]
[cache] RJ01706405
[enrich] 5785/10500 RJ01706405: tags=6 desc=447 img=hi [cached]
[cache] RJ01714231
[enrich] 5786/10500 RJ01714231: tags=0 desc=296 img=hi [cached]
[enrich] 5787/10500 RJ01710601: tags=0 desc=8 img=hi
[cache] RJ01708454
[enrich] 5788/10500 RJ01708454: tags=5 desc=788 img=hi [cached]
[cache] RJ01713834
[enrich] 5789/10500 RJ01713834: tags=3 desc=741 img=hi [cached]
[enrich] 5790/10500 RJ01710624: tags=0 desc=8 img=hi
[enrich] 5791/10500 RJ01710615: tags=0 desc=8 img=hi
[enrich] 5792/10500 RJ01705343: tags=0 desc=8 img=hi
[enrich] 5793/10500 RJ01710355: tags=0 desc=8 img=hi
[enrich] 5794/10500 RJ01710332: tags=0 desc=8 img=hi
[enrich] 5795/10500 RJ01709836: tags=0 desc=8 img=hi
[cache] RJ01709755
[enrich] 5796/10500 RJ01709755: tags=6 desc=628 img=hi [cached]
[cache] RJ01709235
[enrich] 5797/10500 RJ01709235: tags=6 desc=199 img=hi [cached]
[cache] RJ01709168
[enrich] 5798/10500 RJ01709168: tags=6 desc=313 img=hi [cached]
[cache] RJ01705358
[enrich] 5799/10500 RJ01705358: tags=6 desc=943 img=hi [cached]
[cache] RJ01704234
[enrich] 5800/10500 RJ01704234: tags=6 desc=792 img=hi [cached]
[save] partial 5800/10500: 10500 works → /workspace/dlsite-promo-site/data/works.json
[cache] RJ01693538
[enrich] 5801/10500 RJ01693538: tags=6 desc=574 img=hi [cached]
[enrich] 5802/10500 RJ01636302: tags=0 desc=8 img=hi
[cache] RJ01713251
[enrich] 5803/10500 RJ01713251: tags=6 desc=1629 img=hi [cached]
[cache] RJ01713000
[enrich] 5804/10500 RJ01713000: tags=0 desc=281 img=hi [cached]
[cache] RJ01712079
[enrich] 5805/10500 RJ01712079: tags=0 desc=564 img=hi [cached]
[cache] RJ01711638
[enrich] 5806/10500 RJ01711638: tags=6 desc=954 img=hi [cached]
[enrich] 5807/10500 RJ01709963: tags=0 desc=8 img=hi
[enrich] 5808/10500 RJ01708132: tags=0 desc=8 img=hi
[enrich] 5809/10500 RJ01708986: tags=0 desc=8 img=hi
[enrich] 5810/10500 RJ01702507: tags=0 desc=8 img=hi
[cache] RJ01691698
[enrich] 5811/10500 RJ01691698: tags=6 desc=1742 img=hi [cached]
[enrich] 5812/10500 RJ01689621: tags=0 desc=8 img=hi
[cache] RJ01688457
[enrich] 5813/10500 RJ01688457: tags=3 desc=840 img=hi [cached]
[cache] RJ01668714
[enrich] 5814/10500 RJ01668714: tags=6 desc=569 img=hi [cached]
[cache] RJ01710833
[enrich] 5815/10500 RJ01710833: tags=6 desc=622 img=hi [cached]
[enrich] 5816/10500 RJ01701012: tags=0 desc=8 img=hi
[enrich] 5817/10500 RJ01532587: tags=0 desc=8 img=hi
[cache] RJ01711500
[enrich] 5818/10500 RJ01711500: tags=0 desc=1032 img=hi [cached]
[cache] RJ01643533
[enrich] 5819/10500 RJ01643533: tags=6 desc=907 img=hi [cached]
[enrich] 5820/10500 RJ01708583: tags=0 desc=8 img=hi
[enrich] 5821/10500 RJ01707895: tags=0 desc=8 img=hi
[enrich] 5822/10500 RJ01707776: tags=0 desc=8 img=hi
[enrich] 5823/10500 RJ01706448: tags=0 desc=8 img=hi
[enrich] 5824/10500 RJ01695015: tags=0 desc=8 img=hi
[cache] RJ01690121
[enrich] 5825/10500 RJ01690121: tags=6 desc=1776 img=hi [cached]
[save] partial 5825/10500: 10500 works → /workspace/dlsite-promo-site/data/works.json
[cache] RJ01699880
[enrich] 5826/10500 RJ01699880: tags=4 desc=2701 img=hi [cached]
[enrich] 5827/10500 RJ01696885: tags=0 desc=8 img=hi
[cache] RJ01709187
[enrich] 5828/10500 RJ01709187: tags=6 desc=67 img=hi [cached]
[cache] RJ01708958
[enrich] 5829/10500 RJ01708958: tags=6 desc=483 img=hi [cached]
[enrich] 5830/10500 RJ01706185: tags=0 desc=8 img=hi
[cache] RJ01683525
[enrich] 5831/10500 RJ01683525: tags=2 desc=1861 img=hi [cached]
[enrich] 5832/10500 RJ01707606: tags=0 desc=8 img=hi
[cache] RJ01707379
[enrich] 5833/10500 RJ01707379: tags=5 desc=255 img=hi [cached]
[enrich] 5834/10500 RJ01707343: tags=0 desc=8 img=hi
[enrich] 5835/10500 RJ01707246: tags=0 desc=8 img=hi
[enrich] 5836/10500 RJ01706972: tags=0 desc=8 img=hi
[enrich] 5837/10500 RJ01706836: tags=0 desc=8 img=hi
[enrich] 5838/10500 RJ01706800: tags=0 desc=8 img=hi
[enrich] 5839/10500 RJ01706372: tags=0 desc=8 img=hi
[enrich] 5840/10500 RJ01705381: tags=0 desc=8 img=hi
[cache] RJ01696271
[enrich] 5841/10500 RJ01696271: tags=6 desc=493 img=hi [cached]
[enrich] 5842/10500 RJ01705810: tags=0 desc=8 img=hi
[cache] RJ01705130
[enrich] 5843/10500 RJ01705130: tags=3 desc=61 img=hi [cached]
[enrich] 5844/10500 RJ01705963: tags=0 desc=8 img=hi
[cache] RJ01703526
[enrich] 5845/10500 RJ01703526: tags=6 desc=1240 img=hi [cached]
[cache] RJ01706329
[enrich] 5846/10500 RJ01706329: tags=6 desc=789 img=hi [cached]
[enrich] 5847/10500 RJ01705230: tags=0 desc=8 img=hi
[enrich] 5848/10500 RJ01704909: tags=0 desc=8 img=hi
[cache] RJ01704817
[enrich] 5849/10500 RJ01704817: tags=6 desc=234 img=hi [cached]
[enrich] 5850/10500 RJ01704492: tags=0 desc=8 img=hi
[save] partial 5850/10500: 10500 works → /workspace/dlsite-promo-site/data/works.json
[enrich] 5851/10500 RJ01704354: tags=0 desc=8 img=hi
[cache] RJ01697353
[enrich] 5852/10500 RJ01697353: tags=6 desc=177 img=hi [cached]
[enrich] 5853/10500 RJ01665933: tags=0 desc=8 img=hi
[cache] RJ01707254
[enrich] 5854/10500 RJ01707254: tags=6 desc=386 img=hi [cached]
[cache] RJ01707234
[enrich] 5855/10500 RJ01707234: tags=6 desc=761 img=hi [cached]
[cache] RJ01707134
[enrich] 5856/10500 RJ01707134: tags=2 desc=279 img=hi [cached]
[cache] RJ01707056
[enrich] 5857/10500 RJ01707056: tags=6 desc=355 img=hi [cached]
[cache] RJ01707003
[enrich] 5858/10500 RJ01707003: tags=6 desc=394 img=hi [cached]
[cache] RJ01706994
[enrich] 5859/10500 RJ01706994: tags=6 desc=1473 img=hi [cached]
[cache] RJ01706752
[enrich] 5860/10500 RJ01706752: tags=6 desc=1272 img=hi [cached]
[enrich] 5861/10500 RJ01703057: tags=0 desc=8 img=hi
[cache] RJ01682514
[enrich] 5862/10500 RJ01682514: tags=3 desc=742 img=hi [cached]
[cache] RJ01706786
[enrich] 5863/10500 RJ01706786: tags=6 desc=77 img=hi [cached]
[cache] RJ01706128
[enrich] 5864/10500 RJ01706128: tags=0 desc=1029 img=hi [cached]
[cache] RJ01704193
[enrich] 5865/10500 RJ01704193: tags=6 desc=1491 img=hi [cached]
[enrich] 5866/10500 RJ01703512: tags=0 desc=8 img=hi
[enrich] 5867/10500 RJ01703442: tags=0 desc=8 img=hi
[enrich] 5868/10500 RJ01703227: tags=0 desc=8 img=hi
[enrich] 5869/10500 RJ01702873: tags=0 desc=8 img=hi
[cache] RJ01701977
[enrich] 5870/10500 RJ01701977: tags=2 desc=1119 img=hi [cached]
[cache] RJ01698921
[enrich] 5871/10500 RJ01698921: tags=6 desc=833 img=hi [cached]
[enrich] 5872/10500 RJ01698523: tags=0 desc=8 img=hi
[enrich] 5873/10500 RJ01691021: tags=0 desc=8 img=hi
[enrich] 5874/10500 RJ01703105: tags=0 desc=8 img=hi
[cache] RJ01702800
[enrich] 5875/10500 RJ01702800: tags=6 desc=388 img=hi [cached]
[save] partial 5875/10500: 10500 works → /workspace/dlsite-promo-site/data/works.json
[enrich] 5876/10500 RJ01702714: tags=0 desc=8 img=hi
[cache] RJ01705563
[enrich] 5877/10500 RJ01705563: tags=0 desc=326 img=hi [cached]
[cache] RJ01705549
[enrich] 5878/10500 RJ01705549: tags=0 desc=336 img=hi [cached]
[cache] RJ01705538
[enrich] 5879/10500 RJ01705538: tags=0 desc=335 img=hi [cached]
[cache] RJ01703708
[enrich] 5880/10500 RJ01703708: tags=6 desc=985 img=hi [cached]
[cache] RJ01703190
[enrich] 5881/10500 RJ01703190: tags=4 desc=186 img=hi [cached]
[enrich] 5882/10500 RJ01702472: tags=0 desc=8 img=hi
[enrich] 5883/10500 RJ01702426: tags=0 desc=8 img=hi
[enrich] 5884/10500 RJ01701757: tags=0 desc=8 img=hi
[cache] RJ01700416
[enrich] 5885/10500 RJ01700416: tags=6 desc=207 img=hi [cached]
[enrich] 5886/10500 RJ01689472: tags=0 desc=8 img=hi
[enrich] 5887/10500 RJ01687043: tags=0 desc=8 img=hi
[cache] RJ01675340
[enrich] 5888/10500 RJ01675340: tags=6 desc=552 img=hi [cached]
[cache] RJ01645920
[enrich] 5889/10500 RJ01645920: tags=6 desc=3115 img=hi [cached]
[cache] RJ01465654
[enrich] 5890/10500 RJ01465654: tags=6 desc=2263 img=hi [cached]
[enrich] 5891/10500 RJ01702367: tags=0 desc=8 img=hi
[enrich] 5892/10500 RJ01678245: tags=0 desc=8 img=hi
[cache] RJ01705305
[enrich] 5893/10500 RJ01705305: tags=6 desc=462 img=hi [cached]
[enrich] 5894/10500 RJ01702176: tags=0 desc=8 img=hi
[cache] RJ01724888
[enrich] 5895/10500 RJ01724888: tags=6 desc=72 img=hi [cached]
[cache] RJ01724726
[enrich] 5896/10500 RJ01724726: tags=6 desc=393 img=hi [cached]
[cache] RJ01724704
[enrich] 5897/10500 RJ01724704: tags=6 desc=240 img=hi [cached]
[enrich] 5898/10500 RJ01722256: tags=0 desc=8 img=hi
[enrich] 5899/10500 RJ01722213: tags=0 desc=8 img=hi
[enrich] 5900/10500 RJ01722103: tags=0 desc=8 img=hi
[save] partial 5900/10500: 10500 works → /workspace/dlsite-promo-site/data/works.json
[enrich] 5901/10500 RJ01722008: tags=0 desc=8 img=hi
[enrich] 5902/10500 RJ01721991: tags=0 desc=8 img=hi
[enrich] 5903/10500 RJ01721975: tags=0 desc=8 img=hi
[enrich] 5904/10500 RJ01721740: tags=0 desc=8 img=hi
[cache] RJ01694568
[enrich] 5905/10500 RJ01694568: tags=6 desc=299 img=hi [cached]
[cache] RJ01724620
[enrich] 5906/10500 RJ01724620: tags=6 desc=294 img=hi [cached]
[cache] RJ01724610
[enrich] 5907/10500 RJ01724610: tags=5 desc=137 img=hi [cached]
[cache] RJ01724554
[enrich] 5908/10500 RJ01724554: tags=3 desc=178 img=hi [cached]
[cache] RJ01724551
[enrich] 5909/10500 RJ01724551: tags=3 desc=198 img=hi [cached]
[cache] RJ01724485
[enrich] 5910/10500 RJ01724485: tags=6 desc=452 img=hi [cached]
[cache] RJ01724475
[enrich] 5911/10500 RJ01724475: tags=5 desc=115 img=hi [cached]
[cache] RJ01724397
[enrich] 5912/10500 RJ01724397: tags=4 desc=172 img=hi [cached]
[cache] RJ01724360
[enrich] 5913/10500 RJ01724360: tags=6 desc=730 img=hi [cached]
[cache] RJ01724275
[enrich] 5914/10500 RJ01724275: tags=6 desc=305 img=hi [cached]
[cache] RJ01724262
[enrich] 5915/10500 RJ01724262: tags=6 desc=50 img=hi [cached]
[cache] RJ01723828
[enrich] 5916/10500 RJ01723828: tags=6 desc=156 img=hi [cached]
[cache] RJ01723184
[enrich] 5917/10500 RJ01723184: tags=6 desc=608 img=hi [cached]
[cache] RJ01723166
[enrich] 5918/10500 RJ01723166: tags=6 desc=202 img=hi [cached]
[enrich] 5919/10500 RJ01723157: tags=5 desc=11 img=hi
[cache] RJ01723155
[enrich] 5920/10500 RJ01723155: tags=6 desc=79 img=hi [cached]
[cache] RJ01723078
[enrich] 5921/10500 RJ01723078: tags=2 desc=264 img=hi [cached]
[cache] RJ01722948
[enrich] 5922/10500 RJ01722948: tags=6 desc=786 img=hi [cached]
[cache] RJ01722447
[enrich] 5923/10500 RJ01722447: tags=6 desc=1122 img=hi [cached]
[enrich] 5924/10500 RJ01721722: tags=0 desc=8 img=hi
[enrich] 5925/10500 RJ01721480: tags=0 desc=8 img=hi
[save] partial 5925/10500: 10500 works → /workspace/dlsite-promo-site/data/works.json
[enrich] 5926/10500 RJ01721395: tags=0 desc=8 img=hi
[enrich] 5927/10500 RJ01721377: tags=0 desc=8 img=hi
[enrich] 5928/10500 RJ01721370: tags=0 desc=8 img=hi
[enrich] 5929/10500 RJ01721056: tags=0 desc=8 img=hi
[enrich] 5930/10500 RJ01720979: tags=0 desc=8 img=hi
[cache] RJ01720798
[enrich] 5931/10500 RJ01720798: tags=6 desc=348 img=hi [cached]
[enrich] 5932/10500 RJ01720702: tags=0 desc=8 img=hi
[cache] RJ01720584
[enrich] 5933/10500 RJ01720584: tags=6 desc=582 img=hi [cached]
[enrich] 5934/10500 RJ01719408: tags=0 desc=8 img=hi
[enrich] 5935/10500 RJ01719237: tags=0 desc=8 img=hi
[cache] RJ01719236
[enrich] 5936/10500 RJ01719236: tags=3 desc=109 img=hi [cached]
[cache] RJ01717091
[enrich] 5937/10500 RJ01717091: tags=6 desc=565 img=hi [cached]
[enrich] 5938/10500 RJ01717076: tags=5 desc=23 img=hi
[cache] RJ01716999
[enrich] 5939/10500 RJ01716999: tags=6 desc=328 img=hi [cached]
[cache] RJ01716563
[enrich] 5940/10500 RJ01716563: tags=1 desc=149 img=hi [cached]
[cache] RJ01715886
[enrich] 5941/10500 RJ01715886: tags=6 desc=146 img=hi [cached]
[enrich] 5942/10500 RJ01713436: tags=0 desc=8 img=hi
[enrich] 5943/10500 RJ01710671: tags=0 desc=8 img=hi
[enrich] 5944/10500 RJ01704123: tags=0 desc=8 img=hi
[cache] RJ01703382
[enrich] 5945/10500 RJ01703382: tags=6 desc=46 img=hi [cached]
[cache] RJ01696169
[enrich] 5946/10500 RJ01696169: tags=6 desc=320 img=hi [cached]
[cache] RJ01677390
[enrich] 5947/10500 RJ01677390: tags=6 desc=135 img=hi [cached]
[cache] RJ01665054
[enrich] 5948/10500 RJ01665054: tags=4 desc=119 img=hi [cached]
[cache] RJ01639524
[enrich] 5949/10500 RJ01639524: tags=6 desc=680 img=hi [cached]
[enrich] 5950/10500 RJ01710445: tags=0 desc=8 img=hi
[save] partial 5950/10500: 10500 works → /workspace/dlsite-promo-site/data/works.json
[cache] RJ01664416
[enrich] 5951/10500 RJ01664416: tags=6 desc=652 img=hi [cached]
[cache] RJ01685047
[enrich] 5952/10500 RJ01685047: tags=6 desc=300 img=hi [cached]
[cache] RJ01719981
[enrich] 5953/10500 RJ01719981: tags=6 desc=378 img=hi [cached]
[enrich] 5954/10500 RJ01715695: tags=0 desc=8 img=hi
[cache] RJ01707396
[enrich] 5955/10500 RJ01707396: tags=2 desc=492 img=hi [cached]
[cache] RJ01446659
[enrich] 5956/10500 RJ01446659: tags=6 desc=1123 img=hi [cached]
[cache] RJ01672231
[enrich] 5957/10500 RJ01672231: tags=6 desc=77 img=hi [cached]
[cache] RJ01714878
[enrich] 5958/10500 RJ01714878: tags=4 desc=218 img=hi [cached]
[cache] RJ01695961
[enrich] 5959/10500 RJ01695961: tags=6 desc=343 img=hi [cached]
[cache] RJ01670491
[enrich] 5960/10500 RJ01670491: tags=6 desc=348 img=hi [cached]
[cache] RJ01678192
[enrich] 5961/10500 RJ01678192: tags=6 desc=371 img=hi [cached]
[cache] RJ01656339
[enrich] 5962/10500 RJ01656339: tags=6 desc=141 img=hi [cached]
[cache] RJ01704972
[enrich] 5963/10500 RJ01704972: tags=6 desc=229 img=hi [cached]
[cache] RJ01706027
[enrich] 5964/10500 RJ01706027: tags=4 desc=115 img=hi [cached]
[cache] RJ01707380
[enrich] 5965/10500 RJ01707380: tags=2 desc=400 img=hi [cached]
[cache] RJ01664799
[enrich] 5966/10500 RJ01664799: tags=6 desc=201 img=hi [cached]
[cache] RJ01681370
[enrich] 5967/10500 RJ01681370: tags=4 desc=112 img=hi [cached]
[cache] RJ01719272
[enrich] 5968/10500 RJ01719272: tags=6 desc=87 img=hi [cached]
[cache] RJ01710231
[enrich] 5969/10500 RJ01710231: tags=5 desc=408 img=hi [cached]
[cache] RJ01708322
[enrich] 5970/10500 RJ01708322: tags=6 desc=262 img=hi [cached]
[cache] RJ01702414
[enrich] 5971/10500 RJ01702414: tags=6 desc=91 img=hi [cached]
[cache] RJ01699911
[enrich] 5972/10500 RJ01699911: tags=6 desc=266 img=hi [cached]
[cache] RJ01699832
[enrich] 5973/10500 RJ01699832: tags=6 desc=285 img=hi [cached]
[cache] RJ01707900
[enrich] 5974/10500 RJ01707900: tags=6 desc=392 img=hi [cached]
[cache] RJ01699878
[enrich] 5975/10500 RJ01699878: tags=1 desc=173 img=hi [cached]
[save] partial 5975/10500: 10500 works → /workspace/dlsite-promo-site/data/works.json
[cache] RJ01683790
[enrich] 5976/10500 RJ01683790: tags=6 desc=236 img=hi [cached]
[cache] RJ01705303
[enrich] 5977/10500 RJ01705303: tags=4 desc=85 img=hi [cached]
[cache] RJ01716606
[enrich] 5978/10500 RJ01716606: tags=6 desc=981 img=hi [cached]
[enrich] 5979/10500 RJ01708228: tags=0 desc=8 img=hi
[enrich] 5980/10500 RJ01705329: tags=0 desc=8 img=hi
[cache] RJ01664776
[enrich] 5981/10500 RJ01664776: tags=6 desc=368 img=hi [cached]
[cache] RJ01717279
[enrich] 5982/10500 RJ01717279: tags=6 desc=133 img=hi [cached]
[cache] RJ01712061
[enrich] 5983/10500 RJ01712061: tags=6 desc=159 img=hi [cached]
[cache] RJ01648369
[enrich] 5984/10500 RJ01648369: tags=6 desc=2699 img=hi [cached]
[cache] RJ01667532
[enrich] 5985/10500 RJ01667532: tags=6 desc=389 img=hi [cached]
[cache] RJ01701136
[enrich] 5986/10500 RJ01701136: tags=3 desc=1199 img=hi [cached]
[cache] RJ01667566
[enrich] 5987/10500 RJ01667566: tags=6 desc=1372 img=hi [cached]
[cache] RJ01677025
[enrich] 5988/10500 RJ01677025: tags=6 desc=4308 img=hi [cached]
[cache] RJ01684386
[enrich] 5989/10500 RJ01684386: tags=6 desc=4462 img=hi [cached]
[cache] RJ01645135
[enrich] 5990/10500 RJ01645135: tags=6 desc=1378 img=hi [cached]
[cache] RJ01652675
[enrich] 5991/10500 RJ01652675: tags=6 desc=977 img=hi [cached]
[cache] RJ01695370
[enrich] 5992/10500 RJ01695370: tags=6 desc=2234 img=hi [cached]
[cache] RJ01662363
[enrich] 5993/10500 RJ01662363: tags=6 desc=1393 img=hi [cached]
[cache] RJ01673082
[enrich] 5994/10500 RJ01673082: tags=6 desc=701 img=hi [cached]
[cache] RJ01707099
[enrich] 5995/10500 RJ01707099: tags=6 desc=2069 img=hi [cached]
[cache] RJ01653920
[enrich] 5996/10500 RJ01653920: tags=6 desc=848 img=hi [cached]
[cache] RJ01663609
[enrich] 5997/10500 RJ01663609: tags=6 desc=1887 img=hi [cached]
[cache] RJ01677735
[enrich] 5998/10500 RJ01677735: tags=6 desc=995 img=hi [cached]
[cache] RJ01667453
[enrich] 5999/10500 RJ01667453: tags=6 desc=277 img=hi [cached]
[cache] RJ01677500
[enrich] 6000/10500 RJ01677500: tags=6 desc=966 img=hi [cached]
[save] partial 6000/10500: 10500 works → /workspace/dlsite-promo-site/data/works.json
[cache] RJ01617916
[enrich] 6001/10500 RJ01617916: tags=6 desc=2801 img=hi [cached]
[cache] RJ01649454
[enrich] 6002/10500 RJ01649454: tags=6 desc=205 img=hi [cached]
[cache] RJ01656597
[enrich] 6003/10500 RJ01656597: tags=6 desc=3322 img=hi [cached]
[cache] RJ01653944
[enrich] 6004/10500 RJ01653944: tags=6 desc=1250 img=hi [cached]
[cache] RJ01711816
[enrich] 6005/10500 RJ01711816: tags=6 desc=2484 img=hi [cached]
[cache] RJ01533171
[enrich] 6006/10500 RJ01533171: tags=6 desc=648 img=hi [cached]
[cache] RJ01648545
[enrich] 6007/10500 RJ01648545: tags=4 desc=4185 img=hi [cached]
[cache] RJ01651916
[enrich] 6008/10500 RJ01651916: tags=6 desc=545 img=hi [cached]
[cache] RJ01668249
[enrich] 6009/10500 RJ01668249: tags=6 desc=2530 img=hi [cached]
[cache] RJ01701805
[enrich] 6010/10500 RJ01701805: tags=6 desc=431 img=hi [cached]
[cache] RJ01704047
[enrich] 6011/10500 RJ01704047: tags=6 desc=4161 img=hi [cached]
[cache] RJ01673216
[enrich] 6012/10500 RJ01673216: tags=6 desc=2358 img=hi [cached]
[cache] RJ01656697
[enrich] 6013/10500 RJ01656697: tags=6 desc=1088 img=hi [cached]
[cache] RJ01694777
[enrich] 6014/10500 RJ01694777: tags=6 desc=3259 img=hi [cached]
[cache] RJ01653437
[enrich] 6015/10500 RJ01653437: tags=6 desc=409 img=hi [cached]
[cache] RJ01632413
[enrich] 6016/10500 RJ01632413: tags=6 desc=2798 img=hi [cached]
[cache] RJ01680633
[enrich] 6017/10500 RJ01680633: tags=6 desc=764 img=hi [cached]
[cache] RJ01650240
[enrich] 6018/10500 RJ01650240: tags=6 desc=2424 img=hi [cached]
[cache] RJ01700890
[enrich] 6019/10500 RJ01700890: tags=6 desc=1187 img=hi [cached]
[cache] RJ01701214
[enrich] 6020/10500 RJ01701214: tags=6 desc=741 img=hi [cached]
[cache] RJ01659653
[enrich] 6021/10500 RJ01659653: tags=6 desc=1397 img=hi [cached]
[cache] RJ01611486
[enrich] 6022/10500 RJ01611486: tags=6 desc=2121 img=hi [cached]
[cache] RJ01611083
[enrich] 6023/10500 RJ01611083: tags=6 desc=693 img=hi [cached]
[cache] RJ01711117
[enrich] 6024/10500 RJ01711117: tags=4 desc=232 img=hi [cached]
[cache] RJ01677458
[enrich] 6025/10500 RJ01677458: tags=6 desc=2494 img=hi [cached]
[save] partial 6025/10500: 10500 works → /workspace/dlsite-promo-site/data/works.json
[cache] RJ01677421
[enrich] 6026/10500 RJ01677421: tags=6 desc=1013 img=hi [cached]
[cache] RJ01659835
[enrich] 6027/10500 RJ01659835: tags=6 desc=2491 img=hi [cached]
[cache] RJ01680194
[enrich] 6028/10500 RJ01680194: tags=6 desc=2960 img=hi [cached]
[cache] RJ01655585
[enrich] 6029/10500 RJ01655585: tags=6 desc=2025 img=hi [cached]
[cache] RJ01672923
[enrich] 6030/10500 RJ01672923: tags=6 desc=1233 img=hi [cached]
[cache] RJ01711426
[enrich] 6031/10500 RJ01711426: tags=6 desc=1395 img=hi [cached]
[cache] RJ01694621
[enrich] 6032/10500 RJ01694621: tags=6 desc=882 img=hi [cached]
[cache] RJ01705188
[enrich] 6033/10500 RJ01705188: tags=5 desc=865 img=hi [cached]
[cache] RJ01684254
[enrich] 6034/10500 RJ01684254: tags=6 desc=1808 img=hi [cached]
[cache] RJ01646431
[enrich] 6035/10500 RJ01646431: tags=6 desc=927 img=hi [cached]
[cache] RJ01662167
[enrich] 6036/10500 RJ01662167: tags=6 desc=427 img=hi [cached]
[cache] RJ01648860
[enrich] 6037/10500 RJ01648860: tags=6 desc=517 img=hi [cached]
[cache] RJ01665300
[enrich] 6038/10500 RJ01665300: tags=6 desc=1873 img=hi [cached]
[cache] RJ01635549
[enrich] 6039/10500 RJ01635549: tags=6 desc=723 img=hi [cached]
[enrich] 6040/10500 RJ01670957: tags=0 desc=8 img=hi
[cache] RJ01678657
[enrich] 6041/10500 RJ01678657: tags=4 desc=466 img=hi [cached]
[cache] RJ01645405
[enrich] 6042/10500 RJ01645405: tags=6 desc=1812 img=hi [cached]
[cache] RJ01664639
[enrich] 6043/10500 RJ01664639: tags=6 desc=824 img=hi [cached]
[cache] RJ01497368
[enrich] 6044/10500 RJ01497368: tags=6 desc=442 img=hi [cached]
[cache] RJ01670740
[enrich] 6045/10500 RJ01670740: tags=6 desc=1203 img=hi [cached]
[cache] RJ01604592
[enrich] 6046/10500 RJ01604592: tags=6 desc=2071 img=hi [cached]
[cache] RJ01673232
[enrich] 6047/10500 RJ01673232: tags=6 desc=636 img=hi [cached]
[cache] RJ01675314
[enrich] 6048/10500 RJ01675314: tags=6 desc=1073 img=hi [cached]
[cache] RJ01684382
[enrich] 6049/10500 RJ01684382: tags=6 desc=681 img=hi [cached]
[cache] RJ01681790
[enrich] 6050/10500 RJ01681790: tags=5 desc=4009 img=hi [cached]
[save] partial 6050/10500: 10500 works → /workspace/dlsite-promo-site/data/works.json
[cache] RJ01652947
[enrich] 6051/10500 RJ01652947: tags=6 desc=999 img=hi [cached]
[cache] RJ01496317
[enrich] 6052/10500 RJ01496317: tags=6 desc=1086 img=hi [cached]
[cache] RJ01668710
[enrich] 6053/10500 RJ01668710: tags=6 desc=1078 img=hi [cached]
[enrich] 6054/10500 RJ01576207: tags=0 desc=8 img=hi
[cache] RJ01619075
[enrich] 6055/10500 RJ01619075: tags=6 desc=352 img=hi [cached]
[cache] RJ01662037
[enrich] 6056/10500 RJ01662037: tags=3 desc=739 img=hi [cached]
[cache] RJ01669464
[enrich] 6057/10500 RJ01669464: tags=6 desc=1282 img=hi [cached]
[cache] RJ01683857
[enrich] 6058/10500 RJ01683857: tags=4 desc=502 img=hi [cached]
[cache] RJ01662156
[enrich] 6059/10500 RJ01662156: tags=6 desc=464 img=hi [cached]
[cache] RJ01661962
[enrich] 6060/10500 RJ01661962: tags=6 desc=678 img=hi [cached]
[cache] RJ01700161
[enrich] 6061/10500 RJ01700161: tags=6 desc=561 img=hi [cached]
[cache] RJ01569088
[enrich] 6062/10500 RJ01569088: tags=6 desc=2465 img=hi [cached]
[cache] RJ01557983
[enrich] 6063/10500 RJ01557983: tags=6 desc=1201 img=hi [cached]
[cache] RJ01341377
[enrich] 6064/10500 RJ01341377: tags=6 desc=899 img=hi [cached]
[cache] RJ01637696
[enrich] 6065/10500 RJ01637696: tags=6 desc=339 img=hi [cached]
[cache] RJ01406717
[enrich] 6066/10500 RJ01406717: tags=6 desc=1428 img=hi [cached]
[cache] RJ01618040
[enrich] 6067/10500 RJ01618040: tags=6 desc=603 img=hi [cached]
[cache] RJ01610314
[enrich] 6068/10500 RJ01610314: tags=6 desc=1254 img=hi [cached]
[cache] RJ01181254
[enrich] 6069/10500 RJ01181254: tags=6 desc=978 img=hi [cached]
[cache] RJ244463
[enrich] 6070/10500 RJ244463: tags=6 desc=969 img=hi [cached]
[cache] RJ270287
[enrich] 6071/10500 RJ270287: tags=6 desc=1937 img=hi [cached]
[cache] RJ291173
[enrich] 6072/10500 RJ291173: tags=6 desc=2254 img=hi [cached]
[cache] RJ369279
[enrich] 6073/10500 RJ369279: tags=4 desc=395 img=hi [cached]
[cache] RJ317909
[enrich] 6074/10500 RJ317909: tags=6 desc=518 img=hi [cached]
[cache] RJ178087
[enrich] 6075/10500 RJ178087: tags=6 desc=1816 img=hi [cached]
[save] partial 6075/10500: 10500 works → /workspace/dlsite-promo-site/data/works.json
[cache] RJ01158544
[enrich] 6076/10500 RJ01158544: tags=6 desc=1018 img=hi [cached]
[cache] RJ204914
[enrich] 6077/10500 RJ204914: tags=5 desc=791 img=hi [cached]
[cache] RJ163404
[enrich] 6078/10500 RJ163404: tags=3 desc=718 img=hi [cached]
[cache] RJ01277141
[enrich] 6079/10500 RJ01277141: tags=6 desc=671 img=hi [cached]
[cache] RJ318252
[enrich] 6080/10500 RJ318252: tags=6 desc=452 img=hi [cached]
[cache] RJ01039862
[enrich] 6081/10500 RJ01039862: tags=6 desc=525 img=hi [cached]
[cache] RJ237392
[enrich] 6082/10500 RJ237392: tags=5 desc=905 img=hi [cached]
[cache] RJ413487
[enrich] 6083/10500 RJ413487: tags=6 desc=439 img=hi [cached]
[cache] RJ140888
[enrich] 6084/10500 RJ140888: tags=3 desc=804 img=hi [cached]
[cache] RJ01407907
[enrich] 6085/10500 RJ01407907: tags=4 desc=1675 img=hi [cached]
[cache] RJ01056952
[enrich] 6086/10500 RJ01056952: tags=6 desc=666 img=hi [cached]
[cache] RJ01050126
[enrich] 6087/10500 RJ01050126: tags=6 desc=760 img=hi [cached]
[cache] RJ346198
[enrich] 6088/10500 RJ346198: tags=6 desc=1035 img=hi [cached]
[cache] RJ01465553
[enrich] 6089/10500 RJ01465553: tags=4 desc=1220 img=hi [cached]
[cache] RJ180674
[enrich] 6090/10500 RJ180674: tags=6 desc=1289 img=hi [cached]
[cache] RJ419323
[enrich] 6091/10500 RJ419323: tags=6 desc=1773 img=hi [cached]
[cache] RJ222336
[enrich] 6092/10500 RJ222336: tags=6 desc=976 img=hi [cached]
[cache] RJ298301
[enrich] 6093/10500 RJ298301: tags=6 desc=2200 img=hi [cached]
[cache] RJ320800
[enrich] 6094/10500 RJ320800: tags=6 desc=1652 img=hi [cached]
[cache] RJ01144367
[enrich] 6095/10500 RJ01144367: tags=6 desc=1208 img=hi [cached]
[cache] RJ325903
[enrich] 6096/10500 RJ325903: tags=2 desc=420 img=hi [cached]
[cache] RJ343524
[enrich] 6097/10500 RJ343524: tags=3 desc=1898 img=hi [cached]
[cache] RJ01136937
[enrich] 6098/10500 RJ01136937: tags=6 desc=1296 img=hi [cached]
[cache] RJ217729
[enrich] 6099/10500 RJ217729: tags=6 desc=1565 img=hi [cached]
[cache] RJ180292
[enrich] 6100/10500 RJ180292: tags=6 desc=1132 img=hi [cached]
[save] partial 6100/10500: 10500 works → /workspace/dlsite-promo-site/data/works.json
[cache] RJ01170422
[enrich] 6101/10500 RJ01170422: tags=6 desc=884 img=hi [cached]
[cache] RJ196614
[enrich] 6102/10500 RJ196614: tags=6 desc=943 img=hi [cached]
[cache] RJ01058214
[enrich] 6103/10500 RJ01058214: tags=6 desc=1003 img=hi [cached]
[cache] RJ436897
[enrich] 6104/10500 RJ436897: tags=6 desc=518 img=hi [cached]
[cache] RJ306508
[enrich] 6105/10500 RJ306508: tags=6 desc=3127 img=hi [cached]
[cache] RJ298298
[enrich] 6106/10500 RJ298298: tags=6 desc=2844 img=hi [cached]
[cache] RJ135368
[enrich] 6107/10500 RJ135368: tags=4 desc=995 img=hi [cached]
[cache] RJ341232
[enrich] 6108/10500 RJ341232: tags=5 desc=1850 img=hi [cached]
[cache] RJ141637
[enrich] 6109/10500 RJ141637: tags=4 desc=446 img=hi [cached]
[cache] RJ369276
[enrich] 6110/10500 RJ369276: tags=3 desc=541 img=hi [cached]
[cache] RJ298289
[enrich] 6111/10500 RJ298289: tags=6 desc=3217 img=hi [cached]
[cache] RJ277373
[enrich] 6112/10500 RJ277373: tags=6 desc=2319 img=hi [cached]
[cache] RJ254935
[enrich] 6113/10500 RJ254935: tags=6 desc=1876 img=hi [cached]
[cache] RJ337472
[enrich] 6114/10500 RJ337472: tags=6 desc=1803 img=hi [cached]
[cache] RJ395291
[enrich] 6115/10500 RJ395291: tags=3 desc=1590 img=hi [cached]
[cache] RJ369274
[enrich] 6116/10500 RJ369274: tags=3 desc=686 img=hi [cached]
[cache] RJ289537
[enrich] 6117/10500 RJ289537: tags=6 desc=1593 img=hi [cached]
[cache] RJ307198
[enrich] 6118/10500 RJ307198: tags=5 desc=1636 img=hi [cached]
[cache] RJ327329
[enrich] 6119/10500 RJ327329: tags=6 desc=362 img=hi [cached]
[cache] RJ341185
[enrich] 6120/10500 RJ341185: tags=5 desc=1854 img=hi [cached]
[cache] RJ178707
[enrich] 6121/10500 RJ178707: tags=5 desc=651 img=hi [cached]
[cache] RJ225946
[enrich] 6122/10500 RJ225946: tags=6 desc=1080 img=hi [cached]
[cache] RJ01057538
[enrich] 6123/10500 RJ01057538: tags=5 desc=465 img=hi [cached]
[cache] RJ221761
[enrich] 6124/10500 RJ221761: tags=5 desc=922 img=hi [cached]
[cache] RJ181758
[enrich] 6125/10500 RJ181758: tags=6 desc=940 img=hi [cached]
[save] partial 6125/10500: 10500 works → /workspace/dlsite-promo-site/data/works.json
[cache] RJ332632
[enrich] 6126/10500 RJ332632: tags=6 desc=1620 img=hi [cached]
[cache] RJ228373
[enrich] 6127/10500 RJ228373: tags=4 desc=353 img=hi [cached]
[cache] RJ01358981
[enrich] 6128/10500 RJ01358981: tags=5 desc=881 img=hi [cached]
[cache] RJ298302
[enrich] 6129/10500 RJ298302: tags=6 desc=2052 img=hi [cached]
[cache] RJ219975
[enrich] 6130/10500 RJ219975: tags=5 desc=426 img=hi [cached]
[cache] RJ240245
[enrich] 6131/10500 RJ240245: tags=3 desc=236 img=hi [cached]
[cache] RJ239188
[enrich] 6132/10500 RJ239188: tags=4 desc=381 img=hi [cached]
[cache] RJ01311434
[enrich] 6133/10500 RJ01311434: tags=6 desc=1005 img=hi [cached]
[cache] RJ130931
[enrich] 6134/10500 RJ130931: tags=1 desc=1056 img=hi [cached]
[cache] RJ01298374
[enrich] 6135/10500 RJ01298374: tags=5 desc=1058 img=hi [cached]
[cache] RJ075714
[enrich] 6136/10500 RJ075714: tags=3 desc=571 img=hi [cached]
[cache] RJ294735
[enrich] 6137/10500 RJ294735: tags=6 desc=1042 img=hi [cached]
[cache] RJ198242
[enrich] 6138/10500 RJ198242: tags=6 desc=1088 img=hi [cached]
[cache] RJ234286
[enrich] 6139/10500 RJ234286: tags=6 desc=897 img=hi [cached]
[cache] RJ321399
[enrich] 6140/10500 RJ321399: tags=6 desc=356 img=hi [cached]
[cache] RJ01315670
[enrich] 6141/10500 RJ01315670: tags=3 desc=1782 img=None [cached]
[cache] RJ01377420
[enrich] 6142/10500 RJ01377420: tags=6 desc=885 img=hi [cached]
[cache] RJ01008141
[enrich] 6143/10500 RJ01008141: tags=6 desc=214 img=hi [cached]
[cache] RJ229849
[enrich] 6144/10500 RJ229849: tags=5 desc=1420 img=hi [cached]
[cache] RJ298291
[enrich] 6145/10500 RJ298291: tags=6 desc=2722 img=hi [cached]
[cache] RJ156208
[enrich] 6146/10500 RJ156208: tags=6 desc=927 img=hi [cached]
[cache] RJ01081964
[enrich] 6147/10500 RJ01081964: tags=6 desc=339 img=hi [cached]
[cache] RJ01231503
[enrich] 6148/10500 RJ01231503: tags=6 desc=1208 img=hi [cached]
[cache] RJ01070889
[enrich] 6149/10500 RJ01070889: tags=6 desc=1147 img=hi [cached]
[cache] RJ369257
[enrich] 6150/10500 RJ369257: tags=3 desc=586 img=hi [cached]
[save] partial 6150/10500: 10500 works → /workspace/dlsite-promo-site/data/works.json
[cache] RJ410802
[enrich] 6151/10500 RJ410802: tags=6 desc=198 img=hi [cached]
[cache] RJ369277
[enrich] 6152/10500 RJ369277: tags=3 desc=384 img=hi [cached]
[cache] RJ01143070
[enrich] 6153/10500 RJ01143070: tags=6 desc=1037 img=hi [cached]
[cache] RJ146739
[enrich] 6154/10500 RJ146739: tags=5 desc=1416 img=hi [cached]
[cache] RJ336978
[enrich] 6155/10500 RJ336978: tags=6 desc=1388 img=hi [cached]
[cache] RJ01026406
[enrich] 6156/10500 RJ01026406: tags=3 desc=208 img=hi [cached]
[cache] RJ396635
[enrich] 6157/10500 RJ396635: tags=6 desc=1259 img=hi [cached]
[cache] RJ434978
[enrich] 6158/10500 RJ434978: tags=6 desc=1190 img=hi [cached]
[cache] RJ298303
[enrich] 6159/10500 RJ298303: tags=6 desc=1891 img=hi [cached]
[cache] RJ146497
[enrich] 6160/10500 RJ146497: tags=4 desc=1022 img=hi [cached]
[cache] RJ01320886
[enrich] 6161/10500 RJ01320886: tags=0 desc=44 img=hi [cached]
[cache] RJ029855
[enrich] 6162/10500 RJ029855: tags=3 desc=233 img=hi [cached]
[cache] RJ344518
[enrich] 6163/10500 RJ344518: tags=6 desc=1813 img=hi [cached]
[cache] RJ277383
[enrich] 6164/10500 RJ277383: tags=6 desc=2001 img=hi [cached]
[cache] RJ371810
[enrich] 6165/10500 RJ371810: tags=6 desc=347 img=hi [cached]
[cache] RJ022073
[enrich] 6166/10500 RJ022073: tags=6 desc=688 img=hi [cached]
[cache] RJ01226088
[enrich] 6167/10500 RJ01226088: tags=6 desc=1175 img=hi [cached]
[cache] RJ313219
[enrich] 6168/10500 RJ313219: tags=6 desc=449 img=hi [cached]
[cache] RJ01067493
[enrich] 6169/10500 RJ01067493: tags=5 desc=1311 img=hi [cached]
[cache] RJ311809
[enrich] 6170/10500 RJ311809: tags=6 desc=1559 img=hi [cached]
[cache] RJ01019074
[enrich] 6171/10500 RJ01019074: tags=2 desc=571 img=hi [cached]
[cache] RJ291567
[enrich] 6172/10500 RJ291567: tags=6 desc=1798 img=hi [cached]
[cache] RJ343502
[enrich] 6173/10500 RJ343502: tags=6 desc=336 img=hi [cached]
[cache] RJ158551
[enrich] 6174/10500 RJ158551: tags=3 desc=1038 img=hi [cached]
[cache] RJ373001
[enrich] 6175/10500 RJ373001: tags=6 desc=1182 img=hi [cached]
[save] partial 6175/10500: 10500 works → /workspace/dlsite-promo-site/data/works.json
[cache] RJ347647
[enrich] 6176/10500 RJ347647: tags=6 desc=354 img=hi [cached]
[cache] RJ01006564
[enrich] 6177/10500 RJ01006564: tags=6 desc=343 img=hi [cached]
[cache] RJ329309
[enrich] 6178/10500 RJ329309: tags=6 desc=1556 img=hi [cached]
[cache] RJ01086051
[enrich] 6179/10500 RJ01086051: tags=6 desc=1081 img=hi [cached]
[cache] RJ214234
[enrich] 6180/10500 RJ214234: tags=5 desc=1080 img=hi [cached]
[cache] RJ01136878
[enrich] 6181/10500 RJ01136878: tags=6 desc=1107 img=hi [cached]
[cache] RJ186386
[enrich] 6182/10500 RJ186386: tags=6 desc=365 img=hi [cached]
[cache] RJ210450
[enrich] 6183/10500 RJ210450: tags=5 desc=175 img=hi [cached]
[cache] RJ01063891
[enrich] 6184/10500 RJ01063891: tags=4 desc=821 img=hi [cached]
[cache] RJ01092216
[enrich] 6185/10500 RJ01092216: tags=6 desc=1033 img=hi [cached]
[cache] RJ335015
[enrich] 6186/10500 RJ335015: tags=6 desc=526 img=hi [cached]
[cache] RJ284370
[enrich] 6187/10500 RJ284370: tags=6 desc=1745 img=hi [cached]
[cache] RJ220032
[enrich] 6188/10500 RJ220032: tags=6 desc=1328 img=hi [cached]
[cache] RJ01113986
[enrich] 6189/10500 RJ01113986: tags=6 desc=665 img=hi [cached]
[cache] RJ355048
[enrich] 6190/10500 RJ355048: tags=6 desc=1759 img=hi [cached]
[cache] RJ233670
[enrich] 6191/10500 RJ233670: tags=6 desc=1811 img=hi [cached]
[cache] RJ221416
[enrich] 6192/10500 RJ221416: tags=5 desc=333 img=hi [cached]
[cache] RJ404225
[enrich] 6193/10500 RJ404225: tags=6 desc=1170 img=hi [cached]
[cache] RJ366058
[enrich] 6194/10500 RJ366058: tags=3 desc=182 img=hi [cached]
[cache] RJ136105
[enrich] 6195/10500 RJ136105: tags=3 desc=820 img=hi [cached]
[cache] RJ01358568
[enrich] 6196/10500 RJ01358568: tags=5 desc=1443 img=hi [cached]
[cache] RJ01006563
[enrich] 6197/10500 RJ01006563: tags=6 desc=346 img=hi [cached]
[cache] RJ299666
[enrich] 6198/10500 RJ299666: tags=6 desc=1427 img=hi [cached]
[cache] RJ163177
[enrich] 6199/10500 RJ163177: tags=6 desc=793 img=hi [cached]
[cache] RJ352846
[enrich] 6200/10500 RJ352846: tags=6 desc=354 img=hi [cached]
[save] partial 6200/10500: 10500 works → /workspace/dlsite-promo-site/data/works.json
[cache] RJ01256625
[enrich] 6201/10500 RJ01256625: tags=6 desc=1047 img=hi [cached]
[cache] RJ295385
[enrich] 6202/10500 RJ295385: tags=6 desc=971 img=hi [cached]
[cache] RJ201978
[enrich] 6203/10500 RJ201978: tags=6 desc=1804 img=hi [cached]
[cache] RJ01109172
[enrich] 6204/10500 RJ01109172: tags=6 desc=1085 img=hi [cached]
[cache] RJ01228590
[enrich] 6205/10500 RJ01228590: tags=6 desc=1219 img=hi [cached]
[cache] RJ294127
[enrich] 6206/10500 RJ294127: tags=6 desc=1873 img=hi [cached]
[cache] RJ210062
[enrich] 6207/10500 RJ210062: tags=6 desc=1441 img=hi [cached]
[cache] RJ132167
[enrich] 6208/10500 RJ132167: tags=1 desc=1235 img=hi [cached]
[cache] RJ291569
[enrich] 6209/10500 RJ291569: tags=6 desc=49 img=hi [cached]
[cache] RJ287399
[enrich] 6210/10500 RJ287399: tags=6 desc=687 img=hi [cached]
[cache] RJ392399
[enrich] 6211/10500 RJ392399: tags=6 desc=455 img=hi [cached]
[cache] RJ323054
[enrich] 6212/10500 RJ323054: tags=6 desc=403 img=hi [cached]
[cache] RJ240866
[enrich] 6213/10500 RJ240866: tags=5 desc=1658 img=hi [cached]
[cache] RJ298299
[enrich] 6214/10500 RJ298299: tags=6 desc=2838 img=hi [cached]
[cache] RJ328178
[enrich] 6215/10500 RJ328178: tags=6 desc=1734 img=hi [cached]
[cache] RJ296831
[enrich] 6216/10500 RJ296831: tags=1 desc=3390 img=hi [cached]
[cache] RJ082266
[enrich] 6217/10500 RJ082266: tags=5 desc=542 img=hi [cached]
[cache] RJ332614
[enrich] 6218/10500 RJ332614: tags=4 desc=1404 img=hi [cached]
[cache] RJ340922
[enrich] 6219/10500 RJ340922: tags=6 desc=333 img=hi [cached]
[cache] RJ131238
[enrich] 6220/10500 RJ131238: tags=2 desc=311 img=hi [cached]
[cache] RJ228357
[enrich] 6221/10500 RJ228357: tags=2 desc=897 img=hi [cached]
[cache] RJ01099282
[enrich] 6222/10500 RJ01099282: tags=6 desc=1133 img=hi [cached]
[cache] RJ331573
[enrich] 6223/10500 RJ331573: tags=6 desc=331 img=hi [cached]
[cache] RJ292773
[enrich] 6224/10500 RJ292773: tags=6 desc=484 img=hi [cached]
[cache] RJ01110827
[enrich] 6225/10500 RJ01110827: tags=6 desc=1005 img=hi [cached]
[save] partial 6225/10500: 10500 works → /workspace/dlsite-promo-site/data/works.json
[cache] RJ367663
[enrich] 6226/10500 RJ367663: tags=6 desc=2230 img=hi [cached]
[cache] RJ01360841
[enrich] 6227/10500 RJ01360841: tags=5 desc=1291 img=hi [cached]
[cache] RJ01364950
[enrich] 6228/10500 RJ01364950: tags=3 desc=114 img=hi [cached]
[cache] RJ413483
[enrich] 6229/10500 RJ413483: tags=6 desc=608 img=hi [cached]
[cache] RJ223041
[enrich] 6230/10500 RJ223041: tags=5 desc=347 img=hi [cached]
[cache] RJ01267337
[enrich] 6231/10500 RJ01267337: tags=5 desc=3333 img=hi [cached]
[cache] RJ01071733
[enrich] 6232/10500 RJ01071733: tags=6 desc=1340 img=hi [cached]
[cache] RJ167412
[enrich] 6233/10500 RJ167412: tags=6 desc=1352 img=hi [cached]
[cache] RJ298119
[enrich] 6234/10500 RJ298119: tags=6 desc=1323 img=hi [cached]
[cache] RJ01359587
[enrich] 6235/10500 RJ01359587: tags=6 desc=783 img=hi [cached]
[cache] RJ01470145
[enrich] 6236/10500 RJ01470145: tags=6 desc=775 img=hi [cached]
[cache] RJ01487550
[enrich] 6237/10500 RJ01487550: tags=5 desc=3626 img=hi [cached]
[cache] RJ01673835
[enrich] 6238/10500 RJ01673835: tags=6 desc=1268 img=hi [cached]
[cache] RJ01667760
[enrich] 6239/10500 RJ01667760: tags=2 desc=172 img=hi [cached]
[cache] RJ01609109
[enrich] 6240/10500 RJ01609109: tags=6 desc=1137 img=hi [cached]
[cache] RJ01665288
[enrich] 6241/10500 RJ01665288: tags=6 desc=391 img=hi [cached]
[cache] RJ01586667
[enrich] 6242/10500 RJ01586667: tags=6 desc=534 img=hi [cached]
[cache] RJ01678999
[enrich] 6243/10500 RJ01678999: tags=6 desc=856 img=hi [cached]
[cache] RJ01651722
[enrich] 6244/10500 RJ01651722: tags=6 desc=732 img=hi [cached]
[cache] RJ01507946
[enrich] 6245/10500 RJ01507946: tags=6 desc=982 img=hi [cached]
[cache] RJ01105808
[enrich] 6246/10500 RJ01105808: tags=6 desc=287 img=hi [cached]
[cache] RJ01532275
[enrich] 6247/10500 RJ01532275: tags=5 desc=109 img=hi [cached]
[cache] RJ01693002
[enrich] 6248/10500 RJ01693002: tags=3 desc=693 img=hi [cached]
[cache] RJ01596201
[enrich] 6249/10500 RJ01596201: tags=6 desc=730 img=hi [cached]
[cache] RJ01149177
[enrich] 6250/10500 RJ01149177: tags=6 desc=1130 img=hi [cached]
[save] partial 6250/10500: 10500 works → /workspace/dlsite-promo-site/data/works.json
[cache] RJ01690027
[enrich] 6251/10500 RJ01690027: tags=6 desc=279 img=hi [cached]
[cache] RJ01695859
[enrich] 6252/10500 RJ01695859: tags=2 desc=567 img=hi [cached]
[cache] RJ340839
[enrich] 6253/10500 RJ340839: tags=5 desc=162 img=hi [cached]
[cache] RJ01528635
[enrich] 6254/10500 RJ01528635: tags=6 desc=283 img=hi [cached]
[cache] RJ01706110
[enrich] 6255/10500 RJ01706110: tags=4 desc=121 img=hi [cached]
[cache] RJ01595700
[enrich] 6256/10500 RJ01595700: tags=6 desc=1098 img=hi [cached]
[cache] RJ01445914
[enrich] 6257/10500 RJ01445914: tags=6 desc=815 img=hi [cached]
[cache] RJ01661937
[enrich] 6258/10500 RJ01661937: tags=6 desc=1131 img=hi [cached]
[cache] RJ341120
[enrich] 6259/10500 RJ341120: tags=6 desc=1344 img=hi [cached]
[cache] RJ01480567
[enrich] 6260/10500 RJ01480567: tags=6 desc=981 img=hi [cached]
[cache] RJ01637161
[enrich] 6261/10500 RJ01637161: tags=4 desc=738 img=hi [cached]
[cache] RJ01503615
[enrich] 6262/10500 RJ01503615: tags=6 desc=364 img=hi [cached]
[cache] RJ01621397
[enrich] 6263/10500 RJ01621397: tags=6 desc=2088 img=hi [cached]
[cache] RJ01702531
[enrich] 6264/10500 RJ01702531: tags=1 desc=83 img=hi [cached]
[cache] RJ01507922
[enrich] 6265/10500 RJ01507922: tags=2 desc=443 img=hi [cached]
[cache] RJ01494763
[enrich] 6266/10500 RJ01494763: tags=6 desc=1012 img=hi [cached]
[cache] RJ352822
[enrich] 6267/10500 RJ352822: tags=6 desc=156 img=hi [cached]
[cache] RJ01167501
[enrich] 6268/10500 RJ01167501: tags=6 desc=2218 img=hi [cached]
[cache] RJ01522501
[enrich] 6269/10500 RJ01522501: tags=5 desc=997 img=hi [cached]
[cache] RJ01648261
[enrich] 6270/10500 RJ01648261: tags=6 desc=1769 img=hi [cached]
[cache] RJ01658569
[enrich] 6271/10500 RJ01658569: tags=6 desc=1808 img=hi [cached]
[cache] RJ01522942
[enrich] 6272/10500 RJ01522942: tags=6 desc=249 img=hi [cached]
[cache] RJ01657288
[enrich] 6273/10500 RJ01657288: tags=6 desc=867 img=hi [cached]
[cache] RJ01671645
[enrich] 6274/10500 RJ01671645: tags=6 desc=1291 img=hi [cached]
[cache] RJ01576789
[enrich] 6275/10500 RJ01576789: tags=6 desc=1027 img=hi [cached]
[save] partial 6275/10500: 10500 works → /workspace/dlsite-promo-site/data/works.json
[cache] RJ351915
[enrich] 6276/10500 RJ351915: tags=6 desc=1012 img=hi [cached]
[enrich] 6277/10500 RJ01692225: tags=5 desc=12 img=hi
[cache] RJ01689780
[enrich] 6278/10500 RJ01689780: tags=2 desc=76 img=hi [cached]
[cache] RJ01479892
[enrich] 6279/10500 RJ01479892: tags=5 desc=267 img=hi [cached]
[cache] RJ175323
[enrich] 6280/10500 RJ175323: tags=4 desc=723 img=hi [cached]
[cache] RJ01557714
[enrich] 6281/10500 RJ01557714: tags=6 desc=969 img=hi [cached]
[cache] RJ01575369
[enrich] 6282/10500 RJ01575369: tags=6 desc=981 img=hi [cached]
[cache] RJ331390
[enrich] 6283/10500 RJ331390: tags=5 desc=1370 img=hi [cached]
[cache] RJ01700658
[enrich] 6284/10500 RJ01700658: tags=6 desc=1422 img=hi [cached]
[cache] RJ01618072
[enrich] 6285/10500 RJ01618072: tags=6 desc=2196 img=hi [cached]
[cache] RJ104425
[enrich] 6286/10500 RJ104425: tags=5 desc=651 img=hi [cached]
[cache] RJ01721086
[enrich] 6287/10500 RJ01721086: tags=1 desc=1842 img=hi [cached]
[cache] RJ01720899
[enrich] 6288/10500 RJ01720899: tags=5 desc=197 img=hi [cached]
[cache] RJ01720744
[enrich] 6289/10500 RJ01720744: tags=6 desc=1020 img=hi [cached]
[enrich] 6290/10500 RJ01718079: tags=0 desc=8 img=hi
[enrich] 6291/10500 RJ01717776: tags=0 desc=8 img=hi
[enrich] 6292/10500 RJ01717764: tags=0 desc=8 img=hi
[cache] RJ01720847
[enrich] 6293/10500 RJ01720847: tags=2 desc=777 img=hi [cached]
[enrich] 6294/10500 RJ01716637: tags=0 desc=8 img=hi
[cache] RJ01716363
[enrich] 6295/10500 RJ01716363: tags=2 desc=109 img=hi [cached]
[cache] RJ01714265
[enrich] 6296/10500 RJ01714265: tags=3 desc=106 img=hi [cached]
[cache] RJ01697618
[enrich] 6297/10500 RJ01697618: tags=6 desc=249 img=hi [cached]
[cache] RJ01693992
[enrich] 6298/10500 RJ01693992: tags=3 desc=408 img=hi [cached]
[cache] RJ01720198
[enrich] 6299/10500 RJ01720198: tags=1 desc=1001 img=hi [cached]
[cache] RJ01720191
[enrich] 6300/10500 RJ01720191: tags=2 desc=984 img=hi [cached]
[save] partial 6300/10500: 10500 works → /workspace/dlsite-promo-site/data/works.json
[cache] RJ01720148
[enrich] 6301/10500 RJ01720148: tags=1 desc=849 img=hi [cached]
[cache] RJ01720140
[enrich] 6302/10500 RJ01720140: tags=0 desc=877 img=hi [cached]
[cache] RJ01720055
[enrich] 6303/10500 RJ01720055: tags=0 desc=3288 img=hi [cached]
[enrich] 6304/10500 RJ01717056: tags=0 desc=8 img=hi
[enrich] 6305/10500 RJ01716987: tags=0 desc=8 img=hi
[enrich] 6306/10500 RJ01716282: tags=0 desc=8 img=hi
[cache] RJ01719990
[enrich] 6307/10500 RJ01719990: tags=5 desc=340 img=hi [cached]
[cache] RJ01719957
[enrich] 6308/10500 RJ01719957: tags=6 desc=405 img=hi [cached]
[cache] RJ01719883
[enrich] 6309/10500 RJ01719883: tags=6 desc=473 img=hi [cached]
[cache] RJ01719636
[enrich] 6310/10500 RJ01719636: tags=6 desc=213 img=hi [cached]
[enrich] 6311/10500 RJ01716280: tags=0 desc=8 img=hi
[enrich] 6312/10500 RJ01715898: tags=0 desc=8 img=hi
[cache] RJ01687590
[enrich] 6313/10500 RJ01687590: tags=2 desc=220 img=hi [cached]
[cache] RJ01719992
[enrich] 6314/10500 RJ01719992: tags=1 desc=1882 img=hi [cached]
[cache] RJ01719938
[enrich] 6315/10500 RJ01719938: tags=0 desc=902 img=hi [cached]
[cache] RJ01719934
[enrich] 6316/10500 RJ01719934: tags=0 desc=1332 img=hi [cached]
[cache] RJ01719933
[enrich] 6317/10500 RJ01719933: tags=0 desc=810 img=hi [cached]
[cache] RJ01719891
[enrich] 6318/10500 RJ01719891: tags=0 desc=801 img=hi [cached]
[cache] RJ01719792
[enrich] 6319/10500 RJ01719792: tags=6 desc=1050 img=hi [cached]
[cache] RJ01719791
[enrich] 6320/10500 RJ01719791: tags=6 desc=1002 img=hi [cached]
[cache] RJ01719739
[enrich] 6321/10500 RJ01719739: tags=5 desc=1615 img=hi [cached]
[cache] RJ01719462
[enrich] 6322/10500 RJ01719462: tags=6 desc=1024 img=hi [cached]
[enrich] 6323/10500 RJ01716124: tags=0 desc=8 img=hi
[enrich] 6324/10500 RJ01715808: tags=0 desc=8 img=hi
[enrich] 6325/10500 RJ01715772: tags=0 desc=8 img=hi
[save] partial 6325/10500: 10500 works → /workspace/dlsite-promo-site/data/works.json
[cache] RJ01719300
[enrich] 6326/10500 RJ01719300: tags=6 desc=440 img=hi [cached]
[cache] RJ01719286
[enrich] 6327/10500 RJ01719286: tags=6 desc=498 img=hi [cached]
[cache] RJ01719241
[enrich] 6328/10500 RJ01719241: tags=6 desc=524 img=hi [cached]
[cache] RJ01718883
[enrich] 6329/10500 RJ01718883: tags=4 desc=1320 img=hi [cached]
[cache] RJ01718527
[enrich] 6330/10500 RJ01718527: tags=0 desc=1071 img=hi [cached]
[cache] RJ01718180
[enrich] 6331/10500 RJ01718180: tags=3 desc=228 img=hi [cached]
[enrich] 6332/10500 RJ01715658: tags=0 desc=8 img=hi
[enrich] 6333/10500 RJ01715404: tags=0 desc=8 img=hi
[cache] RJ01713559
[enrich] 6334/10500 RJ01713559: tags=5 desc=69 img=hi [cached]
[cache] RJ01713558
[enrich] 6335/10500 RJ01713558: tags=5 desc=65 img=hi [cached]
[cache] RJ01713556
[enrich] 6336/10500 RJ01713556: tags=5 desc=52 img=hi [cached]
[cache] RJ01713552
[enrich] 6337/10500 RJ01713552: tags=5 desc=56 img=hi [cached]
[cache] RJ01713520
[enrich] 6338/10500 RJ01713520: tags=5 desc=54 img=hi [cached]
[cache] RJ01713516
[enrich] 6339/10500 RJ01713516: tags=5 desc=41 img=hi [cached]
[cache] RJ01719229
[enrich] 6340/10500 RJ01719229: tags=6 desc=187 img=hi [cached]
[cache] RJ01719011
[enrich] 6341/10500 RJ01719011: tags=1 desc=587 img=hi [cached]
[cache] RJ01718863
[enrich] 6342/10500 RJ01718863: tags=4 desc=695 img=hi [cached]
[cache] RJ01718817
[enrich] 6343/10500 RJ01718817: tags=3 desc=1067 img=hi [cached]
[cache] RJ01718811
[enrich] 6344/10500 RJ01718811: tags=0 desc=153 img=hi [cached]
[cache] RJ01718800
[enrich] 6345/10500 RJ01718800: tags=3 desc=289 img=hi [cached]
[cache] RJ01718797
[enrich] 6346/10500 RJ01718797: tags=3 desc=237 img=hi [cached]
[enrich] 6347/10500 RJ01715187: tags=0 desc=8 img=hi
[enrich] 6348/10500 RJ01715178: tags=0 desc=8 img=hi
[enrich] 6349/10500 RJ01715175: tags=0 desc=8 img=hi
[enrich] 6350/10500 RJ01715153: tags=0 desc=8 img=hi
[save] partial 6350/10500: 10500 works → /workspace/dlsite-promo-site/data/works.json
[enrich] 6351/10500 RJ01715141: tags=0 desc=8 img=hi
[enrich] 6352/10500 RJ01715094: tags=0 desc=8 img=hi
[enrich] 6353/10500 RJ01714983: tags=0 desc=8 img=hi
[cache] RJ01718759
[enrich] 6354/10500 RJ01718759: tags=3 desc=214 img=hi [cached]
[cache] RJ01718716
[enrich] 6355/10500 RJ01718716: tags=3 desc=88 img=hi [cached]
[enrich] 6356/10500 RJ01718604: tags=1 desc=15 img=hi
[cache] RJ01718385
[enrich] 6357/10500 RJ01718385: tags=3 desc=139 img=hi [cached]
[cache] RJ01170536
[enrich] 6358/10500 RJ01170536: tags=6 desc=727 img=hi [cached]
[cache] RJ01117928
[enrich] 6359/10500 RJ01117928: tags=6 desc=356 img=hi [cached]
[cache] RJ01159458
[enrich] 6360/10500 RJ01159458: tags=5 desc=789 img=hi [cached]
[cache] RJ01117910
[enrich] 6361/10500 RJ01117910: tags=6 desc=513 img=hi [cached]
[cache] RJ01126122
[enrich] 6362/10500 RJ01126122: tags=6 desc=2144 img=hi [cached]
[cache] RJ01377905
[enrich] 6363/10500 RJ01377905: tags=5 desc=1007 img=hi [cached]
[cache] RJ01666108
[enrich] 6364/10500 RJ01666108: tags=3 desc=177 img=hi [cached]
[cache] RJ405313
[enrich] 6365/10500 RJ405313: tags=2 desc=738 img=hi [cached]
[cache] RJ01133528
[enrich] 6366/10500 RJ01133528: tags=6 desc=2079 img=hi [cached]
[cache] RJ01121102
[enrich] 6367/10500 RJ01121102: tags=6 desc=4288 img=hi [cached]
[cache] RJ01691194
[enrich] 6368/10500 RJ01691194: tags=4 desc=391 img=hi [cached]
[cache] RJ316100
[enrich] 6369/10500 RJ316100: tags=6 desc=2667 img=hi [cached]
[cache] RJ239196
[enrich] 6370/10500 RJ239196: tags=5 desc=2107 img=hi [cached]
[cache] RJ01322620
[enrich] 6371/10500 RJ01322620: tags=6 desc=822 img=hi [cached]
[cache] RJ399714
[enrich] 6372/10500 RJ399714: tags=6 desc=1049 img=hi [cached]
[cache] RJ01451234
[enrich] 6373/10500 RJ01451234: tags=6 desc=957 img=hi [cached]
[cache] RJ01274923
[enrich] 6374/10500 RJ01274923: tags=4 desc=1698 img=hi [cached]
[cache] RJ01585299
[enrich] 6375/10500 RJ01585299: tags=6 desc=1373 img=hi [cached]
[save] partial 6375/10500: 10500 works → /workspace/dlsite-promo-site/data/works.json
[cache] RJ434979
[enrich] 6376/10500 RJ434979: tags=6 desc=349 img=hi [cached]
[cache] RJ320999
[enrich] 6377/10500 RJ320999: tags=4 desc=519 img=hi [cached]
[cache] RJ310991
[enrich] 6378/10500 RJ310991: tags=4 desc=530 img=hi [cached]
[cache] RJ01279468
[enrich] 6379/10500 RJ01279468: tags=5 desc=708 img=hi [cached]
[cache] RJ01525745
[enrich] 6380/10500 RJ01525745: tags=6 desc=2283 img=hi [cached]
[cache] RJ01524879
[enrich] 6381/10500 RJ01524879: tags=6 desc=2271 img=hi [cached]
[cache] RJ01201321
[enrich] 6382/10500 RJ01201321: tags=6 desc=4489 img=hi [cached]
[cache] RJ01066118
[enrich] 6383/10500 RJ01066118: tags=6 desc=945 img=hi [cached]
[cache] RJ437927
[enrich] 6384/10500 RJ437927: tags=6 desc=1623 img=hi [cached]
[cache] RJ342046
[enrich] 6385/10500 RJ342046: tags=6 desc=214 img=hi [cached]
[cache] RJ313558
[enrich] 6386/10500 RJ313558: tags=6 desc=360 img=hi [cached]
[cache] RJ01609379
[enrich] 6387/10500 RJ01609379: tags=6 desc=1248 img=hi [cached]
[cache] RJ435811
[enrich] 6388/10500 RJ435811: tags=6 desc=1383 img=hi [cached]
[cache] RJ245025
[enrich] 6389/10500 RJ245025: tags=4 desc=281 img=hi [cached]
[cache] RJ01566487
[enrich] 6390/10500 RJ01566487: tags=6 desc=1966 img=hi [cached]
[cache] RJ01435634
[enrich] 6391/10500 RJ01435634: tags=6 desc=1588 img=hi [cached]
[cache] RJ01268175
[enrich] 6392/10500 RJ01268175: tags=6 desc=604 img=hi [cached]
[cache] RJ01019839
[enrich] 6393/10500 RJ01019839: tags=6 desc=361 img=hi [cached]
[cache] RJ01649942
[enrich] 6394/10500 RJ01649942: tags=6 desc=1639 img=hi [cached]
[cache] RJ01260043
[enrich] 6395/10500 RJ01260043: tags=6 desc=1724 img=hi [cached]
[cache] RJ01683539
[enrich] 6396/10500 RJ01683539: tags=6 desc=1693 img=hi [cached]
[cache] RJ296567
[enrich] 6397/10500 RJ296567: tags=2 desc=709 img=hi [cached]
[cache] RJ329222
[enrich] 6398/10500 RJ329222: tags=3 desc=778 img=hi [cached]
[cache] RJ419929
[enrich] 6399/10500 RJ419929: tags=1 desc=676 img=hi [cached]
[cache] RJ296558
[enrich] 6400/10500 RJ296558: tags=2 desc=850 img=hi [cached]
[save] partial 6400/10500: 10500 works → /workspace/dlsite-promo-site/data/works.json
[cache] RJ249928
[enrich] 6401/10500 RJ249928: tags=4 desc=931 img=hi [cached]
[cache] RJ237740
[enrich] 6402/10500 RJ237740: tags=4 desc=916 img=hi [cached]
[cache] RJ420281
[enrich] 6403/10500 RJ420281: tags=6 desc=1516 img=hi [cached]
[cache] RJ296776
[enrich] 6404/10500 RJ296776: tags=2 desc=747 img=hi [cached]
[cache] RJ223323
[enrich] 6405/10500 RJ223323: tags=3 desc=985 img=hi [cached]
[cache] RJ232437
[enrich] 6406/10500 RJ232437: tags=3 desc=976 img=hi [cached]
[cache] RJ392638
[enrich] 6407/10500 RJ392638: tags=6 desc=976 img=hi [cached]
[cache] RJ329237
[enrich] 6408/10500 RJ329237: tags=3 desc=769 img=hi [cached]
[cache] RJ243894
[enrich] 6409/10500 RJ243894: tags=4 desc=939 img=hi [cached]
[cache] RJ223322
[enrich] 6410/10500 RJ223322: tags=3 desc=986 img=hi [cached]
[cache] RJ01040095
[enrich] 6411/10500 RJ01040095: tags=6 desc=1185 img=hi [cached]
[cache] RJ364800
[enrich] 6412/10500 RJ364800: tags=6 desc=2347 img=hi [cached]
[cache] RJ113299
[enrich] 6413/10500 RJ113299: tags=6 desc=1656 img=hi [cached]
[cache] RJ01081260
[enrich] 6414/10500 RJ01081260: tags=6 desc=622 img=hi [cached]
[cache] RJ01357133
[enrich] 6415/10500 RJ01357133: tags=6 desc=912 img=hi [cached]
[cache] RJ01515566
[enrich] 6416/10500 RJ01515566: tags=6 desc=908 img=hi [cached]
[cache] RJ01650532
[enrich] 6417/10500 RJ01650532: tags=6 desc=1133 img=hi [cached]
[cache] RJ01580875
[enrich] 6418/10500 RJ01580875: tags=6 desc=1111 img=hi [cached]
[cache] RJ01312789
[enrich] 6419/10500 RJ01312789: tags=6 desc=739 img=hi [cached]
[cache] RJ01014157
[enrich] 6420/10500 RJ01014157: tags=6 desc=3645 img=hi [cached]
[cache] RJ308644
[enrich] 6421/10500 RJ308644: tags=5 desc=3697 img=hi [cached]
[cache] RJ01675906
[enrich] 6422/10500 RJ01675906: tags=6 desc=397 img=hi [cached]
[cache] RJ01675909
[enrich] 6423/10500 RJ01675909: tags=6 desc=1745 img=hi [cached]
[cache] RJ01215256
[enrich] 6424/10500 RJ01215256: tags=6 desc=408 img=hi [cached]
[cache] RJ01659002
[enrich] 6425/10500 RJ01659002: tags=6 desc=570 img=hi [cached]
[save] partial 6425/10500: 10500 works → /workspace/dlsite-promo-site/data/works.json
[cache] RJ01595618
[enrich] 6426/10500 RJ01595618: tags=6 desc=457 img=hi [cached]
[cache] RJ01524108
[enrich] 6427/10500 RJ01524108: tags=6 desc=2149 img=hi [cached]
[cache] RJ01367666
[enrich] 6428/10500 RJ01367666: tags=6 desc=1375 img=hi [cached]
[cache] RJ01228266
[enrich] 6429/10500 RJ01228266: tags=6 desc=1194 img=hi [cached]
[cache] RJ01040753
[enrich] 6430/10500 RJ01040753: tags=6 desc=713 img=hi [cached]
[cache] RJ01038896
[enrich] 6431/10500 RJ01038896: tags=6 desc=567 img=hi [cached]
[cache] RJ01113043
[enrich] 6432/10500 RJ01113043: tags=0 desc=1844 img=hi [cached]
[cache] RJ01447847
[enrich] 6433/10500 RJ01447847: tags=6 desc=2643 img=hi [cached]
[cache] RJ01115838
[enrich] 6434/10500 RJ01115838: tags=5 desc=2012 img=hi [cached]
[cache] RJ01354582
[enrich] 6435/10500 RJ01354582: tags=4 desc=4482 img=hi [cached]
[cache] RJ01047232
[enrich] 6436/10500 RJ01047232: tags=6 desc=619 img=hi [cached]
[cache] RJ01458798
[enrich] 6437/10500 RJ01458798: tags=6 desc=1639 img=hi [cached]
[cache] RJ368083
[enrich] 6438/10500 RJ368083: tags=5 desc=570 img=hi [cached]
[cache] RJ269498
[enrich] 6439/10500 RJ269498: tags=3 desc=762 img=hi [cached]
[cache] RJ390720
[enrich] 6440/10500 RJ390720: tags=2 desc=1123 img=hi [cached]
[cache] RJ01040014
[enrich] 6441/10500 RJ01040014: tags=6 desc=620 img=hi [cached]
[cache] RJ01437024
[enrich] 6442/10500 RJ01437024: tags=4 desc=542 img=hi [cached]
[cache] RJ01249246
[enrich] 6443/10500 RJ01249246: tags=6 desc=1084 img=hi [cached]
[cache] RJ01114965
[enrich] 6444/10500 RJ01114965: tags=6 desc=415 img=hi [cached]
[cache] RJ01008385
[enrich] 6445/10500 RJ01008385: tags=6 desc=865 img=hi [cached]
[cache] RJ280974
[enrich] 6446/10500 RJ280974: tags=2 desc=751 img=hi [cached]
[cache] RJ357847
[enrich] 6447/10500 RJ357847: tags=6 desc=619 img=hi [cached]
[cache] RJ01693888
[enrich] 6448/10500 RJ01693888: tags=1 desc=100 img=hi [cached]
[cache] RJ408241
[enrich] 6449/10500 RJ408241: tags=6 desc=332 img=hi [cached]
[cache] RJ01585814
[enrich] 6450/10500 RJ01585814: tags=6 desc=1044 img=hi [cached]
[save] partial 6450/10500: 10500 works → /workspace/dlsite-promo-site/data/works.json
[cache] RJ01673217
[enrich] 6451/10500 RJ01673217: tags=6 desc=813 img=hi [cached]
[cache] RJ01630927
[enrich] 6452/10500 RJ01630927: tags=6 desc=1364 img=hi [cached]
[enrich] 6453/10500 RJ01331667: tags=0 desc=8 img=hi
[enrich] 6454/10500 RJ01313638: tags=0 desc=8 img=hi
[enrich] 6455/10500 RJ01318169: tags=0 desc=8 img=hi
[enrich] 6456/10500 RJ01251508: tags=0 desc=8 img=hi
[enrich] 6457/10500 RJ01245179: tags=0 desc=8 img=hi
[enrich] 6458/10500 RJ01350479: tags=0 desc=8 img=hi
[enrich] 6459/10500 RJ01350539: tags=0 desc=8 img=hi
[enrich] 6460/10500 RJ01350403: tags=0 desc=8 img=hi
[enrich] 6461/10500 RJ01275564: tags=0 desc=8 img=hi
[enrich] 6462/10500 RJ01280893: tags=0 desc=8 img=hi
[cache] RJ01396490
[enrich] 6463/10500 RJ01396490: tags=5 desc=490 img=hi [cached]
[enrich] 6464/10500 RJ01397713: tags=0 desc=8 img=hi
[enrich] 6465/10500 RJ01434445: tags=0 desc=8 img=hi
[enrich] 6466/10500 RJ01466619: tags=0 desc=8 img=hi
[enrich] 6467/10500 RJ01550502: tags=0 desc=8 img=hi
[enrich] 6468/10500 RJ01472027: tags=0 desc=8 img=hi
[enrich] 6469/10500 RJ01590818: tags=0 desc=8 img=hi
[enrich] 6470/10500 RJ01629757: tags=0 desc=8 img=hi
[enrich] 6471/10500 RJ01337499: tags=0 desc=8 img=hi
[cache] RJ01341239
[enrich] 6472/10500 RJ01341239: tags=0 desc=836 img=hi [cached]
[cache] RJ01147109
[enrich] 6473/10500 RJ01147109: tags=6 desc=973 img=hi [cached]
[cache] RJ277395
[enrich] 6474/10500 RJ277395: tags=6 desc=747 img=hi [cached]
[cache] RJ332371
[enrich] 6475/10500 RJ332371: tags=5 desc=699 img=hi [cached]
[save] partial 6475/10500: 10500 works → /workspace/dlsite-promo-site/data/works.json
[enrich] 6476/10500 RJ01371529: tags=0 desc=8 img=hi
[cache] RJ417602
[enrich] 6477/10500 RJ417602: tags=6 desc=647 img=hi [cached]
[enrich] 6478/10500 RJ01351709: tags=0 desc=8 img=hi
[enrich] 6479/10500 RJ01360742: tags=0 desc=8 img=hi
[enrich] 6480/10500 RJ01301238: tags=0 desc=8 img=hi
[enrich] 6481/10500 RJ01339081: tags=0 desc=8 img=hi
[enrich] 6482/10500 RJ01315432: tags=0 desc=8 img=hi
[enrich] 6483/10500 RJ01330538: tags=0 desc=8 img=hi
[enrich] 6484/10500 RJ01348068: tags=0 desc=8 img=hi
[enrich] 6485/10500 RJ01546859: tags=0 desc=8 img=hi
[enrich] 6486/10500 RJ01324406: tags=0 desc=8 img=hi
[enrich] 6487/10500 RJ01222210: tags=0 desc=8 img=hi
[enrich] 6488/10500 RJ01369922: tags=0 desc=8 img=hi
[enrich] 6489/10500 RJ01206512: tags=0 desc=8 img=hi
[cache] RJ01212094
[enrich] 6490/10500 RJ01212094: tags=5 desc=2216 img=hi [cached]
[cache] RJ01568193
[enrich] 6491/10500 RJ01568193: tags=6 desc=2208 img=hi [cached]
[enrich] 6492/10500 RJ01572699: tags=0 desc=8 img=hi
[enrich] 6493/10500 RJ01559854: tags=0 desc=8 img=hi
[cache] RJ01527782
[enrich] 6494/10500 RJ01527782: tags=6 desc=4468 img=hi [cached]
[enrich] 6495/10500 RJ01517613: tags=0 desc=8 img=hi
[enrich] 6496/10500 RJ01354727: tags=0 desc=8 img=hi
[enrich] 6497/10500 RJ01375191: tags=0 desc=8 img=hi
[enrich] 6498/10500 RJ01254005: tags=0 desc=8 img=hi
[enrich] 6499/10500 RJ01356375: tags=0 desc=8 img=hi
[enrich] 6500/10500 RJ01278510: tags=0 desc=8 img=hi
[save] partial 6500/10500: 10500 works → /workspace/dlsite-promo-site/data/works.json
[enrich] 6501/10500 RJ01620743: tags=0 desc=8 img=hi
[enrich] 6502/10500 RJ01280662: tags=0 desc=8 img=hi
[enrich] 6503/10500 RJ01675483: tags=0 desc=8 img=hi
[enrich] 6504/10500 RJ01355119: tags=0 desc=8 img=hi
[enrich] 6505/10500 RJ01338071: tags=0 desc=8 img=hi
[enrich] 6506/10500 RJ01334272: tags=0 desc=8 img=hi
[enrich] 6507/10500 RJ01327502: tags=0 desc=8 img=hi
[enrich] 6508/10500 RJ01391894: tags=0 desc=8 img=hi
[enrich] 6509/10500 RJ01368255: tags=0 desc=8 img=hi
[enrich] 6510/10500 RJ01325870: tags=0 desc=8 img=hi
[enrich] 6511/10500 RJ01690777: tags=0 desc=8 img=hi
[enrich] 6512/10500 RJ01676923: tags=0 desc=8 img=hi
[enrich] 6513/10500 RJ01428113: tags=0 desc=8 img=hi
[cache] RJ01489944
[enrich] 6514/10500 RJ01489944: tags=5 desc=549 img=hi [cached]
[enrich] 6515/10500 RJ01486690: tags=0 desc=8 img=hi
[cache] RJ370034
[enrich] 6516/10500 RJ370034: tags=6 desc=412 img=hi [cached]
[cache] RJ01470342
[enrich] 6517/10500 RJ01470342: tags=6 desc=633 img=hi [cached]
[enrich] 6518/10500 RJ01676377: tags=0 desc=8 img=hi
[cache] RJ01676769
[enrich] 6519/10500 RJ01676769: tags=6 desc=458 img=hi [cached]
[cache] RJ283570
[enrich] 6520/10500 RJ283570: tags=6 desc=326 img=hi [cached]
[cache] RJ195473
[enrich] 6521/10500 RJ195473: tags=6 desc=406 img=hi [cached]
[enrich] 6522/10500 RJ01032592: tags=0 desc=8 img=hi
[enrich] 6523/10500 RJ01243702: tags=0 desc=8 img=hi
[cache] RJ01240935
[enrich] 6524/10500 RJ01240935: tags=6 desc=1279 img=hi [cached]
[cache] RJ01453878
[enrich] 6525/10500 RJ01453878: tags=4 desc=704 img=hi [cached]
[save] partial 6525/10500: 10500 works → /workspace/dlsite-promo-site/data/works.json
[cache] RJ226361
[enrich] 6526/10500 RJ226361: tags=4 desc=1608 img=hi [cached]
[cache] RJ146457
[enrich] 6527/10500 RJ146457: tags=4 desc=1134 img=hi [cached]
[cache] RJ379351
[enrich] 6528/10500 RJ379351: tags=6 desc=3404 img=hi [cached]
[cache] RJ297281
[enrich] 6529/10500 RJ297281: tags=6 desc=2159 img=hi [cached]
[cache] RJ01310407
[enrich] 6530/10500 RJ01310407: tags=5 desc=1372 img=hi [cached]
[cache] RJ01494680
[enrich] 6531/10500 RJ01494680: tags=6 desc=994 img=hi [cached]
[cache] RJ185287
[enrich] 6532/10500 RJ185287: tags=4 desc=1402 img=hi [cached]
[cache] RJ438410
[enrich] 6533/10500 RJ438410: tags=6 desc=1776 img=hi [cached]
[cache] RJ01178615
[enrich] 6534/10500 RJ01178615: tags=6 desc=1328 img=hi [cached]
[cache] RJ213386
[enrich] 6535/10500 RJ213386: tags=6 desc=798 img=hi [cached]
[cache] RJ338835
[enrich] 6536/10500 RJ338835: tags=5 desc=2287 img=hi [cached]
[cache] RJ354627
[enrich] 6537/10500 RJ354627: tags=3 desc=1142 img=hi [cached]
[cache] RJ135248
[enrich] 6538/10500 RJ135248: tags=6 desc=264 img=hi [cached]
[cache] RJ017553
[enrich] 6539/10500 RJ017553: tags=3 desc=207 img=hi [cached]
[cache] RJ021092
[enrich] 6540/10500 RJ021092: tags=5 desc=295 img=hi [cached]
[cache] RJ024677
[enrich] 6541/10500 RJ024677: tags=6 desc=318 img=hi [cached]
[cache] RJ028420
[enrich] 6542/10500 RJ028420: tags=6 desc=322 img=hi [cached]
[cache] RJ024676
[enrich] 6543/10500 RJ024676: tags=5 desc=201 img=hi [cached]
[cache] RJ166717
[enrich] 6544/10500 RJ166717: tags=6 desc=170 img=hi [cached]
[cache] RJ266125
[enrich] 6545/10500 RJ266125: tags=4 desc=165 img=hi [cached]
[cache] RJ247216
[enrich] 6546/10500 RJ247216: tags=6 desc=44 img=hi [cached]
[cache] RJ233061
[enrich] 6547/10500 RJ233061: tags=6 desc=65 img=hi [cached]
[cache] RJ264044
[enrich] 6548/10500 RJ264044: tags=4 desc=118 img=hi [cached]
[cache] RJ128522
[enrich] 6549/10500 RJ128522: tags=4 desc=127 img=hi [cached]
[cache] RJ297943
[enrich] 6550/10500 RJ297943: tags=6 desc=249 img=hi [cached]
[save] partial 6550/10500: 10500 works → /workspace/dlsite-promo-site/data/works.json
[cache] RJ263246
[enrich] 6551/10500 RJ263246: tags=6 desc=185 img=hi [cached]
[cache] RJ168192
[enrich] 6552/10500 RJ168192: tags=3 desc=266 img=hi [cached]
[cache] RJ302535
[enrich] 6553/10500 RJ302535: tags=6 desc=1141 img=hi [cached]
[cache] RJ190176
[enrich] 6554/10500 RJ190176: tags=6 desc=80 img=hi [cached]
[cache] RJ395834
[enrich] 6555/10500 RJ395834: tags=3 desc=114 img=hi [cached]
[cache] RJ083838
[enrich] 6556/10500 RJ083838: tags=6 desc=454 img=hi [cached]
[cache] RJ123652
[enrich] 6557/10500 RJ123652: tags=5 desc=249 img=hi [cached]
[cache] RJ112716
[enrich] 6558/10500 RJ112716: tags=5 desc=262 img=hi [cached]
[cache] RJ384677
[enrich] 6559/10500 RJ384677: tags=6 desc=132 img=hi [cached]
[cache] RJ377949
[enrich] 6560/10500 RJ377949: tags=6 desc=606 img=hi [cached]
[cache] RJ116059
[enrich] 6561/10500 RJ116059: tags=4 desc=100 img=hi [cached]
[cache] RJ186974
[enrich] 6562/10500 RJ186974: tags=4 desc=88 img=hi [cached]
[cache] RJ157356
[enrich] 6563/10500 RJ157356: tags=3 desc=104 img=hi [cached]
[cache] RJ171715
[enrich] 6564/10500 RJ171715: tags=5 desc=155 img=hi [cached]
[cache] RJ193061
[enrich] 6565/10500 RJ193061: tags=4 desc=148 img=hi [cached]
[cache] RJ251602
[enrich] 6566/10500 RJ251602: tags=4 desc=219 img=hi [cached]
[cache] RJ124003
[enrich] 6567/10500 RJ124003: tags=4 desc=91 img=hi [cached]
[cache] RJ247219
[enrich] 6568/10500 RJ247219: tags=5 desc=43 img=hi [cached]
[cache] RJ263579
[enrich] 6569/10500 RJ263579: tags=3 desc=77 img=hi [cached]
[cache] RJ224276
[enrich] 6570/10500 RJ224276: tags=5 desc=64 img=hi [cached]
[cache] RJ268390
[enrich] 6571/10500 RJ268390: tags=3 desc=45 img=hi [cached]
[cache] RJ324250
[enrich] 6572/10500 RJ324250: tags=6 desc=99 img=hi [cached]
[cache] RJ078474
[enrich] 6573/10500 RJ078474: tags=0 desc=48 img=hi [cached]
[cache] RJ191350
[enrich] 6574/10500 RJ191350: tags=4 desc=380 img=hi [cached]
[cache] RJ206109
[enrich] 6575/10500 RJ206109: tags=3 desc=376 img=hi [cached]
[save] partial 6575/10500: 10500 works → /workspace/dlsite-promo-site/data/works.json
[cache] RJ399291
[enrich] 6576/10500 RJ399291: tags=4 desc=103 img=hi [cached]
[cache] RJ183078
[enrich] 6577/10500 RJ183078: tags=4 desc=367 img=hi [cached]
[enrich] 6578/10500 RJ284037: tags=6 desc=23 img=hi
[cache] RJ325075
[enrich] 6579/10500 RJ325075: tags=6 desc=78 img=hi [cached]
[cache] RJ183079
[enrich] 6580/10500 RJ183079: tags=5 desc=345 img=hi [cached]
[cache] RJ217581
[enrich] 6581/10500 RJ217581: tags=6 desc=73 img=hi [cached]
[cache] RJ398489
[enrich] 6582/10500 RJ398489: tags=5 desc=93 img=hi [cached]
[cache] RJ388453
[enrich] 6583/10500 RJ388453: tags=6 desc=67 img=hi [cached]
[cache] RJ316774
[enrich] 6584/10500 RJ316774: tags=5 desc=97 img=hi [cached]
[cache] RJ01045693
[enrich] 6585/10500 RJ01045693: tags=6 desc=312 img=hi [cached]
[cache] RJ01115546
[enrich] 6586/10500 RJ01115546: tags=6 desc=2679 img=hi [cached]
[cache] RJ243222
[enrich] 6587/10500 RJ243222: tags=6 desc=848 img=hi [cached]
[cache] RJ213838
[enrich] 6588/10500 RJ213838: tags=6 desc=765 img=hi [cached]
[cache] RJ208333
[enrich] 6589/10500 RJ208333: tags=6 desc=2692 img=hi [cached]
[cache] RJ01101671
[enrich] 6590/10500 RJ01101671: tags=6 desc=1202 img=hi [cached]
[cache] RJ251003
[enrich] 6591/10500 RJ251003: tags=6 desc=1450 img=hi [cached]
[cache] RJ299859
[enrich] 6592/10500 RJ299859: tags=6 desc=1626 img=hi [cached]
[cache] RJ284405
[enrich] 6593/10500 RJ284405: tags=5 desc=1331 img=hi [cached]
[cache] RJ351142
[enrich] 6594/10500 RJ351142: tags=6 desc=2248 img=hi [cached]
[cache] RJ214306
[enrich] 6595/10500 RJ214306: tags=6 desc=1762 img=hi [cached]
[cache] RJ262999
[enrich] 6596/10500 RJ262999: tags=6 desc=2748 img=hi [cached]
[cache] RJ297440
[enrich] 6597/10500 RJ297440: tags=6 desc=1818 img=hi [cached]
[cache] RJ01077096
[enrich] 6598/10500 RJ01077096: tags=6 desc=780 img=hi [cached]
[cache] RJ112707
[enrich] 6599/10500 RJ112707: tags=6 desc=1239 img=hi [cached]
[cache] RJ167053
[enrich] 6600/10500 RJ167053: tags=5 desc=776 img=hi [cached]
[save] partial 6600/10500: 10500 works → /workspace/dlsite-promo-site/data/works.json
[cache] RJ01013980
[enrich] 6601/10500 RJ01013980: tags=6 desc=2293 img=hi [cached]
[cache] RJ01115374
[enrich] 6602/10500 RJ01115374: tags=6 desc=1415 img=hi [cached]
[cache] RJ343962
[enrich] 6603/10500 RJ343962: tags=6 desc=911 img=hi [cached]
[cache] RJ416438
[enrich] 6604/10500 RJ416438: tags=6 desc=1786 img=hi [cached]
[cache] RJ365632
[enrich] 6605/10500 RJ365632: tags=6 desc=193 img=hi [cached]
[cache] RJ281651
[enrich] 6606/10500 RJ281651: tags=6 desc=318 img=hi [cached]
[cache] RJ228778
[enrich] 6607/10500 RJ228778: tags=3 desc=852 img=hi [cached]
[cache] RJ01284334
[enrich] 6608/10500 RJ01284334: tags=6 desc=2464 img=hi [cached]
[cache] RJ271738
[enrich] 6609/10500 RJ271738: tags=6 desc=2522 img=hi [cached]
[cache] RJ01164870
[enrich] 6610/10500 RJ01164870: tags=6 desc=4480 img=hi [cached]
[cache] RJ01392175
[enrich] 6611/10500 RJ01392175: tags=6 desc=1605 img=hi [cached]
[cache] RJ01112604
[enrich] 6612/10500 RJ01112604: tags=6 desc=3040 img=hi [cached]
[cache] RJ276599
[enrich] 6613/10500 RJ276599: tags=6 desc=1897 img=hi [cached]
[cache] RJ01297739
[enrich] 6614/10500 RJ01297739: tags=6 desc=1311 img=hi [cached]
[cache] RJ327041
[enrich] 6615/10500 RJ327041: tags=6 desc=4489 img=hi [cached]
[cache] RJ280644
[enrich] 6616/10500 RJ280644: tags=6 desc=2057 img=hi [cached]
[cache] RJ01146417
[enrich] 6617/10500 RJ01146417: tags=6 desc=2682 img=hi [cached]
[cache] RJ01099774
[enrich] 6618/10500 RJ01099774: tags=6 desc=523 img=hi [cached]
[cache] RJ379378
[enrich] 6619/10500 RJ379378: tags=6 desc=1135 img=hi [cached]
[cache] RJ234791
[enrich] 6620/10500 RJ234791: tags=6 desc=1418 img=hi [cached]
[cache] RJ01140495
[enrich] 6621/10500 RJ01140495: tags=6 desc=4467 img=hi [cached]
[cache] RJ01129023
[enrich] 6622/10500 RJ01129023: tags=6 desc=2145 img=hi [cached]
[cache] RJ285869
[enrich] 6623/10500 RJ285869: tags=6 desc=4139 img=hi [cached]
[cache] RJ322974
[enrich] 6624/10500 RJ322974: tags=6 desc=978 img=hi [cached]
[cache] RJ337997
[enrich] 6625/10500 RJ337997: tags=6 desc=723 img=hi [cached]
[save] partial 6625/10500: 10500 works → /workspace/dlsite-promo-site/data/works.json
[cache] RJ340588
[enrich] 6626/10500 RJ340588: tags=6 desc=2463 img=hi [cached]
[cache] RJ439624
[enrich] 6627/10500 RJ439624: tags=6 desc=1913 img=hi [cached]
[cache] RJ307037
[enrich] 6628/10500 RJ307037: tags=6 desc=56 img=hi [cached]
[cache] RJ01123383
[enrich] 6629/10500 RJ01123383: tags=6 desc=3210 img=hi [cached]
[cache] RJ398313
[enrich] 6630/10500 RJ398313: tags=6 desc=796 img=hi [cached]
[cache] RJ01201468
[enrich] 6631/10500 RJ01201468: tags=6 desc=1158 img=hi [cached]
[cache] RJ01028648
[enrich] 6632/10500 RJ01028648: tags=6 desc=1410 img=hi [cached]
[cache] RJ01074774
[enrich] 6633/10500 RJ01074774: tags=6 desc=1879 img=hi [cached]
[cache] RJ213185
[enrich] 6634/10500 RJ213185: tags=6 desc=1700 img=hi [cached]
[cache] RJ01454799
[enrich] 6635/10500 RJ01454799: tags=6 desc=1868 img=hi [cached]
[cache] RJ337714
[enrich] 6636/10500 RJ337714: tags=6 desc=556 img=hi [cached]
[cache] RJ421243
[enrich] 6637/10500 RJ421243: tags=6 desc=4499 img=hi [cached]
[cache] RJ336347
[enrich] 6638/10500 RJ336347: tags=0 desc=2493 img=hi [cached]
[cache] RJ01572582
[enrich] 6639/10500 RJ01572582: tags=6 desc=4486 img=hi [cached]
[cache] RJ266798
[enrich] 6640/10500 RJ266798: tags=4 desc=4366 img=hi [cached]
[cache] RJ01091551
[enrich] 6641/10500 RJ01091551: tags=6 desc=4467 img=hi [cached]
[cache] RJ198289
[enrich] 6642/10500 RJ198289: tags=6 desc=2043 img=hi [cached]
[cache] RJ01316127
[enrich] 6643/10500 RJ01316127: tags=6 desc=621 img=hi [cached]
[cache] RJ01062444
[enrich] 6644/10500 RJ01062444: tags=6 desc=1827 img=hi [cached]
[cache] RJ01223467
[enrich] 6645/10500 RJ01223467: tags=4 desc=269 img=hi [cached]
[cache] RJ01271782
[enrich] 6646/10500 RJ01271782: tags=6 desc=1394 img=hi [cached]
[cache] RJ01285179
[enrich] 6647/10500 RJ01285179: tags=6 desc=757 img=hi [cached]
[cache] RJ240204
[enrich] 6648/10500 RJ240204: tags=6 desc=2091 img=hi [cached]
[cache] RJ288197
[enrich] 6649/10500 RJ288197: tags=6 desc=1649 img=hi [cached]
[cache] RJ152276
[enrich] 6650/10500 RJ152276: tags=6 desc=1572 img=hi [cached]
[save] partial 6650/10500: 10500 works → /workspace/dlsite-promo-site/data/works.json
[cache] RJ127961
[enrich] 6651/10500 RJ127961: tags=3 desc=935 img=hi [cached]
[cache] RJ298792
[enrich] 6652/10500 RJ298792: tags=6 desc=3663 img=hi [cached]
[cache] RJ340730
[enrich] 6653/10500 RJ340730: tags=6 desc=115 img=hi [cached]
[cache] RJ266924
[enrich] 6654/10500 RJ266924: tags=6 desc=2968 img=hi [cached]
[cache] RJ01080296
[enrich] 6655/10500 RJ01080296: tags=3 desc=972 img=hi [cached]
[cache] RJ01261681
[enrich] 6656/10500 RJ01261681: tags=6 desc=1178 img=hi [cached]
[cache] RJ01103315
[enrich] 6657/10500 RJ01103315: tags=6 desc=4490 img=hi [cached]
[cache] RJ01111770
[enrich] 6658/10500 RJ01111770: tags=6 desc=2767 img=hi [cached]
[cache] RJ386396
[enrich] 6659/10500 RJ386396: tags=6 desc=642 img=hi [cached]
[cache] RJ343957
[enrich] 6660/10500 RJ343957: tags=6 desc=2912 img=hi [cached]
[cache] RJ431051
[enrich] 6661/10500 RJ431051: tags=6 desc=4464 img=hi [cached]
[cache] RJ337048
[enrich] 6662/10500 RJ337048: tags=6 desc=1365 img=hi [cached]
[cache] RJ270258
[enrich] 6663/10500 RJ270258: tags=6 desc=4450 img=hi [cached]
[cache] RJ01474504
[enrich] 6664/10500 RJ01474504: tags=6 desc=2456 img=hi [cached]
[cache] RJ01248548
[enrich] 6665/10500 RJ01248548: tags=6 desc=1888 img=hi [cached]
[cache] RJ166763
[enrich] 6666/10500 RJ166763: tags=6 desc=1093 img=hi [cached]
[cache] RJ148874
[enrich] 6667/10500 RJ148874: tags=6 desc=1838 img=hi [cached]
[cache] RJ01102722
[enrich] 6668/10500 RJ01102722: tags=6 desc=359 img=hi [cached]
[cache] RJ226154
[enrich] 6669/10500 RJ226154: tags=6 desc=1386 img=hi [cached]
[cache] RJ01008429
[enrich] 6670/10500 RJ01008429: tags=6 desc=4076 img=hi [cached]
[cache] RJ303236
[enrich] 6671/10500 RJ303236: tags=6 desc=2558 img=hi [cached]
[cache] RJ257748
[enrich] 6672/10500 RJ257748: tags=6 desc=1669 img=hi [cached]
[cache] RJ286427
[enrich] 6673/10500 RJ286427: tags=1 desc=1501 img=hi [cached]
[cache] RJ01446665
[enrich] 6674/10500 RJ01446665: tags=4 desc=3501 img=hi [cached]
[cache] RJ201117
[enrich] 6675/10500 RJ201117: tags=2 desc=1204 img=hi [cached]
[save] partial 6675/10500: 10500 works → /workspace/dlsite-promo-site/data/works.json
[cache] RJ01112100
[enrich] 6676/10500 RJ01112100: tags=6 desc=3063 img=hi [cached]
[cache] RJ01152774
[enrich] 6677/10500 RJ01152774: tags=6 desc=1769 img=hi [cached]
[cache] RJ280418
[enrich] 6678/10500 RJ280418: tags=6 desc=3696 img=hi [cached]
[cache] RJ423765
[enrich] 6679/10500 RJ423765: tags=6 desc=2185 img=hi [cached]
[cache] RJ402136
[enrich] 6680/10500 RJ402136: tags=6 desc=1036 img=hi [cached]
[cache] RJ01410862
[enrich] 6681/10500 RJ01410862: tags=6 desc=1784 img=hi [cached]
[cache] RJ270381
[enrich] 6682/10500 RJ270381: tags=6 desc=2840 img=hi [cached]
[cache] RJ130297
[enrich] 6683/10500 RJ130297: tags=3 desc=920 img=hi [cached]
[cache] RJ01255617
[enrich] 6684/10500 RJ01255617: tags=6 desc=1070 img=hi [cached]
[cache] RJ01302356
[enrich] 6685/10500 RJ01302356: tags=6 desc=1157 img=hi [cached]
[cache] RJ388692
[enrich] 6686/10500 RJ388692: tags=6 desc=988 img=hi [cached]
[cache] RJ222557
[enrich] 6687/10500 RJ222557: tags=6 desc=708 img=hi [cached]
[cache] RJ214895
[enrich] 6688/10500 RJ214895: tags=6 desc=459 img=hi [cached]
[cache] RJ270166
[enrich] 6689/10500 RJ270166: tags=6 desc=587 img=hi [cached]
[cache] RJ324939
[enrich] 6690/10500 RJ324939: tags=6 desc=1517 img=hi [cached]
[cache] RJ01182395
[enrich] 6691/10500 RJ01182395: tags=6 desc=295 img=hi [cached]
[cache] RJ01301534
[enrich] 6692/10500 RJ01301534: tags=6 desc=705 img=hi [cached]
[cache] RJ140678
[enrich] 6693/10500 RJ140678: tags=6 desc=1871 img=hi [cached]
[cache] RJ345185
[enrich] 6694/10500 RJ345185: tags=6 desc=1764 img=hi [cached]
[cache] RJ432234
[enrich] 6695/10500 RJ432234: tags=6 desc=1264 img=hi [cached]
[cache] RJ304663
[enrich] 6696/10500 RJ304663: tags=6 desc=667 img=hi [cached]
[cache] RJ336997
[enrich] 6697/10500 RJ336997: tags=4 desc=1483 img=hi [cached]
[cache] RJ313648
[enrich] 6698/10500 RJ313648: tags=6 desc=267 img=hi [cached]
[cache] RJ01091169
[enrich] 6699/10500 RJ01091169: tags=6 desc=1324 img=hi [cached]
[cache] RJ01274276
[enrich] 6700/10500 RJ01274276: tags=6 desc=1125 img=hi [cached]
[save] partial 6700/10500: 10500 works → /workspace/dlsite-promo-site/data/works.json
[cache] RJ01205268
[enrich] 6701/10500 RJ01205268: tags=6 desc=501 img=hi [cached]
[cache] RJ01463225
[enrich] 6702/10500 RJ01463225: tags=6 desc=321 img=hi [cached]
[cache] RJ236253
[enrich] 6703/10500 RJ236253: tags=5 desc=486 img=hi [cached]
[cache] RJ363355
[enrich] 6704/10500 RJ363355: tags=6 desc=680 img=hi [cached]
[cache] RJ01325456
[enrich] 6705/10500 RJ01325456: tags=6 desc=1043 img=hi [cached]
[cache] RJ01315626
[enrich] 6706/10500 RJ01315626: tags=6 desc=1063 img=hi [cached]
[cache] RJ439912
[enrich] 6707/10500 RJ439912: tags=6 desc=575 img=hi [cached]
[cache] RJ01064183
[enrich] 6708/10500 RJ01064183: tags=6 desc=1956 img=hi [cached]
[cache] RJ01210876
[enrich] 6709/10500 RJ01210876: tags=6 desc=965 img=hi [cached]
[cache] RJ344628
[enrich] 6710/10500 RJ344628: tags=6 desc=1440 img=hi [cached]
[cache] RJ01019613
[enrich] 6711/10500 RJ01019613: tags=6 desc=317 img=hi [cached]
[cache] RJ194911
[enrich] 6712/10500 RJ194911: tags=6 desc=211 img=hi [cached]
[cache] RJ01308297
[enrich] 6713/10500 RJ01308297: tags=6 desc=650 img=hi [cached]
[cache] RJ417571
[enrich] 6714/10500 RJ417571: tags=6 desc=866 img=hi [cached]
[cache] RJ01538553
[enrich] 6715/10500 RJ01538553: tags=6 desc=1384 img=hi [cached]
[cache] RJ385169
[enrich] 6716/10500 RJ385169: tags=6 desc=835 img=hi [cached]
[cache] RJ437590
[enrich] 6717/10500 RJ437590: tags=6 desc=1640 img=hi [cached]
[cache] RJ01345621
[enrich] 6718/10500 RJ01345621: tags=6 desc=527 img=hi [cached]
[cache] RJ411007
[enrich] 6719/10500 RJ411007: tags=6 desc=394 img=hi [cached]
[cache] RJ01347107
[enrich] 6720/10500 RJ01347107: tags=6 desc=408 img=hi [cached]
[cache] RJ01165431
[enrich] 6721/10500 RJ01165431: tags=6 desc=1124 img=hi [cached]
[cache] RJ01034785
[enrich] 6722/10500 RJ01034785: tags=6 desc=854 img=hi [cached]
[cache] RJ01338805
[enrich] 6723/10500 RJ01338805: tags=6 desc=305 img=hi [cached]
[cache] RJ01079163
[enrich] 6724/10500 RJ01079163: tags=6 desc=280 img=hi [cached]
[cache] RJ321024
[enrich] 6725/10500 RJ321024: tags=6 desc=1690 img=hi [cached]
[save] partial 6725/10500: 10500 works → /workspace/dlsite-promo-site/data/works.json
[cache] RJ01097746
[enrich] 6726/10500 RJ01097746: tags=6 desc=727 img=hi [cached]
[cache] RJ01049436
[enrich] 6727/10500 RJ01049436: tags=6 desc=669 img=hi [cached]
[cache] RJ437897
[enrich] 6728/10500 RJ437897: tags=6 desc=328 img=hi [cached]
[cache] RJ416045
[enrich] 6729/10500 RJ416045: tags=6 desc=1255 img=hi [cached]
[cache] RJ01017639
[enrich] 6730/10500 RJ01017639: tags=6 desc=878 img=hi [cached]
[cache] RJ01067308
[enrich] 6731/10500 RJ01067308: tags=5 desc=965 img=hi [cached]
[cache] RJ382757
[enrich] 6732/10500 RJ382757: tags=6 desc=909 img=hi [cached]
[cache] RJ360314
[enrich] 6733/10500 RJ360314: tags=6 desc=1047 img=hi [cached]
[cache] RJ01258201
[enrich] 6734/10500 RJ01258201: tags=6 desc=1140 img=hi [cached]
[cache] RJ01066560
[enrich] 6735/10500 RJ01066560: tags=6 desc=305 img=hi [cached]
[cache] RJ01145768
[enrich] 6736/10500 RJ01145768: tags=6 desc=704 img=hi [cached]
[cache] RJ01187211
[enrich] 6737/10500 RJ01187211: tags=6 desc=558 img=hi [cached]
[cache] RJ01126423
[enrich] 6738/10500 RJ01126423: tags=6 desc=474 img=hi [cached]
[cache] RJ01129269
[enrich] 6739/10500 RJ01129269: tags=6 desc=1865 img=hi [cached]
[cache] RJ327223
[enrich] 6740/10500 RJ327223: tags=6 desc=806 img=hi [cached]
[cache] RJ01047105
[enrich] 6741/10500 RJ01047105: tags=4 desc=632 img=hi [cached]
[cache] RJ438521
[enrich] 6742/10500 RJ438521: tags=6 desc=1137 img=hi [cached]
[cache] RJ372771
[enrich] 6743/10500 RJ372771: tags=6 desc=854 img=hi [cached]
[cache] RJ416036
[enrich] 6744/10500 RJ416036: tags=6 desc=1499 img=hi [cached]
[cache] RJ01034815
[enrich] 6745/10500 RJ01034815: tags=6 desc=751 img=hi [cached]
[cache] RJ01229721
[enrich] 6746/10500 RJ01229721: tags=4 desc=457 img=hi [cached]
[cache] RJ368566
[enrich] 6747/10500 RJ368566: tags=6 desc=1529 img=hi [cached]
[cache] RJ01157293
[enrich] 6748/10500 RJ01157293: tags=6 desc=1637 img=hi [cached]
[cache] RJ01284154
[enrich] 6749/10500 RJ01284154: tags=6 desc=877 img=hi [cached]
[cache] RJ404586
[enrich] 6750/10500 RJ404586: tags=6 desc=910 img=hi [cached]
[save] partial 6750/10500: 10500 works → /workspace/dlsite-promo-site/data/works.json
[cache] RJ01337764
[enrich] 6751/10500 RJ01337764: tags=5 desc=276 img=hi [cached]
[cache] RJ01439258
[enrich] 6752/10500 RJ01439258: tags=6 desc=398 img=hi [cached]
[cache] RJ01073615
[enrich] 6753/10500 RJ01073615: tags=5 desc=828 img=hi [cached]
[cache] RJ430330
[enrich] 6754/10500 RJ430330: tags=5 desc=657 img=hi [cached]
[cache] RJ330441
[enrich] 6755/10500 RJ330441: tags=6 desc=637 img=hi [cached]
[cache] RJ01319115
[enrich] 6756/10500 RJ01319115: tags=6 desc=796 img=hi [cached]
[cache] RJ01226516
[enrich] 6757/10500 RJ01226516: tags=6 desc=610 img=hi [cached]
[cache] RJ435817
[enrich] 6758/10500 RJ435817: tags=6 desc=912 img=hi [cached]
[cache] RJ410454
[enrich] 6759/10500 RJ410454: tags=6 desc=1062 img=hi [cached]
[cache] RJ352422
[enrich] 6760/10500 RJ352422: tags=6 desc=1398 img=hi [cached]
[cache] RJ01607992
[enrich] 6761/10500 RJ01607992: tags=6 desc=890 img=hi [cached]
[cache] RJ01116376
[enrich] 6762/10500 RJ01116376: tags=5 desc=765 img=hi [cached]
[cache] RJ327547
[enrich] 6763/10500 RJ327547: tags=6 desc=407 img=hi [cached]
[cache] RJ01009639
[enrich] 6764/10500 RJ01009639: tags=6 desc=428 img=hi [cached]
[cache] RJ01070499
[enrich] 6765/10500 RJ01070499: tags=6 desc=574 img=hi [cached]
[cache] RJ383055
[enrich] 6766/10500 RJ383055: tags=6 desc=1139 img=hi [cached]
[cache] RJ386663
[enrich] 6767/10500 RJ386663: tags=6 desc=616 img=hi [cached]
[cache] RJ01637636
[enrich] 6768/10500 RJ01637636: tags=6 desc=497 img=hi [cached]
[cache] RJ01684516
[enrich] 6769/10500 RJ01684516: tags=6 desc=700 img=hi [cached]
[cache] RJ314959
[enrich] 6770/10500 RJ314959: tags=6 desc=988 img=hi [cached]
[cache] RJ01131730
[enrich] 6771/10500 RJ01131730: tags=6 desc=809 img=hi [cached]
[cache] RJ401899
[enrich] 6772/10500 RJ401899: tags=6 desc=769 img=hi [cached]
[cache] RJ388146
[enrich] 6773/10500 RJ388146: tags=5 desc=556 img=hi [cached]
[cache] RJ01018071
[enrich] 6774/10500 RJ01018071: tags=6 desc=761 img=hi [cached]
[cache] RJ371548
[enrich] 6775/10500 RJ371548: tags=5 desc=147 img=hi [cached]
[save] partial 6775/10500: 10500 works → /workspace/dlsite-promo-site/data/works.json
[cache] RJ401925
[enrich] 6776/10500 RJ401925: tags=6 desc=1334 img=hi [cached]
[cache] RJ01150011
[enrich] 6777/10500 RJ01150011: tags=6 desc=649 img=hi [cached]
[cache] RJ01083090
[enrich] 6778/10500 RJ01083090: tags=6 desc=312 img=hi [cached]
[cache] RJ01233152
[enrich] 6779/10500 RJ01233152: tags=6 desc=284 img=hi [cached]
[cache] RJ410660
[enrich] 6780/10500 RJ410660: tags=6 desc=606 img=hi [cached]
[cache] RJ408618
[enrich] 6781/10500 RJ408618: tags=6 desc=739 img=hi [cached]
[cache] RJ01563926
[enrich] 6782/10500 RJ01563926: tags=6 desc=404 img=hi [cached]
[cache] RJ01508384
[enrich] 6783/10500 RJ01508384: tags=6 desc=1160 img=hi [cached]
[cache] RJ381508
[enrich] 6784/10500 RJ381508: tags=6 desc=608 img=hi [cached]
[cache] RJ426855
[enrich] 6785/10500 RJ426855: tags=6 desc=559 img=hi [cached]
[cache] RJ01084152
[enrich] 6786/10500 RJ01084152: tags=6 desc=200 img=hi [cached]
[cache] RJ01061216
[enrich] 6787/10500 RJ01061216: tags=6 desc=632 img=hi [cached]
[cache] RJ01310584
[enrich] 6788/10500 RJ01310584: tags=6 desc=1177 img=hi [cached]
[cache] RJ01068008
[enrich] 6789/10500 RJ01068008: tags=6 desc=1155 img=hi [cached]
[cache] RJ01440732
[enrich] 6790/10500 RJ01440732: tags=6 desc=742 img=hi [cached]
[cache] RJ01080514
[enrich] 6791/10500 RJ01080514: tags=6 desc=1604 img=hi [cached]
[cache] RJ336362
[enrich] 6792/10500 RJ336362: tags=6 desc=495 img=hi [cached]
[cache] RJ01572747
[enrich] 6793/10500 RJ01572747: tags=6 desc=351 img=hi [cached]
[cache] RJ431858
[enrich] 6794/10500 RJ431858: tags=6 desc=607 img=hi [cached]
[cache] RJ01420234
[enrich] 6795/10500 RJ01420234: tags=6 desc=1610 img=hi [cached]
[cache] RJ01191942
[enrich] 6796/10500 RJ01191942: tags=5 desc=1023 img=hi [cached]
[cache] RJ01178820
[enrich] 6797/10500 RJ01178820: tags=6 desc=1086 img=hi [cached]
[cache] RJ01242097
[enrich] 6798/10500 RJ01242097: tags=6 desc=1595 img=hi [cached]
[cache] RJ01215557
[enrich] 6799/10500 RJ01215557: tags=6 desc=772 img=hi [cached]
[cache] RJ01093449
[enrich] 6800/10500 RJ01093449: tags=6 desc=384 img=hi [cached]
[save] partial 6800/10500: 10500 works → /workspace/dlsite-promo-site/data/works.json
[cache] RJ01137447
[enrich] 6801/10500 RJ01137447: tags=6 desc=704 img=hi [cached]
[cache] RJ01566481
[enrich] 6802/10500 RJ01566481: tags=6 desc=1251 img=hi [cached]
[cache] RJ368798
[enrich] 6803/10500 RJ368798: tags=6 desc=601 img=hi [cached]
[cache] RJ01064814
[enrich] 6804/10500 RJ01064814: tags=6 desc=955 img=hi [cached]
[cache] RJ382351
[enrich] 6805/10500 RJ382351: tags=6 desc=783 img=hi [cached]
[cache] RJ373802
[enrich] 6806/10500 RJ373802: tags=5 desc=130 img=hi [cached]
[cache] RJ326327
[enrich] 6807/10500 RJ326327: tags=6 desc=308 img=hi [cached]
[cache] RJ409332
[enrich] 6808/10500 RJ409332: tags=6 desc=1176 img=hi [cached]
[cache] RJ01149446
[enrich] 6809/10500 RJ01149446: tags=6 desc=1450 img=hi [cached]
[cache] RJ314706
[enrich] 6810/10500 RJ314706: tags=6 desc=640 img=hi [cached]
[cache] RJ01142784
[enrich] 6811/10500 RJ01142784: tags=6 desc=690 img=hi [cached]
[cache] RJ01672243
[enrich] 6812/10500 RJ01672243: tags=6 desc=284 img=hi [cached]
[cache] RJ01321260
[enrich] 6813/10500 RJ01321260: tags=6 desc=2157 img=hi [cached]
[cache] RJ01595117
[enrich] 6814/10500 RJ01595117: tags=6 desc=996 img=hi [cached]
[cache] RJ01465785
[enrich] 6815/10500 RJ01465785: tags=6 desc=442 img=hi [cached]
[cache] RJ01457101
[enrich] 6816/10500 RJ01457101: tags=6 desc=1553 img=hi [cached]
[cache] RJ01534550
[enrich] 6817/10500 RJ01534550: tags=6 desc=350 img=hi [cached]
[cache] RJ01528601
[enrich] 6818/10500 RJ01528601: tags=6 desc=595 img=hi [cached]
[cache] RJ01601883
[enrich] 6819/10500 RJ01601883: tags=6 desc=1021 img=hi [cached]
[cache] RJ01523024
[enrich] 6820/10500 RJ01523024: tags=6 desc=746 img=hi [cached]
[cache] RJ01535131
[enrich] 6821/10500 RJ01535131: tags=6 desc=329 img=hi [cached]
[cache] RJ01576505
[enrich] 6822/10500 RJ01576505: tags=6 desc=646 img=hi [cached]
[cache] RJ01536732
[enrich] 6823/10500 RJ01536732: tags=6 desc=362 img=hi [cached]
[cache] RJ01521348
[enrich] 6824/10500 RJ01521348: tags=6 desc=446 img=hi [cached]
[cache] RJ01568439
[enrich] 6825/10500 RJ01568439: tags=6 desc=491 img=hi [cached]
[save] partial 6825/10500: 10500 works → /workspace/dlsite-promo-site/data/works.json
[cache] RJ01605764
[enrich] 6826/10500 RJ01605764: tags=6 desc=692 img=hi [cached]
[cache] RJ01584635
[enrich] 6827/10500 RJ01584635: tags=6 desc=185 img=hi [cached]
[cache] RJ01504617
[enrich] 6828/10500 RJ01504617: tags=6 desc=783 img=hi [cached]
[cache] RJ01549448
[enrich] 6829/10500 RJ01549448: tags=6 desc=1780 img=hi [cached]
[cache] RJ01530272
[enrich] 6830/10500 RJ01530272: tags=6 desc=1400 img=hi [cached]
[cache] RJ01490907
[enrich] 6831/10500 RJ01490907: tags=6 desc=1842 img=hi [cached]
[cache] RJ01358471
[enrich] 6832/10500 RJ01358471: tags=6 desc=1001 img=hi [cached]
[cache] RJ01645870
[enrich] 6833/10500 RJ01645870: tags=6 desc=707 img=hi [cached]
[cache] RJ01529492
[enrich] 6834/10500 RJ01529492: tags=6 desc=650 img=hi [cached]
[cache] RJ01504155
[enrich] 6835/10500 RJ01504155: tags=6 desc=300 img=hi [cached]
[cache] RJ01511031
[enrich] 6836/10500 RJ01511031: tags=6 desc=589 img=hi [cached]
[cache] RJ01454713
[enrich] 6837/10500 RJ01454713: tags=6 desc=435 img=hi [cached]
[cache] RJ01647923
[enrich] 6838/10500 RJ01647923: tags=6 desc=1124 img=hi [cached]
[cache] RJ01579772
[enrich] 6839/10500 RJ01579772: tags=6 desc=648 img=hi [cached]
[cache] RJ01485626
[enrich] 6840/10500 RJ01485626: tags=6 desc=575 img=hi [cached]
[cache] RJ01547895
[enrich] 6841/10500 RJ01547895: tags=6 desc=394 img=hi [cached]
[cache] RJ01548530
[enrich] 6842/10500 RJ01548530: tags=6 desc=417 img=hi [cached]
[cache] RJ01533656
[enrich] 6843/10500 RJ01533656: tags=6 desc=334 img=hi [cached]
[cache] RJ01572703
[enrich] 6844/10500 RJ01572703: tags=6 desc=411 img=hi [cached]
[cache] RJ01613883
[enrich] 6845/10500 RJ01613883: tags=6 desc=1206 img=hi [cached]
[cache] RJ01490772
[enrich] 6846/10500 RJ01490772: tags=6 desc=4484 img=hi [cached]
[cache] RJ01630564
[enrich] 6847/10500 RJ01630564: tags=5 desc=940 img=hi [cached]
[cache] RJ01582516
[enrich] 6848/10500 RJ01582516: tags=6 desc=975 img=hi [cached]
[cache] RJ01514502
[enrich] 6849/10500 RJ01514502: tags=6 desc=307 img=hi [cached]
[cache] RJ01427647
[enrich] 6850/10500 RJ01427647: tags=6 desc=336 img=hi [cached]
[save] partial 6850/10500: 10500 works → /workspace/dlsite-promo-site/data/works.json
[cache] RJ01417317
[enrich] 6851/10500 RJ01417317: tags=6 desc=422 img=hi [cached]
[cache] RJ01331124
[enrich] 6852/10500 RJ01331124: tags=6 desc=694 img=hi [cached]
[cache] RJ01498077
[enrich] 6853/10500 RJ01498077: tags=6 desc=1093 img=hi [cached]
[cache] RJ01436445
[enrich] 6854/10500 RJ01436445: tags=6 desc=418 img=hi [cached]
[cache] RJ01447944
[enrich] 6855/10500 RJ01447944: tags=6 desc=630 img=hi [cached]
[cache] RJ01545323
[enrich] 6856/10500 RJ01545323: tags=6 desc=3164 img=hi [cached]
[cache] RJ01355566
[enrich] 6857/10500 RJ01355566: tags=6 desc=255 img=hi [cached]
[cache] RJ01626653
[enrich] 6858/10500 RJ01626653: tags=6 desc=1206 img=hi [cached]
[cache] RJ01575742
[enrich] 6859/10500 RJ01575742: tags=6 desc=901 img=hi [cached]
[cache] RJ01532008
[enrich] 6860/10500 RJ01532008: tags=6 desc=784 img=hi [cached]
[cache] RJ01525053
[enrich] 6861/10500 RJ01525053: tags=6 desc=325 img=hi [cached]
[cache] RJ01450731
[enrich] 6862/10500 RJ01450731: tags=6 desc=374 img=hi [cached]
[cache] RJ01142215
[enrich] 6863/10500 RJ01142215: tags=6 desc=546 img=hi [cached]
[cache] RJ01553942
[enrich] 6864/10500 RJ01553942: tags=6 desc=687 img=hi [cached]
[cache] RJ01425673
[enrich] 6865/10500 RJ01425673: tags=6 desc=552 img=hi [cached]
[cache] RJ01444814
[enrich] 6866/10500 RJ01444814: tags=6 desc=393 img=hi [cached]
[cache] RJ01056586
[enrich] 6867/10500 RJ01056586: tags=6 desc=512 img=hi [cached]
[cache] RJ01486272
[enrich] 6868/10500 RJ01486272: tags=6 desc=456 img=hi [cached]
[cache] RJ01590597
[enrich] 6869/10500 RJ01590597: tags=6 desc=1073 img=hi [cached]
[cache] RJ01662317
[enrich] 6870/10500 RJ01662317: tags=6 desc=1086 img=hi [cached]
[cache] RJ01451887
[enrich] 6871/10500 RJ01451887: tags=6 desc=1481 img=hi [cached]
[cache] RJ01580603
[enrich] 6872/10500 RJ01580603: tags=6 desc=639 img=hi [cached]
[cache] RJ01603829
[enrich] 6873/10500 RJ01603829: tags=6 desc=3712 img=hi [cached]
[cache] RJ01606615
[enrich] 6874/10500 RJ01606615: tags=6 desc=695 img=hi [cached]
[cache] RJ01448868
[enrich] 6875/10500 RJ01448868: tags=6 desc=378 img=hi [cached]
[save] partial 6875/10500: 10500 works → /workspace/dlsite-promo-site/data/works.json
[cache] RJ01651012
[enrich] 6876/10500 RJ01651012: tags=6 desc=526 img=hi [cached]
[cache] RJ01511093
[enrich] 6877/10500 RJ01511093: tags=6 desc=4484 img=hi [cached]
[cache] RJ01525324
[enrich] 6878/10500 RJ01525324: tags=6 desc=4454 img=hi [cached]
[cache] RJ01562772
[enrich] 6879/10500 RJ01562772: tags=6 desc=389 img=hi [cached]
[cache] RJ01456662
[enrich] 6880/10500 RJ01456662: tags=6 desc=1002 img=hi [cached]
[cache] RJ01344494
[enrich] 6881/10500 RJ01344494: tags=6 desc=441 img=hi [cached]
[cache] RJ01107734
[enrich] 6882/10500 RJ01107734: tags=6 desc=202 img=hi [cached]
[cache] RJ01066839
[enrich] 6883/10500 RJ01066839: tags=6 desc=2200 img=hi [cached]
[cache] RJ01498915
[enrich] 6884/10500 RJ01498915: tags=6 desc=319 img=hi [cached]
[cache] RJ01301753
[enrich] 6885/10500 RJ01301753: tags=6 desc=612 img=hi [cached]
[cache] RJ439957
[enrich] 6886/10500 RJ439957: tags=6 desc=2046 img=hi [cached]
[cache] RJ417546
[enrich] 6887/10500 RJ417546: tags=6 desc=1887 img=hi [cached]
[cache] RJ01235825
[enrich] 6888/10500 RJ01235825: tags=6 desc=421 img=hi [cached]
[cache] RJ01240359
[enrich] 6889/10500 RJ01240359: tags=6 desc=1409 img=hi [cached]
[cache] RJ01171415
[enrich] 6890/10500 RJ01171415: tags=6 desc=1192 img=hi [cached]
[cache] RJ01017456
[enrich] 6891/10500 RJ01017456: tags=6 desc=1965 img=hi [cached]
[cache] RJ01295058
[enrich] 6892/10500 RJ01295058: tags=6 desc=355 img=hi [cached]
[cache] RJ01012395
[enrich] 6893/10500 RJ01012395: tags=6 desc=3412 img=hi [cached]
[cache] RJ01468290
[enrich] 6894/10500 RJ01468290: tags=6 desc=295 img=hi [cached]
[cache] RJ01006579
[enrich] 6895/10500 RJ01006579: tags=6 desc=708 img=hi [cached]
[cache] RJ398073
[enrich] 6896/10500 RJ398073: tags=6 desc=2954 img=hi [cached]
[cache] RJ01124587
[enrich] 6897/10500 RJ01124587: tags=6 desc=213 img=hi [cached]
[cache] RJ01037195
[enrich] 6898/10500 RJ01037195: tags=4 desc=319 img=hi [cached]
[cache] RJ306741
[enrich] 6899/10500 RJ306741: tags=6 desc=759 img=hi [cached]
[cache] RJ01224240
[enrich] 6900/10500 RJ01224240: tags=6 desc=1024 img=hi [cached]
[save] partial 6900/10500: 10500 works → /workspace/dlsite-promo-site/data/works.json
[cache] RJ01055535
[enrich] 6901/10500 RJ01055535: tags=6 desc=2381 img=hi [cached]
[cache] RJ379952
[enrich] 6902/10500 RJ379952: tags=6 desc=1874 img=hi [cached]
[cache] RJ01349643
[enrich] 6903/10500 RJ01349643: tags=6 desc=1514 img=hi [cached]
[cache] RJ01058162
[enrich] 6904/10500 RJ01058162: tags=6 desc=662 img=hi [cached]
[cache] RJ01303172
[enrich] 6905/10500 RJ01303172: tags=6 desc=671 img=hi [cached]
[cache] RJ01115232
[enrich] 6906/10500 RJ01115232: tags=6 desc=2197 img=hi [cached]
[cache] RJ01353298
[enrich] 6907/10500 RJ01353298: tags=6 desc=1382 img=hi [cached]
[cache] RJ01582054
[enrich] 6908/10500 RJ01582054: tags=6 desc=358 img=hi [cached]
[cache] RJ295800
[enrich] 6909/10500 RJ295800: tags=6 desc=106 img=hi [cached]
[cache] RJ436896
[enrich] 6910/10500 RJ436896: tags=6 desc=563 img=hi [cached]
[cache] RJ01202000
[enrich] 6911/10500 RJ01202000: tags=6 desc=1038 img=hi [cached]
[cache] RJ244977
[enrich] 6912/10500 RJ244977: tags=6 desc=134 img=hi [cached]
[cache] RJ01659227
[enrich] 6913/10500 RJ01659227: tags=6 desc=554 img=hi [cached]
[cache] RJ320260
[enrich] 6914/10500 RJ320260: tags=6 desc=392 img=hi [cached]
[cache] RJ396066
[enrich] 6915/10500 RJ396066: tags=6 desc=679 img=hi [cached]
[cache] RJ01168491
[enrich] 6916/10500 RJ01168491: tags=6 desc=2193 img=hi [cached]
[cache] RJ01000425
[enrich] 6917/10500 RJ01000425: tags=6 desc=322 img=hi [cached]
[cache] RJ01134732
[enrich] 6918/10500 RJ01134732: tags=6 desc=554 img=hi [cached]
[cache] RJ01438537
[enrich] 6919/10500 RJ01438537: tags=6 desc=3020 img=hi [cached]
[cache] RJ357829
[enrich] 6920/10500 RJ357829: tags=5 desc=783 img=hi [cached]
[cache] RJ343874
[enrich] 6921/10500 RJ343874: tags=6 desc=546 img=hi [cached]
[cache] RJ384125
[enrich] 6922/10500 RJ384125: tags=4 desc=147 img=hi [cached]
[cache] RJ274335
[enrich] 6923/10500 RJ274335: tags=6 desc=73 img=hi [cached]
[cache] RJ01593174
[enrich] 6924/10500 RJ01593174: tags=6 desc=742 img=hi [cached]
[cache] RJ01096375
[enrich] 6925/10500 RJ01096375: tags=6 desc=3047 img=hi [cached]
[save] partial 6925/10500: 10500 works → /workspace/dlsite-promo-site/data/works.json
[cache] RJ01462838
[enrich] 6926/10500 RJ01462838: tags=0 desc=181 img=hi [cached]
[cache] RJ01004200
[enrich] 6927/10500 RJ01004200: tags=5 desc=731 img=hi [cached]
[cache] RJ01502206
[enrich] 6928/10500 RJ01502206: tags=6 desc=1495 img=hi [cached]
[cache] RJ333881
[enrich] 6929/10500 RJ333881: tags=6 desc=275 img=hi [cached]
[cache] RJ371401
[enrich] 6930/10500 RJ371401: tags=6 desc=1013 img=hi [cached]
[cache] RJ01206488
[enrich] 6931/10500 RJ01206488: tags=6 desc=469 img=hi [cached]
[cache] RJ01337177
[enrich] 6932/10500 RJ01337177: tags=6 desc=688 img=hi [cached]
[cache] RJ01601163
[enrich] 6933/10500 RJ01601163: tags=6 desc=800 img=hi [cached]
[cache] RJ01168794
[enrich] 6934/10500 RJ01168794: tags=6 desc=511 img=hi [cached]
[cache] RJ327450
[enrich] 6935/10500 RJ327450: tags=6 desc=1089 img=hi [cached]
[cache] RJ284471
[enrich] 6936/10500 RJ284471: tags=6 desc=893 img=hi [cached]
[cache] RJ01201243
[enrich] 6937/10500 RJ01201243: tags=6 desc=506 img=hi [cached]
[cache] RJ01390312
[enrich] 6938/10500 RJ01390312: tags=6 desc=238 img=hi [cached]
[cache] RJ01172818
[enrich] 6939/10500 RJ01172818: tags=6 desc=3113 img=hi [cached]
[cache] RJ311563
[enrich] 6940/10500 RJ311563: tags=6 desc=518 img=hi [cached]
[cache] RJ323075
[enrich] 6941/10500 RJ323075: tags=6 desc=329 img=hi [cached]
[cache] RJ01479805
[enrich] 6942/10500 RJ01479805: tags=6 desc=824 img=hi [cached]
[cache] RJ01510500
[enrich] 6943/10500 RJ01510500: tags=6 desc=489 img=hi [cached]
[cache] RJ01237460
[enrich] 6944/10500 RJ01237460: tags=3 desc=484 img=hi [cached]
[cache] RJ01380854
[enrich] 6945/10500 RJ01380854: tags=6 desc=1618 img=hi [cached]
[cache] RJ424650
[enrich] 6946/10500 RJ424650: tags=6 desc=3321 img=hi [cached]
[cache] RJ266637
[enrich] 6947/10500 RJ266637: tags=6 desc=114 img=hi [cached]
[cache] RJ01083097
[enrich] 6948/10500 RJ01083097: tags=6 desc=396 img=hi [cached]
[cache] RJ01134788
[enrich] 6949/10500 RJ01134788: tags=2 desc=357 img=hi [cached]
[cache] RJ01350764
[enrich] 6950/10500 RJ01350764: tags=6 desc=246 img=hi [cached]
[save] partial 6950/10500: 10500 works → /workspace/dlsite-promo-site/data/works.json
[cache] RJ01250634
[enrich] 6951/10500 RJ01250634: tags=6 desc=567 img=hi [cached]
[cache] RJ254933
[enrich] 6952/10500 RJ254933: tags=6 desc=222 img=hi [cached]
[cache] RJ387104
[enrich] 6953/10500 RJ387104: tags=6 desc=1708 img=hi [cached]
[cache] RJ311103
[enrich] 6954/10500 RJ311103: tags=6 desc=188 img=hi [cached]
[cache] RJ407016
[enrich] 6955/10500 RJ407016: tags=6 desc=312 img=hi [cached]
[cache] RJ393064
[enrich] 6956/10500 RJ393064: tags=6 desc=251 img=hi [cached]
[cache] RJ01207299
[enrich] 6957/10500 RJ01207299: tags=6 desc=230 img=hi [cached]
[cache] RJ374540
[enrich] 6958/10500 RJ374540: tags=6 desc=317 img=hi [cached]
[cache] RJ337434
[enrich] 6959/10500 RJ337434: tags=6 desc=2943 img=hi [cached]
[cache] RJ01432794
[enrich] 6960/10500 RJ01432794: tags=6 desc=491 img=hi [cached]
[cache] RJ321930
[enrich] 6961/10500 RJ321930: tags=6 desc=390 img=hi [cached]
[cache] RJ01112756
[enrich] 6962/10500 RJ01112756: tags=6 desc=137 img=hi [cached]
[cache] RJ01379117
[enrich] 6963/10500 RJ01379117: tags=6 desc=400 img=hi [cached]
[cache] RJ01052897
[enrich] 6964/10500 RJ01052897: tags=6 desc=466 img=hi [cached]
[cache] RJ01115531
[enrich] 6965/10500 RJ01115531: tags=6 desc=461 img=hi [cached]
[cache] RJ01118785
[enrich] 6966/10500 RJ01118785: tags=6 desc=465 img=hi [cached]
[cache] RJ01471452
[enrich] 6967/10500 RJ01471452: tags=6 desc=926 img=hi [cached]
[cache] RJ357884
[enrich] 6968/10500 RJ357884: tags=6 desc=2912 img=hi [cached]
[cache] RJ307499
[enrich] 6969/10500 RJ307499: tags=6 desc=225 img=hi [cached]
[cache] RJ311756
[enrich] 6970/10500 RJ311756: tags=6 desc=1948 img=hi [cached]
[cache] RJ01103834
[enrich] 6971/10500 RJ01103834: tags=6 desc=445 img=hi [cached]
[cache] RJ369904
[enrich] 6972/10500 RJ369904: tags=6 desc=304 img=hi [cached]
[cache] RJ01309139
[enrich] 6973/10500 RJ01309139: tags=6 desc=802 img=hi [cached]
[cache] RJ415888
[enrich] 6974/10500 RJ415888: tags=6 desc=745 img=hi [cached]
[cache] RJ01382844
[enrich] 6975/10500 RJ01382844: tags=6 desc=689 img=hi [cached]
[save] partial 6975/10500: 10500 works → /workspace/dlsite-promo-site/data/works.json
[cache] RJ314147
[enrich] 6976/10500 RJ314147: tags=6 desc=308 img=hi [cached]
[cache] RJ01108589
[enrich] 6977/10500 RJ01108589: tags=6 desc=2200 img=hi [cached]
[cache] RJ266793
[enrich] 6978/10500 RJ266793: tags=4 desc=136 img=hi [cached]
[cache] RJ01127349
[enrich] 6979/10500 RJ01127349: tags=6 desc=892 img=hi [cached]
[cache] RJ01556402
[enrich] 6980/10500 RJ01556402: tags=6 desc=1567 img=hi [cached]
[cache] RJ01601946
[enrich] 6981/10500 RJ01601946: tags=6 desc=517 img=hi [cached]
[cache] RJ01656530
[enrich] 6982/10500 RJ01656530: tags=6 desc=806 img=hi [cached]
[cache] RJ01523464
[enrich] 6983/10500 RJ01523464: tags=6 desc=369 img=hi [cached]
[cache] RJ01604964
[enrich] 6984/10500 RJ01604964: tags=6 desc=559 img=hi [cached]
[cache] RJ01578845
[enrich] 6985/10500 RJ01578845: tags=6 desc=566 img=hi [cached]
[cache] RJ01527587
[enrich] 6986/10500 RJ01527587: tags=6 desc=433 img=hi [cached]
[cache] RJ01582354
[enrich] 6987/10500 RJ01582354: tags=6 desc=1430 img=hi [cached]
[cache] RJ01694792
[enrich] 6988/10500 RJ01694792: tags=6 desc=1968 img=hi [cached]
[cache] RJ01596378
[enrich] 6989/10500 RJ01596378: tags=6 desc=279 img=hi [cached]
[cache] RJ01614212
[enrich] 6990/10500 RJ01614212: tags=6 desc=652 img=hi [cached]
[cache] RJ01527854
[enrich] 6991/10500 RJ01527854: tags=6 desc=789 img=hi [cached]
[cache] RJ01480532
[enrich] 6992/10500 RJ01480532: tags=6 desc=593 img=hi [cached]
[cache] RJ01563669
[enrich] 6993/10500 RJ01563669: tags=6 desc=1024 img=hi [cached]
[cache] RJ01493794
[enrich] 6994/10500 RJ01493794: tags=6 desc=263 img=hi [cached]
[cache] RJ01654387
[enrich] 6995/10500 RJ01654387: tags=6 desc=1485 img=hi [cached]
[cache] RJ01484274
[enrich] 6996/10500 RJ01484274: tags=6 desc=1021 img=hi [cached]
[cache] RJ01445117
[enrich] 6997/10500 RJ01445117: tags=6 desc=584 img=hi [cached]
[cache] RJ01637960
[enrich] 6998/10500 RJ01637960: tags=6 desc=437 img=hi [cached]
[cache] RJ01575002
[enrich] 6999/10500 RJ01575002: tags=4 desc=777 img=hi [cached]
[cache] RJ01510390
[enrich] 7000/10500 RJ01510390: tags=6 desc=484 img=hi [cached]
[save] partial 7000/10500: 10500 works → /workspace/dlsite-promo-site/data/works.json
[cache] RJ01493402
[enrich] 7001/10500 RJ01493402: tags=6 desc=922 img=hi [cached]
[cache] RJ01539767
[enrich] 7002/10500 RJ01539767: tags=6 desc=256 img=hi [cached]
[cache] RJ01495474
[enrich] 7003/10500 RJ01495474: tags=6 desc=614 img=hi [cached]
[cache] RJ01526750
[enrich] 7004/10500 RJ01526750: tags=6 desc=1011 img=hi [cached]
[cache] RJ01608685
[enrich] 7005/10500 RJ01608685: tags=6 desc=697 img=hi [cached]
[cache] RJ01497900
[enrich] 7006/10500 RJ01497900: tags=6 desc=1167 img=hi [cached]
[cache] RJ01654372
[enrich] 7007/10500 RJ01654372: tags=6 desc=2494 img=hi [cached]
[cache] RJ01474037
[enrich] 7008/10500 RJ01474037: tags=6 desc=3079 img=hi [cached]
[cache] RJ01502646
[enrich] 7009/10500 RJ01502646: tags=6 desc=408 img=hi [cached]
[cache] RJ01521895
[enrich] 7010/10500 RJ01521895: tags=6 desc=490 img=hi [cached]
[cache] RJ01654448
[enrich] 7011/10500 RJ01654448: tags=6 desc=498 img=hi [cached]
[cache] RJ01516754
[enrich] 7012/10500 RJ01516754: tags=6 desc=2501 img=hi [cached]
[cache] RJ01553686
[enrich] 7013/10500 RJ01553686: tags=6 desc=340 img=hi [cached]
[cache] RJ01554740
[enrich] 7014/10500 RJ01554740: tags=6 desc=972 img=hi [cached]
[cache] RJ01544260
[enrich] 7015/10500 RJ01544260: tags=6 desc=2023 img=hi [cached]
[cache] RJ01611146
[enrich] 7016/10500 RJ01611146: tags=6 desc=904 img=hi [cached]
[cache] RJ01576756
[enrich] 7017/10500 RJ01576756: tags=6 desc=803 img=hi [cached]
[cache] RJ01531918
[enrich] 7018/10500 RJ01531918: tags=6 desc=431 img=hi [cached]
[cache] RJ01548452
[enrich] 7019/10500 RJ01548452: tags=6 desc=742 img=hi [cached]
[cache] RJ01550826
[enrich] 7020/10500 RJ01550826: tags=6 desc=414 img=hi [cached]
[cache] RJ01494599
[enrich] 7021/10500 RJ01494599: tags=6 desc=224 img=hi [cached]
[cache] RJ01607574
[enrich] 7022/10500 RJ01607574: tags=6 desc=2401 img=hi [cached]
[cache] RJ01532223
[enrich] 7023/10500 RJ01532223: tags=6 desc=539 img=hi [cached]
[cache] RJ01675817
[enrich] 7024/10500 RJ01675817: tags=6 desc=380 img=hi [cached]
[cache] RJ01509353
[enrich] 7025/10500 RJ01509353: tags=6 desc=877 img=hi [cached]
[save] partial 7025/10500: 10500 works → /workspace/dlsite-promo-site/data/works.json
[cache] RJ01524796
[enrich] 7026/10500 RJ01524796: tags=6 desc=488 img=hi [cached]
[cache] RJ01562601
[enrich] 7027/10500 RJ01562601: tags=6 desc=452 img=hi [cached]
[cache] RJ01614791
[enrich] 7028/10500 RJ01614791: tags=6 desc=1803 img=hi [cached]
[cache] RJ01508141
[enrich] 7029/10500 RJ01508141: tags=6 desc=2446 img=hi [cached]
[cache] RJ01637505
[enrich] 7030/10500 RJ01637505: tags=6 desc=489 img=hi [cached]
[cache] RJ01590575
[enrich] 7031/10500 RJ01590575: tags=6 desc=529 img=hi [cached]
[cache] RJ01511499
[enrich] 7032/10500 RJ01511499: tags=2 desc=93 img=hi [cached]
[cache] RJ01090142
[enrich] 7033/10500 RJ01090142: tags=2 desc=113 img=hi [cached]
[cache] RJ01528992
[enrich] 7034/10500 RJ01528992: tags=6 desc=854 img=hi [cached]
[cache] RJ01516755
[enrich] 7035/10500 RJ01516755: tags=6 desc=508 img=hi [cached]
[cache] RJ01580100
[enrich] 7036/10500 RJ01580100: tags=5 desc=385 img=hi [cached]
[cache] RJ01476397
[enrich] 7037/10500 RJ01476397: tags=6 desc=243 img=hi [cached]
[cache] RJ01548328
[enrich] 7038/10500 RJ01548328: tags=6 desc=695 img=hi [cached]
[cache] RJ01648618
[enrich] 7039/10500 RJ01648618: tags=6 desc=210 img=hi [cached]
[cache] RJ01385238
[enrich] 7040/10500 RJ01385238: tags=6 desc=893 img=hi [cached]
[cache] RJ01520398
[enrich] 7041/10500 RJ01520398: tags=6 desc=1987 img=hi [cached]
[cache] RJ01394303
[enrich] 7042/10500 RJ01394303: tags=6 desc=769 img=hi [cached]
[cache] RJ01425945
[enrich] 7043/10500 RJ01425945: tags=6 desc=1138 img=hi [cached]
[cache] RJ01666961
[enrich] 7044/10500 RJ01666961: tags=6 desc=1154 img=hi [cached]
[cache] RJ01573983
[enrich] 7045/10500 RJ01573983: tags=4 desc=248 img=hi [cached]
[cache] RJ01557147
[enrich] 7046/10500 RJ01557147: tags=6 desc=902 img=hi [cached]
[cache] RJ01593206
[enrich] 7047/10500 RJ01593206: tags=6 desc=365 img=hi [cached]
[cache] RJ124332
[enrich] 7048/10500 RJ124332: tags=0 desc=421 img=hi [cached]
[cache] RJ362064
[enrich] 7049/10500 RJ362064: tags=4 desc=352 img=hi [cached]
[cache] RJ326302
[enrich] 7050/10500 RJ326302: tags=6 desc=1885 img=hi [cached]
[save] partial 7050/10500: 10500 works → /workspace/dlsite-promo-site/data/works.json
[cache] RJ01176197
[enrich] 7051/10500 RJ01176197: tags=6 desc=2679 img=hi [cached]
[cache] RJ273092
[enrich] 7052/10500 RJ273092: tags=5 desc=3367 img=hi [cached]
[cache] RJ01027159
[enrich] 7053/10500 RJ01027159: tags=6 desc=3070 img=hi [cached]
[cache] RJ290635
[enrich] 7054/10500 RJ290635: tags=6 desc=2404 img=hi [cached]
[cache] RJ01065899
[enrich] 7055/10500 RJ01065899: tags=6 desc=947 img=hi [cached]
[cache] RJ271310
[enrich] 7056/10500 RJ271310: tags=5 desc=2255 img=hi [cached]
[cache] RJ271247
[enrich] 7057/10500 RJ271247: tags=6 desc=2720 img=hi [cached]
[cache] RJ01448990
[enrich] 7058/10500 RJ01448990: tags=6 desc=1532 img=hi [cached]
[cache] RJ406462
[enrich] 7059/10500 RJ406462: tags=6 desc=2059 img=hi [cached]
[cache] RJ01181752
[enrich] 7060/10500 RJ01181752: tags=3 desc=2177 img=hi [cached]
[cache] RJ247996
[enrich] 7061/10500 RJ247996: tags=6 desc=2909 img=hi [cached]
[cache] RJ01244683
[enrich] 7062/10500 RJ01244683: tags=6 desc=4456 img=hi [cached]
[cache] RJ299519
[enrich] 7063/10500 RJ299519: tags=6 desc=101 img=hi [cached]
[cache] RJ01119196
[enrich] 7064/10500 RJ01119196: tags=6 desc=1583 img=hi [cached]
[cache] RJ01301072
[enrich] 7065/10500 RJ01301072: tags=6 desc=2844 img=hi [cached]
[cache] RJ378472
[enrich] 7066/10500 RJ378472: tags=6 desc=662 img=hi [cached]
[cache] RJ01289250
[enrich] 7067/10500 RJ01289250: tags=6 desc=2872 img=hi [cached]
[cache] RJ359306
[enrich] 7068/10500 RJ359306: tags=6 desc=3805 img=hi [cached]
[cache] RJ154472
[enrich] 7069/10500 RJ154472: tags=6 desc=927 img=hi [cached]
[cache] RJ276147
[enrich] 7070/10500 RJ276147: tags=6 desc=1537 img=hi [cached]
[cache] RJ416030
[enrich] 7071/10500 RJ416030: tags=6 desc=1807 img=hi [cached]
[cache] RJ270816
[enrich] 7072/10500 RJ270816: tags=6 desc=480 img=hi [cached]
[cache] RJ01529502
[enrich] 7073/10500 RJ01529502: tags=0 desc=267 img=hi [cached]
[cache] RJ364808
[enrich] 7074/10500 RJ364808: tags=6 desc=1053 img=hi [cached]
[cache] RJ320071
[enrich] 7075/10500 RJ320071: tags=6 desc=106 img=hi [cached]
[save] partial 7075/10500: 10500 works → /workspace/dlsite-promo-site/data/works.json
[cache] RJ01171192
[enrich] 7076/10500 RJ01171192: tags=6 desc=942 img=hi [cached]
[cache] RJ278956
[enrich] 7077/10500 RJ278956: tags=6 desc=573 img=hi [cached]
[cache] RJ01325413
[enrich] 7078/10500 RJ01325413: tags=6 desc=2634 img=hi [cached]
[cache] RJ256088
[enrich] 7079/10500 RJ256088: tags=6 desc=3672 img=hi [cached]
[cache] RJ265568
[enrich] 7080/10500 RJ265568: tags=6 desc=1889 img=hi [cached]
[cache] RJ377573
[enrich] 7081/10500 RJ377573: tags=6 desc=2983 img=hi [cached]
[cache] RJ311379
[enrich] 7082/10500 RJ311379: tags=6 desc=609 img=hi [cached]
[cache] RJ249950
[enrich] 7083/10500 RJ249950: tags=6 desc=3937 img=hi [cached]
[cache] RJ01219592
[enrich] 7084/10500 RJ01219592: tags=6 desc=3985 img=hi [cached]
[cache] RJ01199805
[enrich] 7085/10500 RJ01199805: tags=6 desc=3017 img=hi [cached]
[cache] RJ328200
[enrich] 7086/10500 RJ328200: tags=6 desc=570 img=hi [cached]
[cache] RJ01349189
[enrich] 7087/10500 RJ01349189: tags=6 desc=1385 img=hi [cached]
[cache] RJ255497
[enrich] 7088/10500 RJ255497: tags=2 desc=2346 img=hi [cached]
[cache] RJ205150
[enrich] 7089/10500 RJ205150: tags=2 desc=1246 img=hi [cached]
[cache] RJ01067893
[enrich] 7090/10500 RJ01067893: tags=6 desc=1856 img=hi [cached]
[cache] RJ232470
[enrich] 7091/10500 RJ232470: tags=5 desc=1235 img=hi [cached]
[cache] RJ264967
[enrich] 7092/10500 RJ264967: tags=6 desc=2335 img=hi [cached]
[cache] RJ01174843
[enrich] 7093/10500 RJ01174843: tags=6 desc=1309 img=hi [cached]
[cache] RJ370696
[enrich] 7094/10500 RJ370696: tags=6 desc=1846 img=hi [cached]
[cache] RJ332463
[enrich] 7095/10500 RJ332463: tags=6 desc=1312 img=hi [cached]
[cache] RJ01042536
[enrich] 7096/10500 RJ01042536: tags=6 desc=3276 img=hi [cached]
[cache] RJ251677
[enrich] 7097/10500 RJ251677: tags=3 desc=1303 img=hi [cached]
[cache] RJ01192768
[enrich] 7098/10500 RJ01192768: tags=6 desc=1657 img=hi [cached]
[cache] RJ01325022
[enrich] 7099/10500 RJ01325022: tags=6 desc=1417 img=hi [cached]
[cache] RJ227242
[enrich] 7100/10500 RJ227242: tags=6 desc=2379 img=hi [cached]
[save] partial 7100/10500: 10500 works → /workspace/dlsite-promo-site/data/works.json
[cache] RJ215157
[enrich] 7101/10500 RJ215157: tags=5 desc=1411 img=hi [cached]
[cache] RJ313684
[enrich] 7102/10500 RJ313684: tags=6 desc=1573 img=hi [cached]
[cache] RJ01260091
[enrich] 7103/10500 RJ01260091: tags=6 desc=792 img=hi [cached]
[cache] RJ01156902
[enrich] 7104/10500 RJ01156902: tags=6 desc=1176 img=hi [cached]
[cache] RJ172002
[enrich] 7105/10500 RJ172002: tags=6 desc=2013 img=hi [cached]
[cache] RJ01176508
[enrich] 7106/10500 RJ01176508: tags=6 desc=1491 img=hi [cached]
[cache] RJ01148133
[enrich] 7107/10500 RJ01148133: tags=4 desc=2120 img=hi [cached]
[cache] RJ01287230
[enrich] 7108/10500 RJ01287230: tags=6 desc=1727 img=hi [cached]
[cache] RJ438407
[enrich] 7109/10500 RJ438407: tags=6 desc=1745 img=hi [cached]
[cache] RJ371145
[enrich] 7110/10500 RJ371145: tags=6 desc=1125 img=hi [cached]
[cache] RJ406695
[enrich] 7111/10500 RJ406695: tags=6 desc=1210 img=hi [cached]
[cache] RJ382557
[enrich] 7112/10500 RJ382557: tags=5 desc=1059 img=hi [cached]
[cache] RJ267322
[enrich] 7113/10500 RJ267322: tags=6 desc=4445 img=hi [cached]
[cache] RJ325494
[enrich] 7114/10500 RJ325494: tags=4 desc=905 img=hi [cached]
[cache] RJ290878
[enrich] 7115/10500 RJ290878: tags=6 desc=43 img=hi [cached]
[cache] RJ321580
[enrich] 7116/10500 RJ321580: tags=6 desc=172 img=hi [cached]
[cache] RJ01128745
[enrich] 7117/10500 RJ01128745: tags=6 desc=1596 img=hi [cached]
[cache] RJ249851
[enrich] 7118/10500 RJ249851: tags=6 desc=3490 img=hi [cached]
[cache] RJ01008857
[enrich] 7119/10500 RJ01008857: tags=6 desc=287 img=hi [cached]
[cache] RJ01058204
[enrich] 7120/10500 RJ01058204: tags=6 desc=1478 img=hi [cached]
[cache] RJ213550
[enrich] 7121/10500 RJ213550: tags=6 desc=1878 img=hi [cached]
[cache] RJ01037192
[enrich] 7122/10500 RJ01037192: tags=6 desc=1401 img=hi [cached]
[cache] RJ01008855
[enrich] 7123/10500 RJ01008855: tags=6 desc=286 img=hi [cached]
[cache] RJ01460348
[enrich] 7124/10500 RJ01460348: tags=6 desc=4492 img=hi [cached]
[cache] RJ247774
[enrich] 7125/10500 RJ247774: tags=6 desc=1526 img=hi [cached]
[save] partial 7125/10500: 10500 works → /workspace/dlsite-promo-site/data/works.json
[cache] RJ301727
[enrich] 7126/10500 RJ301727: tags=6 desc=829 img=hi [cached]
[cache] RJ296230
[enrich] 7127/10500 RJ296230: tags=6 desc=72 img=hi [cached]
[cache] RJ284652
[enrich] 7128/10500 RJ284652: tags=6 desc=566 img=hi [cached]
[cache] RJ183664
[enrich] 7129/10500 RJ183664: tags=5 desc=2008 img=hi [cached]
[cache] RJ426280
[enrich] 7130/10500 RJ426280: tags=6 desc=2926 img=hi [cached]
[cache] RJ01379611
[enrich] 7131/10500 RJ01379611: tags=6 desc=888 img=hi [cached]
[cache] RJ324802
[enrich] 7132/10500 RJ324802: tags=6 desc=546 img=hi [cached]
[cache] RJ440404
[enrich] 7133/10500 RJ440404: tags=6 desc=429 img=hi [cached]
[cache] RJ377339
[enrich] 7134/10500 RJ377339: tags=6 desc=3856 img=hi [cached]
[cache] RJ419695
[enrich] 7135/10500 RJ419695: tags=6 desc=476 img=hi [cached]
[cache] RJ406688
[enrich] 7136/10500 RJ406688: tags=6 desc=1704 img=hi [cached]
[cache] RJ01046343
[enrich] 7137/10500 RJ01046343: tags=6 desc=3713 img=hi [cached]
[cache] RJ160018
[enrich] 7138/10500 RJ160018: tags=5 desc=690 img=hi [cached]
[cache] RJ229033
[enrich] 7139/10500 RJ229033: tags=6 desc=2167 img=hi [cached]
[cache] RJ01276524
[enrich] 7140/10500 RJ01276524: tags=6 desc=106 img=hi [cached]
[cache] RJ01049723
[enrich] 7141/10500 RJ01049723: tags=6 desc=1953 img=hi [cached]
[cache] RJ265887
[enrich] 7142/10500 RJ265887: tags=6 desc=2258 img=hi [cached]
[cache] RJ235005
[enrich] 7143/10500 RJ235005: tags=6 desc=2063 img=hi [cached]
[cache] RJ320732
[enrich] 7144/10500 RJ320732: tags=6 desc=90 img=hi [cached]
[cache] RJ064378
[enrich] 7145/10500 RJ064378: tags=5 desc=439 img=hi [cached]
[cache] RJ410411
[enrich] 7146/10500 RJ410411: tags=6 desc=1407 img=hi [cached]
[cache] RJ385885
[enrich] 7147/10500 RJ385885: tags=6 desc=92 img=hi [cached]
[cache] RJ414024
[enrich] 7148/10500 RJ414024: tags=6 desc=108 img=hi [cached]
[cache] RJ01234695
[enrich] 7149/10500 RJ01234695: tags=6 desc=449 img=hi [cached]
[cache] RJ245512
[enrich] 7150/10500 RJ245512: tags=6 desc=1524 img=hi [cached]
[save] partial 7150/10500: 10500 works → /workspace/dlsite-promo-site/data/works.json
[cache] RJ131395
[enrich] 7151/10500 RJ131395: tags=6 desc=1175 img=hi [cached]
[cache] RJ246271
[enrich] 7152/10500 RJ246271: tags=6 desc=3373 img=hi [cached]
[cache] RJ437264
[enrich] 7153/10500 RJ437264: tags=6 desc=1457 img=hi [cached]
[cache] RJ418151
[enrich] 7154/10500 RJ418151: tags=6 desc=982 img=hi [cached]
[cache] RJ294932
[enrich] 7155/10500 RJ294932: tags=6 desc=1946 img=hi [cached]
[cache] RJ149523
[enrich] 7156/10500 RJ149523: tags=6 desc=1126 img=hi [cached]
[cache] RJ01172338
[enrich] 7157/10500 RJ01172338: tags=6 desc=4196 img=hi [cached]
[cache] RJ01489517
[enrich] 7158/10500 RJ01489517: tags=6 desc=1561 img=hi [cached]
[cache] RJ287668
[enrich] 7159/10500 RJ287668: tags=6 desc=4038 img=hi [cached]
[cache] RJ376471
[enrich] 7160/10500 RJ376471: tags=6 desc=1707 img=hi [cached]
[cache] RJ01186563
[enrich] 7161/10500 RJ01186563: tags=6 desc=1104 img=hi [cached]
[cache] RJ188472
[enrich] 7162/10500 RJ188472: tags=5 desc=1061 img=hi [cached]
[cache] RJ01146413
[enrich] 7163/10500 RJ01146413: tags=5 desc=603 img=hi [cached]
[cache] RJ222653
[enrich] 7164/10500 RJ222653: tags=6 desc=2068 img=hi [cached]
[cache] RJ238713
[enrich] 7165/10500 RJ238713: tags=6 desc=2762 img=hi [cached]
[cache] RJ299833
[enrich] 7166/10500 RJ299833: tags=6 desc=1534 img=hi [cached]
[cache] RJ01231448
[enrich] 7167/10500 RJ01231448: tags=6 desc=2097 img=hi [cached]
[cache] RJ420054
[enrich] 7168/10500 RJ420054: tags=6 desc=3115 img=hi [cached]
[cache] RJ01525151
[enrich] 7169/10500 RJ01525151: tags=6 desc=4489 img=hi [cached]
[cache] RJ01371375
[enrich] 7170/10500 RJ01371375: tags=6 desc=908 img=hi [cached]
[cache] RJ01267801
[enrich] 7171/10500 RJ01267801: tags=6 desc=4492 img=hi [cached]
[cache] RJ01445887
[enrich] 7172/10500 RJ01445887: tags=6 desc=447 img=hi [cached]
[cache] RJ01047650
[enrich] 7173/10500 RJ01047650: tags=5 desc=1906 img=hi [cached]
[cache] RJ395274
[enrich] 7174/10500 RJ395274: tags=6 desc=807 img=hi [cached]
[cache] RJ344122
[enrich] 7175/10500 RJ344122: tags=6 desc=4292 img=hi [cached]
[save] partial 7175/10500: 10500 works → /workspace/dlsite-promo-site/data/works.json
[cache] RJ345795
[enrich] 7176/10500 RJ345795: tags=6 desc=1017 img=hi [cached]
[cache] RJ219502
[enrich] 7177/10500 RJ219502: tags=2 desc=1311 img=hi [cached]
[cache] RJ01009385
[enrich] 7178/10500 RJ01009385: tags=6 desc=1131 img=hi [cached]
[cache] RJ326316
[enrich] 7179/10500 RJ326316: tags=6 desc=1413 img=hi [cached]
[cache] RJ391026
[enrich] 7180/10500 RJ391026: tags=6 desc=492 img=hi [cached]
[cache] RJ01119869
[enrich] 7181/10500 RJ01119869: tags=6 desc=89 img=hi [cached]
[cache] RJ215492
[enrich] 7182/10500 RJ215492: tags=3 desc=1233 img=hi [cached]
[cache] RJ01117844
[enrich] 7183/10500 RJ01117844: tags=6 desc=1109 img=hi [cached]
[cache] RJ01229370
[enrich] 7184/10500 RJ01229370: tags=6 desc=1398 img=hi [cached]
[cache] RJ328320
[enrich] 7185/10500 RJ328320: tags=6 desc=554 img=hi [cached]
[cache] RJ199309
[enrich] 7186/10500 RJ199309: tags=4 desc=1732 img=hi [cached]
[cache] RJ265142
[enrich] 7187/10500 RJ265142: tags=3 desc=2915 img=hi [cached]
[cache] RJ01047483
[enrich] 7188/10500 RJ01047483: tags=6 desc=1048 img=hi [cached]
[cache] RJ01176740
[enrich] 7189/10500 RJ01176740: tags=6 desc=1783 img=hi [cached]
[cache] RJ01253797
[enrich] 7190/10500 RJ01253797: tags=6 desc=1346 img=hi [cached]
[cache] RJ01061980
[enrich] 7191/10500 RJ01061980: tags=6 desc=2294 img=hi [cached]
[cache] RJ235862
[enrich] 7192/10500 RJ235862: tags=6 desc=1859 img=hi [cached]
[cache] RJ234657
[enrich] 7193/10500 RJ234657: tags=6 desc=2579 img=hi [cached]
[cache] RJ302228
[enrich] 7194/10500 RJ302228: tags=6 desc=3792 img=hi [cached]
[cache] RJ01109108
[enrich] 7195/10500 RJ01109108: tags=6 desc=1841 img=hi [cached]
[cache] RJ333256
[enrich] 7196/10500 RJ333256: tags=6 desc=4359 img=hi [cached]
[cache] RJ01004726
[enrich] 7197/10500 RJ01004726: tags=6 desc=1427 img=hi [cached]
[cache] RJ340909
[enrich] 7198/10500 RJ340909: tags=6 desc=437 img=hi [cached]
[cache] RJ163302
[enrich] 7199/10500 RJ163302: tags=4 desc=828 img=hi [cached]
[cache] RJ279408
[enrich] 7200/10500 RJ279408: tags=6 desc=4488 img=hi [cached]
[save] partial 7200/10500: 10500 works → /workspace/dlsite-promo-site/data/works.json
[cache] RJ323864
[enrich] 7201/10500 RJ323864: tags=4 desc=1950 img=hi [cached]
[cache] RJ01225143
[enrich] 7202/10500 RJ01225143: tags=6 desc=1323 img=hi [cached]
[cache] RJ426602
[enrich] 7203/10500 RJ426602: tags=6 desc=3930 img=hi [cached]
[cache] RJ01154173
[enrich] 7204/10500 RJ01154173: tags=6 desc=491 img=hi [cached]
[cache] RJ239666
[enrich] 7205/10500 RJ239666: tags=5 desc=2047 img=hi [cached]
[cache] RJ01215410
[enrich] 7206/10500 RJ01215410: tags=6 desc=2525 img=hi [cached]
[cache] RJ01255148
[enrich] 7207/10500 RJ01255148: tags=6 desc=2590 img=hi [cached]
[cache] RJ01111858
[enrich] 7208/10500 RJ01111858: tags=6 desc=762 img=hi [cached]
[cache] RJ01358698
[enrich] 7209/10500 RJ01358698: tags=6 desc=1550 img=hi [cached]
[cache] RJ240205
[enrich] 7210/10500 RJ240205: tags=6 desc=2216 img=hi [cached]
[cache] RJ01316693
[enrich] 7211/10500 RJ01316693: tags=6 desc=1079 img=hi [cached]
[cache] RJ268053
[enrich] 7212/10500 RJ268053: tags=3 desc=3650 img=hi [cached]
[cache] RJ318789
[enrich] 7213/10500 RJ318789: tags=6 desc=558 img=hi [cached]
[cache] RJ274018
[enrich] 7214/10500 RJ274018: tags=6 desc=2155 img=hi [cached]
[cache] RJ323796
[enrich] 7215/10500 RJ323796: tags=6 desc=2500 img=hi [cached]
[cache] RJ379243
[enrich] 7216/10500 RJ379243: tags=6 desc=597 img=hi [cached]
[cache] RJ332825
[enrich] 7217/10500 RJ332825: tags=6 desc=3223 img=hi [cached]
[cache] RJ361671
[enrich] 7218/10500 RJ361671: tags=6 desc=379 img=hi [cached]
[cache] RJ01095363
[enrich] 7219/10500 RJ01095363: tags=6 desc=3419 img=hi [cached]
[cache] RJ319802
[enrich] 7220/10500 RJ319802: tags=6 desc=2225 img=hi [cached]
[cache] RJ338277
[enrich] 7221/10500 RJ338277: tags=6 desc=728 img=hi [cached]
[cache] RJ392567
[enrich] 7222/10500 RJ392567: tags=6 desc=2872 img=hi [cached]
[cache] RJ311403
[enrich] 7223/10500 RJ311403: tags=6 desc=4470 img=hi [cached]
[cache] RJ223886
[enrich] 7224/10500 RJ223886: tags=5 desc=1833 img=hi [cached]
[cache] RJ378282
[enrich] 7225/10500 RJ378282: tags=6 desc=873 img=hi [cached]
[save] partial 7225/10500: 10500 works → /workspace/dlsite-promo-site/data/works.json
[cache] RJ250149
[enrich] 7226/10500 RJ250149: tags=6 desc=2625 img=hi [cached]
[cache] RJ310693
[enrich] 7227/10500 RJ310693: tags=6 desc=641 img=hi [cached]
[cache] RJ228634
[enrich] 7228/10500 RJ228634: tags=6 desc=1773 img=hi [cached]
[cache] RJ291289
[enrich] 7229/10500 RJ291289: tags=6 desc=1291 img=hi [cached]
[cache] RJ01233056
[enrich] 7230/10500 RJ01233056: tags=5 desc=3501 img=hi [cached]
[cache] RJ133662
[enrich] 7231/10500 RJ133662: tags=3 desc=1167 img=hi [cached]
[cache] RJ299164
[enrich] 7232/10500 RJ299164: tags=6 desc=2249 img=hi [cached]
[cache] RJ01390087
[enrich] 7233/10500 RJ01390087: tags=6 desc=897 img=hi [cached]
[cache] RJ372745
[enrich] 7234/10500 RJ372745: tags=6 desc=4494 img=hi [cached]
[cache] RJ300542
[enrich] 7235/10500 RJ300542: tags=6 desc=2527 img=hi [cached]
[cache] RJ01412548
[enrich] 7236/10500 RJ01412548: tags=6 desc=1271 img=hi [cached]
[cache] RJ405712
[enrich] 7237/10500 RJ405712: tags=6 desc=2419 img=hi [cached]
[cache] RJ320547
[enrich] 7238/10500 RJ320547: tags=6 desc=1982 img=hi [cached]
[cache] RJ376630
[enrich] 7239/10500 RJ376630: tags=6 desc=4500 img=hi [cached]
[cache] RJ01457468
[enrich] 7240/10500 RJ01457468: tags=6 desc=1073 img=hi [cached]
[cache] RJ01119820
[enrich] 7241/10500 RJ01119820: tags=6 desc=406 img=hi [cached]
[cache] RJ246120
[enrich] 7242/10500 RJ246120: tags=2 desc=956 img=hi [cached]
[cache] RJ422483
[enrich] 7243/10500 RJ422483: tags=6 desc=481 img=hi [cached]
[cache] RJ01021866
[enrich] 7244/10500 RJ01021866: tags=6 desc=1657 img=hi [cached]
[cache] RJ01109626
[enrich] 7245/10500 RJ01109626: tags=6 desc=3766 img=hi [cached]
[cache] RJ275745
[enrich] 7246/10500 RJ275745: tags=6 desc=2030 img=hi [cached]
[cache] RJ402534
[enrich] 7247/10500 RJ402534: tags=6 desc=100 img=hi [cached]
[cache] RJ01221237
[enrich] 7248/10500 RJ01221237: tags=6 desc=1245 img=hi [cached]
[cache] RJ386545
[enrich] 7249/10500 RJ386545: tags=6 desc=1084 img=hi [cached]
[cache] RJ01185208
[enrich] 7250/10500 RJ01185208: tags=6 desc=3021 img=hi [cached]
[save] partial 7250/10500: 10500 works → /workspace/dlsite-promo-site/data/works.json
[cache] RJ390506
[enrich] 7251/10500 RJ390506: tags=6 desc=1024 img=hi [cached]
[cache] RJ253947
[enrich] 7252/10500 RJ253947: tags=4 desc=1335 img=hi [cached]
[cache] RJ263247
[enrich] 7253/10500 RJ263247: tags=3 desc=977 img=hi [cached]
[cache] RJ407284
[enrich] 7254/10500 RJ407284: tags=6 desc=1907 img=hi [cached]
[cache] RJ337700
[enrich] 7255/10500 RJ337700: tags=6 desc=2566 img=hi [cached]
[cache] RJ285028
[enrich] 7256/10500 RJ285028: tags=6 desc=1974 img=hi [cached]
[cache] RJ01552897
[enrich] 7257/10500 RJ01552897: tags=6 desc=4493 img=hi [cached]
[cache] RJ314429
[enrich] 7258/10500 RJ314429: tags=6 desc=1855 img=hi [cached]
[cache] RJ420241
[enrich] 7259/10500 RJ420241: tags=6 desc=230 img=hi [cached]
[cache] RJ302885
[enrich] 7260/10500 RJ302885: tags=6 desc=4227 img=hi [cached]
[cache] RJ314759
[enrich] 7261/10500 RJ314759: tags=6 desc=580 img=hi [cached]
[cache] RJ209785
[enrich] 7262/10500 RJ209785: tags=6 desc=3204 img=hi [cached]
[cache] RJ219313
[enrich] 7263/10500 RJ219313: tags=6 desc=829 img=hi [cached]
[cache] RJ01116800
[enrich] 7264/10500 RJ01116800: tags=6 desc=1062 img=hi [cached]
[cache] RJ313592
[enrich] 7265/10500 RJ313592: tags=6 desc=3415 img=hi [cached]
[cache] RJ323725
[enrich] 7266/10500 RJ323725: tags=6 desc=2035 img=hi [cached]
[cache] RJ254936
[enrich] 7267/10500 RJ254936: tags=6 desc=1888 img=hi [cached]
[cache] RJ332971
[enrich] 7268/10500 RJ332971: tags=6 desc=1134 img=hi [cached]
[cache] RJ193808
[enrich] 7269/10500 RJ193808: tags=6 desc=2502 img=hi [cached]
[cache] RJ01342376
[enrich] 7270/10500 RJ01342376: tags=6 desc=609 img=hi [cached]
[cache] RJ354453
[enrich] 7271/10500 RJ354453: tags=6 desc=136 img=hi [cached]
[cache] RJ01214598
[enrich] 7272/10500 RJ01214598: tags=6 desc=986 img=hi [cached]
[cache] RJ138490
[enrich] 7273/10500 RJ138490: tags=4 desc=936 img=hi [cached]
[cache] RJ01079813
[enrich] 7274/10500 RJ01079813: tags=6 desc=3014 img=hi [cached]
[cache] RJ370805
[enrich] 7275/10500 RJ370805: tags=6 desc=1904 img=hi [cached]
[save] partial 7275/10500: 10500 works → /workspace/dlsite-promo-site/data/works.json
[cache] RJ326264
[enrich] 7276/10500 RJ326264: tags=6 desc=2756 img=hi [cached]
[cache] RJ01049031
[enrich] 7277/10500 RJ01049031: tags=6 desc=473 img=hi [cached]
[cache] RJ01583603
[enrich] 7278/10500 RJ01583603: tags=6 desc=1970 img=hi [cached]
[cache] RJ434593
[enrich] 7279/10500 RJ434593: tags=6 desc=784 img=hi [cached]
[cache] RJ277307
[enrich] 7280/10500 RJ277307: tags=6 desc=2524 img=hi [cached]
[cache] RJ240563
[enrich] 7281/10500 RJ240563: tags=6 desc=1799 img=hi [cached]
[cache] RJ352469
[enrich] 7282/10500 RJ352469: tags=6 desc=94 img=hi [cached]
[cache] RJ353923
[enrich] 7283/10500 RJ353923: tags=6 desc=2666 img=hi [cached]
[cache] RJ270729
[enrich] 7284/10500 RJ270729: tags=6 desc=3151 img=hi [cached]
[cache] RJ325848
[enrich] 7285/10500 RJ325848: tags=2 desc=1150 img=hi [cached]
[cache] RJ404669
[enrich] 7286/10500 RJ404669: tags=6 desc=2000 img=hi [cached]
[cache] RJ299511
[enrich] 7287/10500 RJ299511: tags=6 desc=1325 img=hi [cached]
[cache] RJ340887
[enrich] 7288/10500 RJ340887: tags=6 desc=577 img=hi [cached]
[cache] RJ183624
[enrich] 7289/10500 RJ183624: tags=6 desc=926 img=hi [cached]
[cache] RJ419183
[enrich] 7290/10500 RJ419183: tags=6 desc=2984 img=hi [cached]
[cache] RJ321480
[enrich] 7291/10500 RJ321480: tags=6 desc=957 img=hi [cached]
[cache] RJ404181
[enrich] 7292/10500 RJ404181: tags=4 desc=3985 img=hi [cached]
[cache] RJ01050483
[enrich] 7293/10500 RJ01050483: tags=6 desc=1621 img=hi [cached]
[cache] RJ305131
[enrich] 7294/10500 RJ305131: tags=6 desc=523 img=hi [cached]
[cache] RJ285872
[enrich] 7295/10500 RJ285872: tags=6 desc=1887 img=hi [cached]
[cache] RJ01134942
[enrich] 7296/10500 RJ01134942: tags=6 desc=4495 img=hi [cached]
[cache] RJ01036900
[enrich] 7297/10500 RJ01036900: tags=6 desc=1491 img=hi [cached]
[cache] RJ244947
[enrich] 7298/10500 RJ244947: tags=6 desc=2685 img=hi [cached]
[cache] RJ01328414
[enrich] 7299/10500 RJ01328414: tags=6 desc=4000 img=hi [cached]
[cache] RJ01442100
[enrich] 7300/10500 RJ01442100: tags=6 desc=979 img=hi [cached]
[save] partial 7300/10500: 10500 works → /workspace/dlsite-promo-site/data/works.json
[cache] RJ335875
[enrich] 7301/10500 RJ335875: tags=6 desc=1888 img=hi [cached]
[cache] RJ250423
[enrich] 7302/10500 RJ250423: tags=6 desc=2006 img=hi [cached]
[cache] RJ354632
[enrich] 7303/10500 RJ354632: tags=6 desc=1330 img=hi [cached]
[cache] RJ224695
[enrich] 7304/10500 RJ224695: tags=6 desc=1843 img=hi [cached]
[cache] RJ367628
[enrich] 7305/10500 RJ367628: tags=6 desc=1479 img=hi [cached]
[cache] RJ247975
[enrich] 7306/10500 RJ247975: tags=5 desc=2555 img=hi [cached]
[cache] RJ01554765
[enrich] 7307/10500 RJ01554765: tags=6 desc=1934 img=hi [cached]
[cache] RJ293003
[enrich] 7308/10500 RJ293003: tags=6 desc=2453 img=hi [cached]
[cache] RJ387306
[enrich] 7309/10500 RJ387306: tags=6 desc=550 img=hi [cached]
[cache] RJ236713
[enrich] 7310/10500 RJ236713: tags=6 desc=2361 img=hi [cached]
[cache] RJ305104
[enrich] 7311/10500 RJ305104: tags=6 desc=295 img=hi [cached]
[cache] RJ01075762
[enrich] 7312/10500 RJ01075762: tags=6 desc=1605 img=hi [cached]
[cache] RJ01183529
[enrich] 7313/10500 RJ01183529: tags=6 desc=2059 img=hi [cached]
[cache] RJ01069758
[enrich] 7314/10500 RJ01069758: tags=6 desc=1625 img=hi [cached]
[cache] RJ409961
[enrich] 7315/10500 RJ409961: tags=6 desc=4471 img=hi [cached]
[cache] RJ01534419
[enrich] 7316/10500 RJ01534419: tags=6 desc=1944 img=hi [cached]
[cache] RJ01187282
[enrich] 7317/10500 RJ01187282: tags=6 desc=2187 img=hi [cached]
[cache] RJ160141
[enrich] 7318/10500 RJ160141: tags=6 desc=1112 img=hi [cached]
[cache] RJ305480
[enrich] 7319/10500 RJ305480: tags=6 desc=943 img=hi [cached]
[cache] RJ361406
[enrich] 7320/10500 RJ361406: tags=6 desc=2537 img=hi [cached]
[cache] RJ323107
[enrich] 7321/10500 RJ323107: tags=6 desc=829 img=hi [cached]
[cache] RJ345482
[enrich] 7322/10500 RJ345482: tags=6 desc=2879 img=hi [cached]
[cache] RJ01154807
[enrich] 7323/10500 RJ01154807: tags=5 desc=828 img=hi [cached]
[cache] RJ352446
[enrich] 7324/10500 RJ352446: tags=6 desc=2937 img=hi [cached]
[cache] RJ332789
[enrich] 7325/10500 RJ332789: tags=6 desc=552 img=hi [cached]
[save] partial 7325/10500: 10500 works → /workspace/dlsite-promo-site/data/works.json
[cache] RJ01041302
[enrich] 7326/10500 RJ01041302: tags=6 desc=1318 img=hi [cached]
[cache] RJ01417535
[enrich] 7327/10500 RJ01417535: tags=6 desc=2589 img=hi [cached]
[cache] RJ180495
[enrich] 7328/10500 RJ180495: tags=3 desc=1079 img=hi [cached]
[cache] RJ01207531
[enrich] 7329/10500 RJ01207531: tags=6 desc=677 img=hi [cached]
[cache] RJ094253
[enrich] 7330/10500 RJ094253: tags=3 desc=537 img=None [cached]
[cache] RJ01238244
[enrich] 7331/10500 RJ01238244: tags=6 desc=4489 img=hi [cached]
[cache] RJ251791
[enrich] 7332/10500 RJ251791: tags=6 desc=3781 img=hi [cached]
[cache] RJ259751
[enrich] 7333/10500 RJ259751: tags=6 desc=1986 img=hi [cached]
[cache] RJ343262
[enrich] 7334/10500 RJ343262: tags=6 desc=383 img=hi [cached]
[cache] RJ01321149
[enrich] 7335/10500 RJ01321149: tags=6 desc=44 img=hi [cached]
[cache] RJ316357
[enrich] 7336/10500 RJ316357: tags=6 desc=1017 img=hi [cached]
[cache] RJ01088249
[enrich] 7337/10500 RJ01088249: tags=6 desc=585 img=hi [cached]
[cache] RJ255145
[enrich] 7338/10500 RJ255145: tags=6 desc=2580 img=hi [cached]
[cache] RJ155445
[enrich] 7339/10500 RJ155445: tags=5 desc=850 img=hi [cached]
[cache] RJ325160
[enrich] 7340/10500 RJ325160: tags=6 desc=1133 img=hi [cached]
[cache] RJ281998
[enrich] 7341/10500 RJ281998: tags=6 desc=1801 img=hi [cached]
[cache] RJ01019128
[enrich] 7342/10500 RJ01019128: tags=6 desc=806 img=hi [cached]
[cache] RJ185496
[enrich] 7343/10500 RJ185496: tags=6 desc=2026 img=hi [cached]
[cache] RJ357139
[enrich] 7344/10500 RJ357139: tags=6 desc=2134 img=hi [cached]
[cache] RJ283845
[enrich] 7345/10500 RJ283845: tags=6 desc=1714 img=hi [cached]
[cache] RJ01191220
[enrich] 7346/10500 RJ01191220: tags=6 desc=1562 img=hi [cached]
[cache] RJ061227
[enrich] 7347/10500 RJ061227: tags=4 desc=4278 img=hi [cached]
[cache] RJ01065829
[enrich] 7348/10500 RJ01065829: tags=6 desc=4487 img=hi [cached]
[cache] RJ280495
[enrich] 7349/10500 RJ280495: tags=6 desc=1823 img=hi [cached]
[cache] RJ357807
[enrich] 7350/10500 RJ357807: tags=6 desc=1529 img=hi [cached]
[save] partial 7350/10500: 10500 works → /workspace/dlsite-promo-site/data/works.json
[cache] RJ422741
[enrich] 7351/10500 RJ422741: tags=6 desc=756 img=hi [cached]
[cache] RJ284947
[enrich] 7352/10500 RJ284947: tags=6 desc=1078 img=hi [cached]
[cache] RJ01027644
[enrich] 7353/10500 RJ01027644: tags=6 desc=2861 img=hi [cached]
[cache] RJ402996
[enrich] 7354/10500 RJ402996: tags=6 desc=2001 img=hi [cached]
[cache] RJ01066593
[enrich] 7355/10500 RJ01066593: tags=6 desc=4474 img=hi [cached]
[cache] RJ299762
[enrich] 7356/10500 RJ299762: tags=6 desc=1092 img=hi [cached]
[cache] RJ332854
[enrich] 7357/10500 RJ332854: tags=6 desc=1999 img=hi [cached]
[cache] RJ223442
[enrich] 7358/10500 RJ223442: tags=2 desc=1851 img=hi [cached]
[cache] RJ01065398
[enrich] 7359/10500 RJ01065398: tags=6 desc=332 img=hi [cached]
[cache] RJ302621
[enrich] 7360/10500 RJ302621: tags=6 desc=113 img=hi [cached]
[cache] RJ01342906
[enrich] 7361/10500 RJ01342906: tags=6 desc=4211 img=hi [cached]
[cache] RJ281192
[enrich] 7362/10500 RJ281192: tags=6 desc=226 img=hi [cached]
[cache] RJ01480954
[enrich] 7363/10500 RJ01480954: tags=6 desc=1196 img=hi [cached]
[cache] RJ01128228
[enrich] 7364/10500 RJ01128228: tags=6 desc=1890 img=hi [cached]
[cache] RJ200740
[enrich] 7365/10500 RJ200740: tags=2 desc=796 img=hi [cached]
[cache] RJ204846
[enrich] 7366/10500 RJ204846: tags=1 desc=1427 img=hi [cached]
[cache] RJ220980
[enrich] 7367/10500 RJ220980: tags=6 desc=1583 img=hi [cached]
[cache] RJ01074614
[enrich] 7368/10500 RJ01074614: tags=6 desc=1162 img=hi [cached]
[cache] RJ01195902
[enrich] 7369/10500 RJ01195902: tags=6 desc=4389 img=hi [cached]
[cache] RJ432311
[enrich] 7370/10500 RJ432311: tags=6 desc=957 img=hi [cached]
[cache] RJ01150190
[enrich] 7371/10500 RJ01150190: tags=6 desc=1125 img=hi [cached]
[cache] RJ01289861
[enrich] 7372/10500 RJ01289861: tags=6 desc=2189 img=hi [cached]
[cache] RJ01210168
[enrich] 7373/10500 RJ01210168: tags=6 desc=1316 img=hi [cached]
[cache] RJ439205
[enrich] 7374/10500 RJ439205: tags=6 desc=1471 img=hi [cached]
[cache] RJ118625
[enrich] 7375/10500 RJ118625: tags=6 desc=1739 img=hi [cached]
[save] partial 7375/10500: 10500 works → /workspace/dlsite-promo-site/data/works.json
[cache] RJ260744
[enrich] 7376/10500 RJ260744: tags=6 desc=627 img=hi [cached]
[cache] RJ192796
[enrich] 7377/10500 RJ192796: tags=6 desc=375 img=hi [cached]
[cache] RJ01081159
[enrich] 7378/10500 RJ01081159: tags=6 desc=1217 img=hi [cached]
[cache] RJ228459
[enrich] 7379/10500 RJ228459: tags=6 desc=386 img=hi [cached]
[cache] RJ134318
[enrich] 7380/10500 RJ134318: tags=6 desc=787 img=hi [cached]
[cache] RJ341880
[enrich] 7381/10500 RJ341880: tags=6 desc=1181 img=hi [cached]
[cache] RJ112746
[enrich] 7382/10500 RJ112746: tags=6 desc=1273 img=hi [cached]
[cache] RJ406339
[enrich] 7383/10500 RJ406339: tags=6 desc=1023 img=hi [cached]
[cache] RJ01187776
[enrich] 7384/10500 RJ01187776: tags=6 desc=1044 img=hi [cached]
[cache] RJ401639
[enrich] 7385/10500 RJ401639: tags=6 desc=677 img=hi [cached]
[cache] RJ01227609
[enrich] 7386/10500 RJ01227609: tags=6 desc=434 img=hi [cached]
[cache] RJ01282827
[enrich] 7387/10500 RJ01282827: tags=6 desc=843 img=hi [cached]
[cache] RJ117304
[enrich] 7388/10500 RJ117304: tags=6 desc=808 img=hi [cached]
[cache] RJ01098750
[enrich] 7389/10500 RJ01098750: tags=6 desc=1381 img=hi [cached]
[cache] RJ01345747
[enrich] 7390/10500 RJ01345747: tags=6 desc=1313 img=hi [cached]
[cache] RJ282038
[enrich] 7391/10500 RJ282038: tags=6 desc=826 img=hi [cached]
[cache] RJ219221
[enrich] 7392/10500 RJ219221: tags=6 desc=307 img=hi [cached]
[cache] RJ01262872
[enrich] 7393/10500 RJ01262872: tags=6 desc=1094 img=hi [cached]
[cache] RJ336998
[enrich] 7394/10500 RJ336998: tags=6 desc=1376 img=hi [cached]
[cache] RJ088554
[enrich] 7395/10500 RJ088554: tags=6 desc=1114 img=hi [cached]
[cache] RJ01104377
[enrich] 7396/10500 RJ01104377: tags=6 desc=177 img=hi [cached]
[cache] RJ107332
[enrich] 7397/10500 RJ107332: tags=6 desc=1590 img=hi [cached]
[cache] RJ133887
[enrich] 7398/10500 RJ133887: tags=6 desc=1332 img=hi [cached]
[cache] RJ01078746
[enrich] 7399/10500 RJ01078746: tags=6 desc=1841 img=hi [cached]
[cache] RJ01113955
[enrich] 7400/10500 RJ01113955: tags=6 desc=483 img=hi [cached]
[save] partial 7400/10500: 10500 works → /workspace/dlsite-promo-site/data/works.json
[cache] RJ362199
[enrich] 7401/10500 RJ362199: tags=6 desc=839 img=hi [cached]
[cache] RJ289724
[enrich] 7402/10500 RJ289724: tags=6 desc=833 img=hi [cached]
[cache] RJ289232
[enrich] 7403/10500 RJ289232: tags=6 desc=396 img=hi [cached]
[cache] RJ01125123
[enrich] 7404/10500 RJ01125123: tags=6 desc=1170 img=hi [cached]
[cache] RJ191638
[enrich] 7405/10500 RJ191638: tags=5 desc=149 img=hi [cached]
[cache] RJ281027
[enrich] 7406/10500 RJ281027: tags=6 desc=2048 img=hi [cached]
[cache] RJ356879
[enrich] 7407/10500 RJ356879: tags=6 desc=1039 img=hi [cached]
[cache] RJ204030
[enrich] 7408/10500 RJ204030: tags=6 desc=2189 img=hi [cached]
[cache] RJ01052265
[enrich] 7409/10500 RJ01052265: tags=6 desc=416 img=hi [cached]
[cache] RJ01262924
[enrich] 7410/10500 RJ01262924: tags=6 desc=454 img=hi [cached]
[cache] RJ120635
[enrich] 7411/10500 RJ120635: tags=6 desc=624 img=hi [cached]
[cache] RJ01217518
[enrich] 7412/10500 RJ01217518: tags=6 desc=431 img=hi [cached]
[cache] RJ380154
[enrich] 7413/10500 RJ380154: tags=6 desc=1329 img=hi [cached]
[cache] RJ332384
[enrich] 7414/10500 RJ332384: tags=6 desc=970 img=hi [cached]
[cache] RJ01126613
[enrich] 7415/10500 RJ01126613: tags=6 desc=1697 img=hi [cached]
[cache] RJ01187343
[enrich] 7416/10500 RJ01187343: tags=6 desc=3785 img=hi [cached]
[cache] RJ440384
[enrich] 7417/10500 RJ440384: tags=6 desc=2327 img=hi [cached]
[cache] RJ102897
[enrich] 7418/10500 RJ102897: tags=6 desc=1191 img=hi [cached]
[cache] RJ01158001
[enrich] 7419/10500 RJ01158001: tags=6 desc=687 img=hi [cached]
[cache] RJ305720
[enrich] 7420/10500 RJ305720: tags=6 desc=191 img=hi [cached]
[cache] RJ01008902
[enrich] 7421/10500 RJ01008902: tags=6 desc=1101 img=hi [cached]
[cache] RJ378647
[enrich] 7422/10500 RJ378647: tags=6 desc=1034 img=hi [cached]
[cache] RJ434033
[enrich] 7423/10500 RJ434033: tags=6 desc=1454 img=hi [cached]
[cache] RJ432588
[enrich] 7424/10500 RJ432588: tags=6 desc=1127 img=hi [cached]
[cache] RJ205304
[enrich] 7425/10500 RJ205304: tags=6 desc=541 img=hi [cached]
[save] partial 7425/10500: 10500 works → /workspace/dlsite-promo-site/data/works.json
[cache] RJ193834
[enrich] 7426/10500 RJ193834: tags=5 desc=626 img=hi [cached]
[cache] RJ265068
[enrich] 7427/10500 RJ265068: tags=6 desc=433 img=hi [cached]
[cache] RJ01237060
[enrich] 7428/10500 RJ01237060: tags=6 desc=753 img=hi [cached]
[cache] RJ127200
[enrich] 7429/10500 RJ127200: tags=6 desc=948 img=hi [cached]
[cache] RJ030715
[enrich] 7430/10500 RJ030715: tags=6 desc=357 img=hi [cached]
[cache] RJ01135352
[enrich] 7431/10500 RJ01135352: tags=6 desc=2595 img=hi [cached]
[cache] RJ111908
[enrich] 7432/10500 RJ111908: tags=6 desc=1073 img=hi [cached]
[cache] RJ307268
[enrich] 7433/10500 RJ307268: tags=6 desc=1500 img=hi [cached]
[cache] RJ158595
[enrich] 7434/10500 RJ158595: tags=6 desc=1749 img=hi [cached]
[cache] RJ253916
[enrich] 7435/10500 RJ253916: tags=6 desc=2500 img=hi [cached]
[cache] RJ301169
[enrich] 7436/10500 RJ301169: tags=6 desc=647 img=hi [cached]
[cache] RJ194013
[enrich] 7437/10500 RJ194013: tags=6 desc=712 img=hi [cached]
[cache] RJ221507
[enrich] 7438/10500 RJ221507: tags=6 desc=1351 img=hi [cached]
[cache] RJ159285
[enrich] 7439/10500 RJ159285: tags=6 desc=3024 img=hi [cached]
[cache] RJ301837
[enrich] 7440/10500 RJ301837: tags=6 desc=1125 img=hi [cached]
[cache] RJ137267
[enrich] 7441/10500 RJ137267: tags=6 desc=1685 img=hi [cached]
[cache] RJ01041101
[enrich] 7442/10500 RJ01041101: tags=6 desc=714 img=hi [cached]
[cache] RJ288274
[enrich] 7443/10500 RJ288274: tags=6 desc=669 img=hi [cached]
[cache] RJ263028
[enrich] 7444/10500 RJ263028: tags=5 desc=833 img=hi [cached]
[cache] RJ399093
[enrich] 7445/10500 RJ399093: tags=6 desc=1379 img=hi [cached]
[cache] RJ01261702
[enrich] 7446/10500 RJ01261702: tags=6 desc=559 img=hi [cached]
[cache] RJ273529
[enrich] 7447/10500 RJ273529: tags=6 desc=928 img=hi [cached]
[cache] RJ176271
[enrich] 7448/10500 RJ176271: tags=6 desc=1064 img=hi [cached]
[cache] RJ01383313
[enrich] 7449/10500 RJ01383313: tags=6 desc=418 img=hi [cached]
[cache] RJ018305
[enrich] 7450/10500 RJ018305: tags=6 desc=526 img=hi [cached]
[save] partial 7450/10500: 10500 works → /workspace/dlsite-promo-site/data/works.json
[cache] RJ234434
[enrich] 7451/10500 RJ234434: tags=6 desc=789 img=hi [cached]
[cache] RJ416147
[enrich] 7452/10500 RJ416147: tags=6 desc=1111 img=hi [cached]
[cache] RJ202059
[enrich] 7453/10500 RJ202059: tags=6 desc=755 img=hi [cached]
[cache] RJ264206
[enrich] 7454/10500 RJ264206: tags=6 desc=803 img=hi [cached]
[cache] RJ204720
[enrich] 7455/10500 RJ204720: tags=6 desc=1088 img=hi [cached]
[cache] RJ312668
[enrich] 7456/10500 RJ312668: tags=6 desc=1222 img=hi [cached]
[cache] RJ01041696
[enrich] 7457/10500 RJ01041696: tags=6 desc=695 img=hi [cached]
[cache] RJ01168190
[enrich] 7458/10500 RJ01168190: tags=6 desc=2688 img=hi [cached]
[cache] RJ390907
[enrich] 7459/10500 RJ390907: tags=6 desc=495 img=hi [cached]
[cache] RJ387951
[enrich] 7460/10500 RJ387951: tags=6 desc=3127 img=hi [cached]
[cache] RJ219794
[enrich] 7461/10500 RJ219794: tags=6 desc=2952 img=hi [cached]
[cache] RJ180199
[enrich] 7462/10500 RJ180199: tags=6 desc=1148 img=hi [cached]
[cache] RJ01268883
[enrich] 7463/10500 RJ01268883: tags=6 desc=1504 img=hi [cached]
[cache] RJ01083328
[enrich] 7464/10500 RJ01083328: tags=6 desc=1855 img=hi [cached]
[cache] RJ354914
[enrich] 7465/10500 RJ354914: tags=6 desc=840 img=hi [cached]
[cache] RJ394727
[enrich] 7466/10500 RJ394727: tags=6 desc=471 img=hi [cached]
[cache] RJ305516
[enrich] 7467/10500 RJ305516: tags=6 desc=694 img=hi [cached]
[cache] RJ01066136
[enrich] 7468/10500 RJ01066136: tags=6 desc=900 img=hi [cached]
[cache] RJ01137528
[enrich] 7469/10500 RJ01137528: tags=6 desc=679 img=hi [cached]
[cache] RJ323291
[enrich] 7470/10500 RJ323291: tags=6 desc=1197 img=hi [cached]
[cache] RJ234720
[enrich] 7471/10500 RJ234720: tags=6 desc=924 img=hi [cached]
[cache] RJ233726
[enrich] 7472/10500 RJ233726: tags=6 desc=800 img=hi [cached]
[cache] RJ01007158
[enrich] 7473/10500 RJ01007158: tags=6 desc=928 img=hi [cached]
[cache] RJ01379821
[enrich] 7474/10500 RJ01379821: tags=6 desc=1379 img=hi [cached]
[cache] RJ01170484
[enrich] 7475/10500 RJ01170484: tags=6 desc=802 img=hi [cached]
[save] partial 7475/10500: 10500 works → /workspace/dlsite-promo-site/data/works.json
[cache] RJ01429140
[enrich] 7476/10500 RJ01429140: tags=6 desc=973 img=hi [cached]
[cache] RJ01274594
[enrich] 7477/10500 RJ01274594: tags=6 desc=901 img=hi [cached]
[cache] RJ01358255
[enrich] 7478/10500 RJ01358255: tags=6 desc=782 img=hi [cached]
[cache] RJ399513
[enrich] 7479/10500 RJ399513: tags=6 desc=321 img=hi [cached]
[cache] RJ166403
[enrich] 7480/10500 RJ166403: tags=6 desc=4496 img=hi [cached]
[cache] RJ01103687
[enrich] 7481/10500 RJ01103687: tags=6 desc=1095 img=hi [cached]
[cache] RJ397803
[enrich] 7482/10500 RJ397803: tags=6 desc=1999 img=hi [cached]
[cache] RJ01093199
[enrich] 7483/10500 RJ01093199: tags=6 desc=462 img=hi [cached]
[cache] RJ162307
[enrich] 7484/10500 RJ162307: tags=6 desc=705 img=hi [cached]
[cache] RJ309639
[enrich] 7485/10500 RJ309639: tags=6 desc=1150 img=hi [cached]
[cache] RJ265677
[enrich] 7486/10500 RJ265677: tags=6 desc=555 img=hi [cached]
[cache] RJ01201737
[enrich] 7487/10500 RJ01201737: tags=6 desc=1123 img=hi [cached]
[cache] RJ01030891
[enrich] 7488/10500 RJ01030891: tags=6 desc=451 img=hi [cached]
[cache] RJ333871
[enrich] 7489/10500 RJ333871: tags=6 desc=2127 img=hi [cached]
[cache] RJ416886
[enrich] 7490/10500 RJ416886: tags=6 desc=1989 img=hi [cached]
[cache] RJ337000
[enrich] 7491/10500 RJ337000: tags=4 desc=1729 img=hi [cached]
[cache] RJ316217
[enrich] 7492/10500 RJ316217: tags=6 desc=440 img=hi [cached]
[cache] RJ199211
[enrich] 7493/10500 RJ199211: tags=6 desc=1221 img=hi [cached]
[cache] RJ363962
[enrich] 7494/10500 RJ363962: tags=4 desc=1601 img=hi [cached]
[cache] RJ01264927
[enrich] 7495/10500 RJ01264927: tags=6 desc=1680 img=hi [cached]
[cache] RJ01167905
[enrich] 7496/10500 RJ01167905: tags=6 desc=733 img=hi [cached]
[cache] RJ274044
[enrich] 7497/10500 RJ274044: tags=6 desc=1425 img=hi [cached]
[cache] RJ316610
[enrich] 7498/10500 RJ316610: tags=6 desc=858 img=hi [cached]
[cache] RJ237817
[enrich] 7499/10500 RJ237817: tags=6 desc=1214 img=hi [cached]
[cache] RJ01234826
[enrich] 7500/10500 RJ01234826: tags=6 desc=2202 img=hi [cached]
[save] partial 7500/10500: 10500 works → /workspace/dlsite-promo-site/data/works.json
[cache] RJ01303013
[enrich] 7501/10500 RJ01303013: tags=6 desc=1237 img=hi [cached]
[cache] RJ309823
[enrich] 7502/10500 RJ309823: tags=6 desc=547 img=hi [cached]
[cache] RJ01091179
[enrich] 7503/10500 RJ01091179: tags=6 desc=776 img=hi [cached]
[cache] RJ227553
[enrich] 7504/10500 RJ227553: tags=6 desc=656 img=hi [cached]
[cache] RJ01245257
[enrich] 7505/10500 RJ01245257: tags=6 desc=1298 img=hi [cached]
[cache] RJ099406
[enrich] 7506/10500 RJ099406: tags=5 desc=1170 img=hi [cached]
[cache] RJ01263980
[enrich] 7507/10500 RJ01263980: tags=6 desc=1022 img=hi [cached]
[cache] RJ236799
[enrich] 7508/10500 RJ236799: tags=6 desc=1415 img=hi [cached]
[cache] RJ162204
[enrich] 7509/10500 RJ162204: tags=6 desc=1709 img=hi [cached]
[cache] RJ223514
[enrich] 7510/10500 RJ223514: tags=6 desc=2323 img=hi [cached]
[cache] RJ248754
[enrich] 7511/10500 RJ248754: tags=6 desc=726 img=hi [cached]
[cache] RJ322970
[enrich] 7512/10500 RJ322970: tags=6 desc=447 img=hi [cached]
[cache] RJ370180
[enrich] 7513/10500 RJ370180: tags=6 desc=734 img=hi [cached]
[cache] RJ251009
[enrich] 7514/10500 RJ251009: tags=5 desc=646 img=hi [cached]
[cache] RJ111049
[enrich] 7515/10500 RJ111049: tags=6 desc=941 img=hi [cached]
[cache] RJ01282013
[enrich] 7516/10500 RJ01282013: tags=6 desc=1995 img=hi [cached]
[cache] RJ216322
[enrich] 7517/10500 RJ216322: tags=6 desc=305 img=hi [cached]
[cache] RJ408499
[enrich] 7518/10500 RJ408499: tags=6 desc=847 img=hi [cached]
[cache] RJ146261
[enrich] 7519/10500 RJ146261: tags=6 desc=770 img=hi [cached]
[cache] RJ276053
[enrich] 7520/10500 RJ276053: tags=6 desc=1307 img=hi [cached]
[cache] RJ01170054
[enrich] 7521/10500 RJ01170054: tags=6 desc=1598 img=hi [cached]
[cache] RJ01159183
[enrich] 7522/10500 RJ01159183: tags=6 desc=2144 img=hi [cached]
[cache] RJ01237916
[enrich] 7523/10500 RJ01237916: tags=6 desc=1104 img=hi [cached]
[cache] RJ343056
[enrich] 7524/10500 RJ343056: tags=6 desc=731 img=hi [cached]
[cache] RJ324017
[enrich] 7525/10500 RJ324017: tags=6 desc=1663 img=hi [cached]
[save] partial 7525/10500: 10500 works → /workspace/dlsite-promo-site/data/works.json
[cache] RJ400144
[enrich] 7526/10500 RJ400144: tags=6 desc=604 img=hi [cached]
[cache] RJ01083499
[enrich] 7527/10500 RJ01083499: tags=6 desc=423 img=hi [cached]
[cache] RJ083208
[enrich] 7528/10500 RJ083208: tags=6 desc=884 img=hi [cached]
[cache] RJ105442
[enrich] 7529/10500 RJ105442: tags=5 desc=637 img=hi [cached]
[cache] RJ328453
[enrich] 7530/10500 RJ328453: tags=6 desc=1883 img=hi [cached]
[cache] RJ317202
[enrich] 7531/10500 RJ317202: tags=6 desc=1085 img=hi [cached]
[cache] RJ01080136
[enrich] 7532/10500 RJ01080136: tags=6 desc=639 img=hi [cached]
[cache] RJ237297
[enrich] 7533/10500 RJ237297: tags=6 desc=1044 img=hi [cached]
[cache] RJ01070108
[enrich] 7534/10500 RJ01070108: tags=6 desc=599 img=hi [cached]
[cache] RJ262862
[enrich] 7535/10500 RJ262862: tags=6 desc=2075 img=hi [cached]
[cache] RJ191168
[enrich] 7536/10500 RJ191168: tags=6 desc=1248 img=hi [cached]
[cache] RJ437740
[enrich] 7537/10500 RJ437740: tags=6 desc=744 img=hi [cached]
[cache] RJ01097178
[enrich] 7538/10500 RJ01097178: tags=6 desc=2017 img=hi [cached]
[cache] RJ339140
[enrich] 7539/10500 RJ339140: tags=6 desc=1787 img=hi [cached]
[cache] RJ056485
[enrich] 7540/10500 RJ056485: tags=6 desc=476 img=hi [cached]
[cache] RJ262733
[enrich] 7541/10500 RJ262733: tags=6 desc=1439 img=hi [cached]
[cache] RJ188011
[enrich] 7542/10500 RJ188011: tags=6 desc=431 img=hi [cached]
[cache] RJ079857
[enrich] 7543/10500 RJ079857: tags=6 desc=632 img=hi [cached]
[cache] RJ125993
[enrich] 7544/10500 RJ125993: tags=5 desc=604 img=hi [cached]
[cache] RJ109073
[enrich] 7545/10500 RJ109073: tags=6 desc=1147 img=hi [cached]
[cache] RJ01302433
[enrich] 7546/10500 RJ01302433: tags=6 desc=406 img=hi [cached]
[cache] RJ222872
[enrich] 7547/10500 RJ222872: tags=6 desc=1365 img=hi [cached]
[cache] RJ01183961
[enrich] 7548/10500 RJ01183961: tags=6 desc=1576 img=hi [cached]
[cache] RJ212847
[enrich] 7549/10500 RJ212847: tags=6 desc=1028 img=hi [cached]
[cache] RJ124138
[enrich] 7550/10500 RJ124138: tags=6 desc=980 img=hi [cached]
[save] partial 7550/10500: 10500 works → /workspace/dlsite-promo-site/data/works.json
[cache] RJ241489
[enrich] 7551/10500 RJ241489: tags=6 desc=694 img=hi [cached]
[cache] RJ287936
[enrich] 7552/10500 RJ287936: tags=5 desc=1042 img=hi [cached]
[cache] RJ01093304
[enrich] 7553/10500 RJ01093304: tags=6 desc=251 img=hi [cached]
[cache] RJ01055524
[enrich] 7554/10500 RJ01055524: tags=6 desc=1065 img=hi [cached]
[cache] RJ01078745
[enrich] 7555/10500 RJ01078745: tags=6 desc=2342 img=hi [cached]
[cache] RJ380098
[enrich] 7556/10500 RJ380098: tags=6 desc=430 img=hi [cached]
[cache] RJ226108
[enrich] 7557/10500 RJ226108: tags=6 desc=1526 img=hi [cached]
[cache] RJ363637
[enrich] 7558/10500 RJ363637: tags=6 desc=793 img=hi [cached]
[cache] RJ01150994
[enrich] 7559/10500 RJ01150994: tags=6 desc=1348 img=hi [cached]
[cache] RJ143307
[enrich] 7560/10500 RJ143307: tags=6 desc=2320 img=hi [cached]
[cache] RJ222367
[enrich] 7561/10500 RJ222367: tags=6 desc=1537 img=hi [cached]
[cache] RJ01373314
[enrich] 7562/10500 RJ01373314: tags=6 desc=292 img=hi [cached]
[cache] RJ365442
[enrich] 7563/10500 RJ365442: tags=6 desc=2190 img=hi [cached]
[cache] RJ01192609
[enrich] 7564/10500 RJ01192609: tags=6 desc=1823 img=hi [cached]
[cache] RJ01338162
[enrich] 7565/10500 RJ01338162: tags=6 desc=2184 img=hi [cached]
[cache] RJ01087268
[enrich] 7566/10500 RJ01087268: tags=6 desc=1196 img=hi [cached]
[cache] RJ071772
[enrich] 7567/10500 RJ071772: tags=3 desc=1614 img=hi [cached]
[cache] RJ01446592
[enrich] 7568/10500 RJ01446592: tags=6 desc=1405 img=hi [cached]
[cache] RJ292498
[enrich] 7569/10500 RJ292498: tags=6 desc=1454 img=hi [cached]
[cache] RJ287158
[enrich] 7570/10500 RJ287158: tags=6 desc=844 img=hi [cached]
[cache] RJ368006
[enrich] 7571/10500 RJ368006: tags=6 desc=339 img=hi [cached]
[cache] RJ204641
[enrich] 7572/10500 RJ204641: tags=2 desc=433 img=hi [cached]
[cache] RJ01205281
[enrich] 7573/10500 RJ01205281: tags=6 desc=798 img=hi [cached]
[cache] RJ390909
[enrich] 7574/10500 RJ390909: tags=6 desc=391 img=hi [cached]
[cache] RJ01166543
[enrich] 7575/10500 RJ01166543: tags=6 desc=796 img=hi [cached]
[save] partial 7575/10500: 10500 works → /workspace/dlsite-promo-site/data/works.json
[cache] RJ083120
[enrich] 7576/10500 RJ083120: tags=6 desc=1171 img=hi [cached]
[cache] RJ01173775
[enrich] 7577/10500 RJ01173775: tags=6 desc=848 img=hi [cached]
[cache] RJ093841
[enrich] 7578/10500 RJ093841: tags=3 desc=153 img=hi [cached]
[cache] RJ121103
[enrich] 7579/10500 RJ121103: tags=6 desc=256 img=hi [cached]
[cache] RJ439767
[enrich] 7580/10500 RJ439767: tags=6 desc=2960 img=hi [cached]
[cache] RJ01345589
[enrich] 7581/10500 RJ01345589: tags=6 desc=1440 img=hi [cached]
[cache] RJ144645
[enrich] 7582/10500 RJ144645: tags=6 desc=1277 img=hi [cached]
[cache] RJ105810
[enrich] 7583/10500 RJ105810: tags=6 desc=588 img=hi [cached]
[cache] RJ278273
[enrich] 7584/10500 RJ278273: tags=6 desc=1238 img=hi [cached]
[cache] RJ240327
[enrich] 7585/10500 RJ240327: tags=6 desc=2615 img=hi [cached]
[cache] RJ01432892
[enrich] 7586/10500 RJ01432892: tags=6 desc=876 img=hi [cached]
[cache] RJ126905
[enrich] 7587/10500 RJ126905: tags=6 desc=1139 img=hi [cached]
[cache] RJ01410771
[enrich] 7588/10500 RJ01410771: tags=6 desc=1304 img=hi [cached]
[cache] RJ114067
[enrich] 7589/10500 RJ114067: tags=4 desc=1024 img=hi [cached]
[cache] RJ01035651
[enrich] 7590/10500 RJ01035651: tags=6 desc=2289 img=hi [cached]
[cache] RJ186906
[enrich] 7591/10500 RJ186906: tags=6 desc=1493 img=hi [cached]
[cache] RJ136992
[enrich] 7592/10500 RJ136992: tags=4 desc=2008 img=hi [cached]
[cache] RJ296365
[enrich] 7593/10500 RJ296365: tags=6 desc=552 img=hi [cached]
[cache] RJ01015422
[enrich] 7594/10500 RJ01015422: tags=6 desc=2416 img=hi [cached]
[cache] RJ171858
[enrich] 7595/10500 RJ171858: tags=6 desc=1480 img=hi [cached]
[cache] RJ140426
[enrich] 7596/10500 RJ140426: tags=6 desc=1585 img=hi [cached]
[cache] RJ360036
[enrich] 7597/10500 RJ360036: tags=6 desc=1076 img=hi [cached]
[cache] RJ352832
[enrich] 7598/10500 RJ352832: tags=6 desc=1638 img=hi [cached]
[cache] RJ288666
[enrich] 7599/10500 RJ288666: tags=6 desc=1248 img=hi [cached]
[cache] RJ165327
[enrich] 7600/10500 RJ165327: tags=5 desc=926 img=hi [cached]
[save] partial 7600/10500: 10500 works → /workspace/dlsite-promo-site/data/works.json
[cache] RJ01136630
[enrich] 7601/10500 RJ01136630: tags=6 desc=1054 img=hi [cached]
[cache] RJ266338
[enrich] 7602/10500 RJ266338: tags=6 desc=737 img=hi [cached]
[cache] RJ341723
[enrich] 7603/10500 RJ341723: tags=6 desc=1249 img=hi [cached]
[cache] RJ419396
[enrich] 7604/10500 RJ419396: tags=6 desc=1699 img=hi [cached]
[cache] RJ439683
[enrich] 7605/10500 RJ439683: tags=6 desc=2490 img=hi [cached]
[cache] RJ372530
[enrich] 7606/10500 RJ372530: tags=6 desc=2298 img=hi [cached]
[cache] RJ197721
[enrich] 7607/10500 RJ197721: tags=6 desc=903 img=hi [cached]
[cache] RJ178610
[enrich] 7608/10500 RJ178610: tags=6 desc=3060 img=hi [cached]
[cache] RJ272372
[enrich] 7609/10500 RJ272372: tags=6 desc=2530 img=hi [cached]
[cache] RJ273729
[enrich] 7610/10500 RJ273729: tags=6 desc=1380 img=hi [cached]
[cache] RJ01069680
[enrich] 7611/10500 RJ01069680: tags=6 desc=1267 img=hi [cached]
[cache] RJ281045
[enrich] 7612/10500 RJ281045: tags=6 desc=739 img=hi [cached]
[cache] RJ01135827
[enrich] 7613/10500 RJ01135827: tags=6 desc=219 img=hi [cached]
[enrich] 7614/10500 RJ376959: tags=6 desc=20 img=hi
[enrich] 7615/10500 RJ01295622: tags=6 desc=18 img=hi
[cache] RJ01307662
[enrich] 7616/10500 RJ01307662: tags=6 desc=103 img=hi [cached]
[cache] RJ01274730
[enrich] 7617/10500 RJ01274730: tags=6 desc=258 img=hi [cached]
[cache] RJ01061982
[enrich] 7618/10500 RJ01061982: tags=6 desc=610 img=hi [cached]
[cache] RJ382033
[enrich] 7619/10500 RJ382033: tags=6 desc=438 img=hi [cached]
[cache] RJ01294019
[enrich] 7620/10500 RJ01294019: tags=6 desc=121 img=hi [cached]
[cache] RJ017841
[enrich] 7621/10500 RJ017841: tags=0 desc=676 img=hi [cached]
[cache] RJ436611
[enrich] 7622/10500 RJ436611: tags=6 desc=574 img=hi [cached]
[cache] RJ263977
[enrich] 7623/10500 RJ263977: tags=5 desc=138 img=hi [cached]
[cache] RJ306828
[enrich] 7624/10500 RJ306828: tags=6 desc=239 img=hi [cached]
[cache] RJ01029437
[enrich] 7625/10500 RJ01029437: tags=6 desc=665 img=hi [cached]
[save] partial 7625/10500: 10500 works → /workspace/dlsite-promo-site/data/works.json
[cache] RJ01006252
[enrich] 7626/10500 RJ01006252: tags=6 desc=434 img=hi [cached]
[cache] RJ387140
[enrich] 7627/10500 RJ387140: tags=6 desc=362 img=hi [cached]
[cache] RJ231160
[enrich] 7628/10500 RJ231160: tags=6 desc=1501 img=hi [cached]
[cache] RJ01278662
[enrich] 7629/10500 RJ01278662: tags=6 desc=278 img=hi [cached]
[cache] RJ01257304
[enrich] 7630/10500 RJ01257304: tags=6 desc=505 img=hi [cached]
[cache] RJ250073
[enrich] 7631/10500 RJ250073: tags=6 desc=1637 img=hi [cached]
[cache] RJ218498
[enrich] 7632/10500 RJ218498: tags=6 desc=1197 img=hi [cached]
[cache] RJ420284
[enrich] 7633/10500 RJ420284: tags=6 desc=102 img=hi [cached]
[cache] RJ177892
[enrich] 7634/10500 RJ177892: tags=6 desc=127 img=hi [cached]
[cache] RJ406060
[enrich] 7635/10500 RJ406060: tags=6 desc=200 img=hi [cached]
[cache] RJ01017796
[enrich] 7636/10500 RJ01017796: tags=4 desc=198 img=hi [cached]
[cache] RJ272893
[enrich] 7637/10500 RJ272893: tags=6 desc=101 img=hi [cached]
[cache] RJ202798
[enrich] 7638/10500 RJ202798: tags=6 desc=277 img=hi [cached]
[cache] RJ260909
[enrich] 7639/10500 RJ260909: tags=6 desc=40 img=hi [cached]
[cache] RJ178080
[enrich] 7640/10500 RJ178080: tags=5 desc=202 img=hi [cached]
[cache] RJ01310605
[enrich] 7641/10500 RJ01310605: tags=6 desc=166 img=hi [cached]
[cache] RJ01209935
[enrich] 7642/10500 RJ01209935: tags=4 desc=483 img=hi [cached]
[cache] RJ430471
[enrich] 7643/10500 RJ430471: tags=6 desc=408 img=hi [cached]
[cache] RJ439626
[enrich] 7644/10500 RJ439626: tags=6 desc=446 img=hi [cached]
[cache] RJ270763
[enrich] 7645/10500 RJ270763: tags=5 desc=105 img=hi [cached]
[cache] RJ351999
[enrich] 7646/10500 RJ351999: tags=4 desc=214 img=hi [cached]
[cache] RJ01455998
[enrich] 7647/10500 RJ01455998: tags=6 desc=172 img=hi [cached]
[cache] RJ01137916
[enrich] 7648/10500 RJ01137916: tags=6 desc=207 img=hi [cached]
[cache] RJ01042417
[enrich] 7649/10500 RJ01042417: tags=6 desc=127 img=hi [cached]
[cache] RJ312497
[enrich] 7650/10500 RJ312497: tags=6 desc=232 img=hi [cached]
[save] partial 7650/10500: 10500 works → /workspace/dlsite-promo-site/data/works.json
[cache] RJ01049308
[enrich] 7651/10500 RJ01049308: tags=6 desc=317 img=hi [cached]
[cache] RJ358095
[enrich] 7652/10500 RJ358095: tags=6 desc=186 img=hi [cached]
[cache] RJ01099352
[enrich] 7653/10500 RJ01099352: tags=6 desc=358 img=hi [cached]
[cache] RJ238415
[enrich] 7654/10500 RJ238415: tags=6 desc=556 img=hi [cached]
[cache] RJ242073
[enrich] 7655/10500 RJ242073: tags=6 desc=136 img=hi [cached]
[cache] RJ01135229
[enrich] 7656/10500 RJ01135229: tags=6 desc=861 img=hi [cached]
[cache] RJ331805
[enrich] 7657/10500 RJ331805: tags=6 desc=811 img=hi [cached]
[cache] RJ290208
[enrich] 7658/10500 RJ290208: tags=6 desc=511 img=hi [cached]
[cache] RJ01007722
[enrich] 7659/10500 RJ01007722: tags=6 desc=575 img=hi [cached]
[cache] RJ01320550
[enrich] 7660/10500 RJ01320550: tags=6 desc=397 img=hi [cached]
[cache] RJ328362
[enrich] 7661/10500 RJ328362: tags=6 desc=644 img=hi [cached]
[cache] RJ01137661
[enrich] 7662/10500 RJ01137661: tags=6 desc=342 img=hi [cached]
[cache] RJ408104
[enrich] 7663/10500 RJ408104: tags=6 desc=750 img=hi [cached]
[cache] RJ01322625
[enrich] 7664/10500 RJ01322625: tags=6 desc=865 img=hi [cached]
[cache] RJ01100358
[enrich] 7665/10500 RJ01100358: tags=6 desc=508 img=hi [cached]
[cache] RJ278208
[enrich] 7666/10500 RJ278208: tags=6 desc=66 img=hi [cached]
[enrich] 7667/10500 RJ273381: tags=6 desc=8 img=hi
[cache] RJ404733
[enrich] 7668/10500 RJ404733: tags=6 desc=371 img=hi [cached]
[cache] RJ242153
[enrich] 7669/10500 RJ242153: tags=6 desc=1372 img=hi [cached]
[cache] RJ01144635
[enrich] 7670/10500 RJ01144635: tags=6 desc=365 img=hi [cached]
[cache] RJ170658
[enrich] 7671/10500 RJ170658: tags=6 desc=489 img=hi [cached]
[cache] RJ01467041
[enrich] 7672/10500 RJ01467041: tags=6 desc=52 img=hi [cached]
[cache] RJ324304
[enrich] 7673/10500 RJ324304: tags=6 desc=606 img=hi [cached]
[cache] RJ01165500
[enrich] 7674/10500 RJ01165500: tags=6 desc=168 img=hi [cached]
[cache] RJ400369
[enrich] 7675/10500 RJ400369: tags=4 desc=1201 img=hi [cached]
[save] partial 7675/10500: 10500 works → /workspace/dlsite-promo-site/data/works.json
[cache] RJ311378
[enrich] 7676/10500 RJ311378: tags=6 desc=132 img=hi [cached]
[cache] RJ283208
[enrich] 7677/10500 RJ283208: tags=6 desc=107 img=hi [cached]
[cache] RJ418994
[enrich] 7678/10500 RJ418994: tags=6 desc=288 img=hi [cached]
[cache] RJ01431616
[enrich] 7679/10500 RJ01431616: tags=6 desc=1566 img=hi [cached]
[cache] RJ144847
[enrich] 7680/10500 RJ144847: tags=6 desc=2405 img=hi [cached]
[cache] RJ258714
[enrich] 7681/10500 RJ258714: tags=6 desc=1474 img=hi [cached]
[cache] RJ321632
[enrich] 7682/10500 RJ321632: tags=6 desc=1115 img=hi [cached]
[cache] RJ415981
[enrich] 7683/10500 RJ415981: tags=6 desc=457 img=hi [cached]
[cache] RJ242311
[enrich] 7684/10500 RJ242311: tags=5 desc=44 img=hi [cached]
[cache] RJ368095
[enrich] 7685/10500 RJ368095: tags=4 desc=143 img=hi [cached]
[cache] RJ178051
[enrich] 7686/10500 RJ178051: tags=6 desc=429 img=hi [cached]
[cache] RJ274060
[enrich] 7687/10500 RJ274060: tags=6 desc=142 img=hi [cached]
[enrich] 7688/10500 RJ287425: tags=6 desc=23 img=hi
[cache] RJ01386839
[enrich] 7689/10500 RJ01386839: tags=6 desc=408 img=hi [cached]
[cache] RJ274671
[enrich] 7690/10500 RJ274671: tags=6 desc=322 img=hi [cached]
[cache] RJ01170794
[enrich] 7691/10500 RJ01170794: tags=4 desc=200 img=hi [cached]
[cache] RJ01125146
[enrich] 7692/10500 RJ01125146: tags=6 desc=1292 img=hi [cached]
[cache] RJ01059516
[enrich] 7693/10500 RJ01059516: tags=6 desc=155 img=hi [cached]
[cache] RJ288278
[enrich] 7694/10500 RJ288278: tags=6 desc=232 img=hi [cached]
[cache] RJ344476
[enrich] 7695/10500 RJ344476: tags=6 desc=286 img=hi [cached]
[cache] RJ324306
[enrich] 7696/10500 RJ324306: tags=6 desc=466 img=hi [cached]
[cache] RJ205910
[enrich] 7697/10500 RJ205910: tags=3 desc=94 img=hi [cached]
[cache] RJ01202603
[enrich] 7698/10500 RJ01202603: tags=6 desc=272 img=hi [cached]
[cache] RJ01239562
[enrich] 7699/10500 RJ01239562: tags=6 desc=502 img=hi [cached]
[cache] RJ016658
[enrich] 7700/10500 RJ016658: tags=0 desc=412 img=hi [cached]
[save] partial 7700/10500: 10500 works → /workspace/dlsite-promo-site/data/works.json
[cache] RJ281428
[enrich] 7701/10500 RJ281428: tags=6 desc=166 img=hi [cached]
[cache] RJ222294
[enrich] 7702/10500 RJ222294: tags=6 desc=192 img=hi [cached]
[cache] RJ01037943
[enrich] 7703/10500 RJ01037943: tags=6 desc=223 img=hi [cached]
[cache] RJ341981
[enrich] 7704/10500 RJ341981: tags=6 desc=132 img=hi [cached]
[cache] RJ157475
[enrich] 7705/10500 RJ157475: tags=6 desc=120 img=hi [cached]
[enrich] 7706/10500 RJ01246834: tags=1 desc=12 img=hi
[cache] RJ265538
[enrich] 7707/10500 RJ265538: tags=6 desc=320 img=hi [cached]
[cache] RJ01020748
[enrich] 7708/10500 RJ01020748: tags=6 desc=196 img=hi [cached]
[cache] RJ225541
[enrich] 7709/10500 RJ225541: tags=6 desc=510 img=hi [cached]
[cache] RJ01340659
[enrich] 7710/10500 RJ01340659: tags=6 desc=398 img=hi [cached]
[cache] RJ289236
[enrich] 7711/10500 RJ289236: tags=5 desc=102 img=hi [cached]
[cache] RJ215189
[enrich] 7712/10500 RJ215189: tags=6 desc=1754 img=hi [cached]
[cache] RJ270997
[enrich] 7713/10500 RJ270997: tags=6 desc=415 img=hi [cached]
[cache] RJ275268
[enrich] 7714/10500 RJ275268: tags=6 desc=96 img=hi [cached]
[cache] RJ360236
[enrich] 7715/10500 RJ360236: tags=6 desc=1677 img=hi [cached]
[cache] RJ244190
[enrich] 7716/10500 RJ244190: tags=6 desc=142 img=hi [cached]
[cache] RJ311256
[enrich] 7717/10500 RJ311256: tags=6 desc=510 img=hi [cached]
[cache] RJ01369196
[enrich] 7718/10500 RJ01369196: tags=6 desc=745 img=hi [cached]
[cache] RJ438033
[enrich] 7719/10500 RJ438033: tags=6 desc=359 img=hi [cached]
[cache] RJ01131553
[enrich] 7720/10500 RJ01131553: tags=6 desc=1354 img=hi [cached]
[cache] RJ283405
[enrich] 7721/10500 RJ283405: tags=6 desc=780 img=hi [cached]
[cache] RJ01232510
[enrich] 7722/10500 RJ01232510: tags=6 desc=331 img=hi [cached]
[cache] RJ252228
[enrich] 7723/10500 RJ252228: tags=6 desc=258 img=hi [cached]
[cache] RJ218202
[enrich] 7724/10500 RJ218202: tags=6 desc=179 img=hi [cached]
[enrich] 7725/10500 RJ01079294: tags=6 desc=14 img=hi
[save] partial 7725/10500: 10500 works → /workspace/dlsite-promo-site/data/works.json
[cache] RJ01529779
[enrich] 7726/10500 RJ01529779: tags=1 desc=190 img=hi [cached]
[cache] RJ01151136
[enrich] 7727/10500 RJ01151136: tags=5 desc=109 img=hi [cached]
[cache] RJ254008
[enrich] 7728/10500 RJ254008: tags=6 desc=145 img=hi [cached]
[cache] RJ01345241
[enrich] 7729/10500 RJ01345241: tags=6 desc=274 img=hi [cached]
[cache] RJ01083018
[enrich] 7730/10500 RJ01083018: tags=5 desc=108 img=hi [cached]
[cache] RJ01027143
[enrich] 7731/10500 RJ01027143: tags=6 desc=279 img=hi [cached]
[cache] RJ299200
[enrich] 7732/10500 RJ299200: tags=6 desc=138 img=hi [cached]
[cache] RJ01329136
[enrich] 7733/10500 RJ01329136: tags=6 desc=530 img=hi [cached]
[cache] RJ240742
[enrich] 7734/10500 RJ240742: tags=5 desc=508 img=hi [cached]
[cache] RJ198319
[enrich] 7735/10500 RJ198319: tags=4 desc=212 img=hi [cached]
[cache] RJ378906
[enrich] 7736/10500 RJ378906: tags=6 desc=390 img=hi [cached]
[cache] RJ01079629
[enrich] 7737/10500 RJ01079629: tags=6 desc=375 img=hi [cached]
[cache] RJ400218
[enrich] 7738/10500 RJ400218: tags=6 desc=503 img=hi [cached]
[cache] RJ320159
[enrich] 7739/10500 RJ320159: tags=6 desc=193 img=hi [cached]
[cache] RJ01251983
[enrich] 7740/10500 RJ01251983: tags=6 desc=834 img=hi [cached]
[cache] RJ01030983
[enrich] 7741/10500 RJ01030983: tags=1 desc=133 img=hi [cached]
[cache] RJ01252572
[enrich] 7742/10500 RJ01252572: tags=6 desc=582 img=hi [cached]
[cache] RJ408718
[enrich] 7743/10500 RJ408718: tags=6 desc=69 img=hi [cached]
[cache] RJ01133646
[enrich] 7744/10500 RJ01133646: tags=5 desc=342 img=hi [cached]
[cache] RJ193915
[enrich] 7745/10500 RJ193915: tags=6 desc=343 img=hi [cached]
[cache] RJ135981
[enrich] 7746/10500 RJ135981: tags=6 desc=91 img=hi [cached]
[cache] RJ01029675
[enrich] 7747/10500 RJ01029675: tags=6 desc=372 img=hi [cached]
[cache] RJ274928
[enrich] 7748/10500 RJ274928: tags=6 desc=1847 img=hi [cached]
[cache] RJ01129037
[enrich] 7749/10500 RJ01129037: tags=6 desc=388 img=hi [cached]
[cache] RJ01326699
[enrich] 7750/10500 RJ01326699: tags=6 desc=123 img=hi [cached]
[save] partial 7750/10500: 10500 works → /workspace/dlsite-promo-site/data/works.json
[cache] RJ01181813
[enrich] 7751/10500 RJ01181813: tags=6 desc=580 img=hi [cached]
[cache] RJ01570008
[enrich] 7752/10500 RJ01570008: tags=6 desc=731 img=hi [cached]
[cache] RJ01201951
[enrich] 7753/10500 RJ01201951: tags=6 desc=2070 img=hi [cached]
[cache] RJ137776
[enrich] 7754/10500 RJ137776: tags=6 desc=646 img=hi [cached]
[cache] RJ266066
[enrich] 7755/10500 RJ266066: tags=6 desc=3146 img=hi [cached]
[cache] RJ01240899
[enrich] 7756/10500 RJ01240899: tags=6 desc=1019 img=hi [cached]
[cache] RJ295577
[enrich] 7757/10500 RJ295577: tags=6 desc=2177 img=hi [cached]
[cache] RJ300627
[enrich] 7758/10500 RJ300627: tags=6 desc=799 img=hi [cached]
[cache] RJ270709
[enrich] 7759/10500 RJ270709: tags=4 desc=1550 img=hi [cached]
[cache] RJ262777
[enrich] 7760/10500 RJ262777: tags=6 desc=539 img=hi [cached]
[cache] RJ227638
[enrich] 7761/10500 RJ227638: tags=6 desc=2725 img=hi [cached]
[cache] RJ270713
[enrich] 7762/10500 RJ270713: tags=6 desc=1846 img=hi [cached]
[cache] RJ291174
[enrich] 7763/10500 RJ291174: tags=6 desc=2371 img=hi [cached]
[cache] RJ01017228
[enrich] 7764/10500 RJ01017228: tags=6 desc=4295 img=hi [cached]
[cache] RJ01118122
[enrich] 7765/10500 RJ01118122: tags=6 desc=1098 img=hi [cached]
[cache] RJ01280626
[enrich] 7766/10500 RJ01280626: tags=6 desc=1072 img=hi [cached]
[cache] RJ118028
[enrich] 7767/10500 RJ118028: tags=6 desc=625 img=hi [cached]
[cache] RJ200911
[enrich] 7768/10500 RJ200911: tags=2 desc=175 img=hi [cached]
[cache] RJ048759
[enrich] 7769/10500 RJ048759: tags=6 desc=731 img=hi [cached]
[cache] RJ097948
[enrich] 7770/10500 RJ097948: tags=6 desc=261 img=hi [cached]
[cache] RJ099963
[enrich] 7771/10500 RJ099963: tags=6 desc=1141 img=hi [cached]
[cache] RJ144732
[enrich] 7772/10500 RJ144732: tags=6 desc=1627 img=hi [cached]
[cache] RJ01374641
[enrich] 7773/10500 RJ01374641: tags=6 desc=962 img=hi [cached]
[cache] RJ01165979
[enrich] 7774/10500 RJ01165979: tags=6 desc=353 img=hi [cached]
[cache] RJ024106
[enrich] 7775/10500 RJ024106: tags=6 desc=569 img=hi [cached]
[save] partial 7775/10500: 10500 works → /workspace/dlsite-promo-site/data/works.json
[cache] RJ308353
[enrich] 7776/10500 RJ308353: tags=6 desc=1454 img=hi [cached]
[cache] RJ163108
[enrich] 7777/10500 RJ163108: tags=6 desc=466 img=hi [cached]
[cache] RJ007929
[enrich] 7778/10500 RJ007929: tags=4 desc=633 img=hi [cached]
[cache] RJ076967
[enrich] 7779/10500 RJ076967: tags=6 desc=693 img=hi [cached]
[cache] RJ015963
[enrich] 7780/10500 RJ015963: tags=6 desc=580 img=hi [cached]
[cache] RJ105320
[enrich] 7781/10500 RJ105320: tags=6 desc=1648 img=hi [cached]
[cache] RJ01049613
[enrich] 7782/10500 RJ01049613: tags=6 desc=2418 img=hi [cached]
[cache] RJ051971
[enrich] 7783/10500 RJ051971: tags=6 desc=854 img=hi [cached]
[cache] RJ162925
[enrich] 7784/10500 RJ162925: tags=6 desc=1539 img=hi [cached]
[cache] RJ249421
[enrich] 7785/10500 RJ249421: tags=6 desc=1132 img=hi [cached]
[cache] RJ402902
[enrich] 7786/10500 RJ402902: tags=6 desc=1462 img=hi [cached]
[cache] RJ126260
[enrich] 7787/10500 RJ126260: tags=6 desc=783 img=hi [cached]
[cache] RJ257715
[enrich] 7788/10500 RJ257715: tags=6 desc=583 img=hi [cached]
[cache] RJ01343718
[enrich] 7789/10500 RJ01343718: tags=6 desc=1459 img=hi [cached]
[cache] RJ053103
[enrich] 7790/10500 RJ053103: tags=3 desc=350 img=hi [cached]
[cache] RJ153311
[enrich] 7791/10500 RJ153311: tags=6 desc=1208 img=hi [cached]
[cache] RJ01325466
[enrich] 7792/10500 RJ01325466: tags=6 desc=1212 img=hi [cached]
[cache] RJ119740
[enrich] 7793/10500 RJ119740: tags=6 desc=554 img=hi [cached]
[cache] RJ193932
[enrich] 7794/10500 RJ193932: tags=6 desc=1610 img=hi [cached]
[cache] RJ105252
[enrich] 7795/10500 RJ105252: tags=6 desc=1580 img=hi [cached]
[cache] RJ025039
[enrich] 7796/10500 RJ025039: tags=2 desc=150 img=hi [cached]
[cache] RJ158064
[enrich] 7797/10500 RJ158064: tags=6 desc=1154 img=hi [cached]
[cache] RJ01557728
[enrich] 7798/10500 RJ01557728: tags=6 desc=328 img=hi [cached]
[cache] RJ113136
[enrich] 7799/10500 RJ113136: tags=6 desc=632 img=hi [cached]
[cache] RJ014320
[enrich] 7800/10500 RJ014320: tags=3 desc=443 img=hi [cached]
[save] partial 7800/10500: 10500 works → /workspace/dlsite-promo-site/data/works.json
[cache] RJ102086
[enrich] 7801/10500 RJ102086: tags=6 desc=1133 img=hi [cached]
[cache] RJ030934
[enrich] 7802/10500 RJ030934: tags=5 desc=528 img=hi [cached]
[cache] RJ007794
[enrich] 7803/10500 RJ007794: tags=4 desc=625 img=hi [cached]
[cache] RJ112304
[enrich] 7804/10500 RJ112304: tags=6 desc=1883 img=hi [cached]
[cache] RJ031032
[enrich] 7805/10500 RJ031032: tags=6 desc=744 img=hi [cached]
[cache] RJ023147
[enrich] 7806/10500 RJ023147: tags=6 desc=438 img=hi [cached]
[cache] RJ418547
[enrich] 7807/10500 RJ418547: tags=6 desc=429 img=hi [cached]
[cache] RJ154315
[enrich] 7808/10500 RJ154315: tags=6 desc=531 img=hi [cached]
[cache] RJ289756
[enrich] 7809/10500 RJ289756: tags=6 desc=534 img=hi [cached]
[cache] RJ151320
[enrich] 7810/10500 RJ151320: tags=6 desc=1141 img=hi [cached]
[cache] RJ112134
[enrich] 7811/10500 RJ112134: tags=6 desc=1072 img=hi [cached]
[cache] RJ01073589
[enrich] 7812/10500 RJ01073589: tags=6 desc=60 img=hi [cached]
[cache] RJ205284
[enrich] 7813/10500 RJ205284: tags=3 desc=190 img=hi [cached]
[cache] RJ060542
[enrich] 7814/10500 RJ060542: tags=5 desc=1096 img=hi [cached]
[cache] RJ165153
[enrich] 7815/10500 RJ165153: tags=6 desc=2269 img=hi [cached]
[cache] RJ128542
[enrich] 7816/10500 RJ128542: tags=6 desc=1483 img=hi [cached]
[cache] RJ325255
[enrich] 7817/10500 RJ325255: tags=6 desc=546 img=hi [cached]
[cache] RJ058577
[enrich] 7818/10500 RJ058577: tags=6 desc=420 img=hi [cached]
[cache] RJ180409
[enrich] 7819/10500 RJ180409: tags=6 desc=2361 img=hi [cached]
[cache] RJ277931
[enrich] 7820/10500 RJ277931: tags=6 desc=1897 img=hi [cached]
[cache] RJ076614
[enrich] 7821/10500 RJ076614: tags=6 desc=835 img=hi [cached]
[cache] RJ179700
[enrich] 7822/10500 RJ179700: tags=5 desc=713 img=hi [cached]
[cache] RJ318113
[enrich] 7823/10500 RJ318113: tags=6 desc=1532 img=hi [cached]
[cache] RJ129308
[enrich] 7824/10500 RJ129308: tags=6 desc=885 img=hi [cached]
[cache] RJ007712
[enrich] 7825/10500 RJ007712: tags=0 desc=184 img=hi [cached]
[save] partial 7825/10500: 10500 works → /workspace/dlsite-promo-site/data/works.json
[cache] RJ041804
[enrich] 7826/10500 RJ041804: tags=6 desc=631 img=hi [cached]
[cache] RJ01222312
[enrich] 7827/10500 RJ01222312: tags=6 desc=1723 img=hi [cached]
[cache] RJ029034
[enrich] 7828/10500 RJ029034: tags=6 desc=826 img=hi [cached]
[cache] RJ118597
[enrich] 7829/10500 RJ118597: tags=6 desc=2781 img=hi [cached]
[cache] RJ046440
[enrich] 7830/10500 RJ046440: tags=6 desc=735 img=hi [cached]
[cache] RJ122959
[enrich] 7831/10500 RJ122959: tags=6 desc=638 img=hi [cached]
[cache] RJ018609
[enrich] 7832/10500 RJ018609: tags=3 desc=826 img=hi [cached]
[cache] RJ058148
[enrich] 7833/10500 RJ058148: tags=5 desc=1202 img=hi [cached]
[cache] RJ014672
[enrich] 7834/10500 RJ014672: tags=0 desc=538 img=hi [cached]
[cache] RJ01591041
[enrich] 7835/10500 RJ01591041: tags=3 desc=263 img=hi [cached]
[cache] RJ072783
[enrich] 7836/10500 RJ072783: tags=4 desc=2380 img=hi [cached]
[cache] RJ152618
[enrich] 7837/10500 RJ152618: tags=6 desc=2899 img=hi [cached]
[cache] RJ181354
[enrich] 7838/10500 RJ181354: tags=6 desc=1975 img=hi [cached]
[cache] RJ007643
[enrich] 7839/10500 RJ007643: tags=0 desc=183 img=hi [cached]
[cache] RJ017611
[enrich] 7840/10500 RJ017611: tags=0 desc=436 img=hi [cached]
[cache] RJ262190
[enrich] 7841/10500 RJ262190: tags=6 desc=320 img=hi [cached]
[cache] RJ214381
[enrich] 7842/10500 RJ214381: tags=5 desc=404 img=hi [cached]
[cache] RJ031754
[enrich] 7843/10500 RJ031754: tags=6 desc=414 img=hi [cached]
[cache] RJ01292217
[enrich] 7844/10500 RJ01292217: tags=6 desc=1341 img=hi [cached]
[cache] RJ125849
[enrich] 7845/10500 RJ125849: tags=6 desc=911 img=hi [cached]
[cache] RJ172361
[enrich] 7846/10500 RJ172361: tags=6 desc=1051 img=hi [cached]
[cache] RJ01200640
[enrich] 7847/10500 RJ01200640: tags=6 desc=196 img=hi [cached]
[cache] RJ046155
[enrich] 7848/10500 RJ046155: tags=4 desc=736 img=hi [cached]
[cache] RJ038471
[enrich] 7849/10500 RJ038471: tags=6 desc=663 img=hi [cached]
[cache] RJ398852
[enrich] 7850/10500 RJ398852: tags=6 desc=296 img=hi [cached]
[save] partial 7850/10500: 10500 works → /workspace/dlsite-promo-site/data/works.json
[cache] RJ027554
[enrich] 7851/10500 RJ027554: tags=6 desc=370 img=hi [cached]
[cache] RJ129602
[enrich] 7852/10500 RJ129602: tags=6 desc=1330 img=hi [cached]
[cache] RJ183582
[enrich] 7853/10500 RJ183582: tags=6 desc=892 img=hi [cached]
[cache] RJ021248
[enrich] 7854/10500 RJ021248: tags=1 desc=542 img=hi [cached]
[cache] RJ038141
[enrich] 7855/10500 RJ038141: tags=4 desc=664 img=hi [cached]
[cache] RJ214653
[enrich] 7856/10500 RJ214653: tags=6 desc=469 img=hi [cached]
[cache] RJ141894
[enrich] 7857/10500 RJ141894: tags=6 desc=1010 img=hi [cached]
[cache] RJ168687
[enrich] 7858/10500 RJ168687: tags=6 desc=713 img=hi [cached]
[cache] RJ059004
[enrich] 7859/10500 RJ059004: tags=6 desc=919 img=hi [cached]
[cache] RJ01083766
[enrich] 7860/10500 RJ01083766: tags=6 desc=1600 img=hi [cached]
[cache] RJ137860
[enrich] 7861/10500 RJ137860: tags=6 desc=2787 img=hi [cached]
[cache] RJ035986
[enrich] 7862/10500 RJ035986: tags=6 desc=528 img=hi [cached]
[cache] RJ01279330
[enrich] 7863/10500 RJ01279330: tags=6 desc=2299 img=hi [cached]
[cache] RJ338099
[enrich] 7864/10500 RJ338099: tags=6 desc=1252 img=hi [cached]
[cache] RJ039146
[enrich] 7865/10500 RJ039146: tags=6 desc=1270 img=hi [cached]
[cache] RJ106227
[enrich] 7866/10500 RJ106227: tags=6 desc=819 img=hi [cached]
[cache] RJ01410479
[enrich] 7867/10500 RJ01410479: tags=6 desc=988 img=hi [cached]
[cache] RJ225639
[enrich] 7868/10500 RJ225639: tags=6 desc=1145 img=hi [cached]
[cache] RJ052544
[enrich] 7869/10500 RJ052544: tags=6 desc=345 img=hi [cached]
[cache] RJ331332
[enrich] 7870/10500 RJ331332: tags=6 desc=479 img=hi [cached]
[cache] RJ158166
[enrich] 7871/10500 RJ158166: tags=6 desc=1712 img=hi [cached]
[cache] RJ118548
[enrich] 7872/10500 RJ118548: tags=4 desc=642 img=hi [cached]
[cache] RJ038043
[enrich] 7873/10500 RJ038043: tags=6 desc=464 img=hi [cached]
[cache] RJ165002
[enrich] 7874/10500 RJ165002: tags=6 desc=988 img=hi [cached]
[cache] RJ01552842
[enrich] 7875/10500 RJ01552842: tags=6 desc=494 img=hi [cached]
[save] partial 7875/10500: 10500 works → /workspace/dlsite-promo-site/data/works.json
[cache] RJ131073
[enrich] 7876/10500 RJ131073: tags=6 desc=595 img=hi [cached]
[cache] RJ218956
[enrich] 7877/10500 RJ218956: tags=6 desc=963 img=hi [cached]
[cache] RJ081634
[enrich] 7878/10500 RJ081634: tags=6 desc=962 img=hi [cached]
[cache] RJ414518
[enrich] 7879/10500 RJ414518: tags=6 desc=964 img=hi [cached]
[cache] RJ01166474
[enrich] 7880/10500 RJ01166474: tags=6 desc=1724 img=hi [cached]
[cache] RJ180880
[enrich] 7881/10500 RJ180880: tags=6 desc=1965 img=hi [cached]
[cache] RJ157643
[enrich] 7882/10500 RJ157643: tags=6 desc=1828 img=hi [cached]
[cache] RJ118502
[enrich] 7883/10500 RJ118502: tags=4 desc=720 img=hi [cached]
[cache] RJ156343
[enrich] 7884/10500 RJ156343: tags=6 desc=542 img=hi [cached]
[cache] RJ116935
[enrich] 7885/10500 RJ116935: tags=6 desc=949 img=hi [cached]
[cache] RJ200500
[enrich] 7886/10500 RJ200500: tags=6 desc=319 img=hi [cached]
[cache] RJ400958
[enrich] 7887/10500 RJ400958: tags=5 desc=217 img=hi [cached]
[cache] RJ135262
[enrich] 7888/10500 RJ135262: tags=6 desc=507 img=hi [cached]
[cache] RJ079473
[enrich] 7889/10500 RJ079473: tags=4 desc=1780 img=hi [cached]
[cache] RJ017104
[enrich] 7890/10500 RJ017104: tags=6 desc=190 img=hi [cached]
[cache] RJ094565
[enrich] 7891/10500 RJ094565: tags=6 desc=4384 img=hi [cached]
[cache] RJ112298
[enrich] 7892/10500 RJ112298: tags=6 desc=913 img=hi [cached]
[cache] RJ01584572
[enrich] 7893/10500 RJ01584572: tags=6 desc=382 img=hi [cached]
[cache] RJ012182
[enrich] 7894/10500 RJ012182: tags=0 desc=110 img=hi [cached]
[cache] RJ108621
[enrich] 7895/10500 RJ108621: tags=6 desc=1104 img=hi [cached]
[cache] RJ125565
[enrich] 7896/10500 RJ125565: tags=6 desc=676 img=hi [cached]
[cache] RJ425283
[enrich] 7897/10500 RJ425283: tags=6 desc=902 img=hi [cached]
[cache] RJ089001
[enrich] 7898/10500 RJ089001: tags=6 desc=434 img=hi [cached]
[cache] RJ132085
[enrich] 7899/10500 RJ132085: tags=6 desc=1041 img=hi [cached]
[cache] RJ134821
[enrich] 7900/10500 RJ134821: tags=6 desc=572 img=hi [cached]
[save] partial 7900/10500: 10500 works → /workspace/dlsite-promo-site/data/works.json
[cache] RJ129743
[enrich] 7901/10500 RJ129743: tags=6 desc=1166 img=hi [cached]
[cache] RJ174339
[enrich] 7902/10500 RJ174339: tags=5 desc=1153 img=hi [cached]
[cache] RJ071591
[enrich] 7903/10500 RJ071591: tags=6 desc=1566 img=hi [cached]
[cache] RJ079759
[enrich] 7904/10500 RJ079759: tags=6 desc=531 img=hi [cached]
[cache] RJ190156
[enrich] 7905/10500 RJ190156: tags=6 desc=1475 img=hi [cached]
[cache] RJ049388
[enrich] 7906/10500 RJ049388: tags=5 desc=893 img=hi [cached]
[cache] RJ01592190
[enrich] 7907/10500 RJ01592190: tags=6 desc=4373 img=hi [cached]
[cache] RJ076611
[enrich] 7908/10500 RJ076611: tags=6 desc=481 img=hi [cached]
[cache] RJ419568
[enrich] 7909/10500 RJ419568: tags=6 desc=1370 img=hi [cached]
[cache] RJ015586
[enrich] 7910/10500 RJ015586: tags=6 desc=460 img=hi [cached]
[cache] RJ161461
[enrich] 7911/10500 RJ161461: tags=6 desc=1003 img=hi [cached]
[cache] RJ151464
[enrich] 7912/10500 RJ151464: tags=6 desc=620 img=hi [cached]
[cache] RJ178443
[enrich] 7913/10500 RJ178443: tags=6 desc=1095 img=hi [cached]
[cache] RJ193236
[enrich] 7914/10500 RJ193236: tags=6 desc=194 img=hi [cached]
[cache] RJ388072
[enrich] 7915/10500 RJ388072: tags=6 desc=638 img=hi [cached]
[cache] RJ01204502
[enrich] 7916/10500 RJ01204502: tags=6 desc=263 img=hi [cached]
[cache] RJ222939
[enrich] 7917/10500 RJ222939: tags=5 desc=329 img=hi [cached]
[cache] RJ01111884
[enrich] 7918/10500 RJ01111884: tags=6 desc=360 img=hi [cached]
[cache] RJ375449
[enrich] 7919/10500 RJ375449: tags=6 desc=116 img=hi [cached]
[cache] RJ103443
[enrich] 7920/10500 RJ103443: tags=5 desc=440 img=hi [cached]
[cache] RJ188970
[enrich] 7921/10500 RJ188970: tags=6 desc=228 img=hi [cached]
[cache] RJ341508
[enrich] 7922/10500 RJ341508: tags=6 desc=186 img=hi [cached]
[cache] RJ206868
[enrich] 7923/10500 RJ206868: tags=6 desc=1158 img=hi [cached]
[cache] RJ037118
[enrich] 7924/10500 RJ037118: tags=0 desc=274 img=hi [cached]
[cache] RJ264397
[enrich] 7925/10500 RJ264397: tags=6 desc=315 img=hi [cached]
[save] partial 7925/10500: 10500 works → /workspace/dlsite-promo-site/data/works.json
[cache] RJ01100472
[enrich] 7926/10500 RJ01100472: tags=6 desc=350 img=hi [cached]
[cache] RJ388908
[enrich] 7927/10500 RJ388908: tags=6 desc=384 img=hi [cached]
[cache] RJ01016483
[enrich] 7928/10500 RJ01016483: tags=6 desc=380 img=hi [cached]
[cache] RJ230737
[enrich] 7929/10500 RJ230737: tags=6 desc=431 img=hi [cached]
[cache] RJ141786
[enrich] 7930/10500 RJ141786: tags=6 desc=739 img=hi [cached]
[cache] RJ363030
[enrich] 7931/10500 RJ363030: tags=3 desc=171 img=hi [cached]
[cache] RJ021065
[enrich] 7932/10500 RJ021065: tags=6 desc=153 img=hi [cached]
[cache] RJ181254
[enrich] 7933/10500 RJ181254: tags=6 desc=657 img=hi [cached]
[cache] RJ150679
[enrich] 7934/10500 RJ150679: tags=6 desc=364 img=hi [cached]
[cache] RJ126915
[enrich] 7935/10500 RJ126915: tags=6 desc=365 img=hi [cached]
[cache] RJ326067
[enrich] 7936/10500 RJ326067: tags=6 desc=950 img=hi [cached]
[cache] RJ313670
[enrich] 7937/10500 RJ313670: tags=6 desc=511 img=hi [cached]
[cache] RJ046092
[enrich] 7938/10500 RJ046092: tags=4 desc=242 img=hi [cached]
[cache] RJ172917
[enrich] 7939/10500 RJ172917: tags=6 desc=269 img=hi [cached]
[cache] RJ424010
[enrich] 7940/10500 RJ424010: tags=6 desc=1207 img=hi [cached]
[cache] RJ292292
[enrich] 7941/10500 RJ292292: tags=6 desc=197 img=hi [cached]
[cache] RJ392303
[enrich] 7942/10500 RJ392303: tags=6 desc=196 img=hi [cached]
[enrich] 7943/10500 RJ312685: tags=6 desc=21 img=hi
[cache] RJ354663
[enrich] 7944/10500 RJ354663: tags=6 desc=332 img=hi [cached]
[cache] RJ199222
[enrich] 7945/10500 RJ199222: tags=6 desc=540 img=hi [cached]
[cache] RJ151890
[enrich] 7946/10500 RJ151890: tags=5 desc=853 img=hi [cached]
[cache] RJ218714
[enrich] 7947/10500 RJ218714: tags=6 desc=350 img=hi [cached]
[cache] RJ112451
[enrich] 7948/10500 RJ112451: tags=3 desc=635 img=hi [cached]
[cache] RJ246865
[enrich] 7949/10500 RJ246865: tags=5 desc=211 img=hi [cached]
[cache] RJ185357
[enrich] 7950/10500 RJ185357: tags=6 desc=281 img=hi [cached]
[save] partial 7950/10500: 10500 works → /workspace/dlsite-promo-site/data/works.json
[cache] RJ324394
[enrich] 7951/10500 RJ324394: tags=6 desc=580 img=hi [cached]
[cache] RJ420544
[enrich] 7952/10500 RJ420544: tags=6 desc=713 img=hi [cached]
[cache] RJ111595
[enrich] 7953/10500 RJ111595: tags=4 desc=231 img=hi [cached]
[cache] RJ01214051
[enrich] 7954/10500 RJ01214051: tags=6 desc=515 img=hi [cached]
[cache] RJ245139
[enrich] 7955/10500 RJ245139: tags=6 desc=1683 img=hi [cached]
[cache] RJ246470
[enrich] 7956/10500 RJ246470: tags=5 desc=361 img=hi [cached]
[cache] RJ203791
[enrich] 7957/10500 RJ203791: tags=6 desc=1536 img=hi [cached]
[cache] RJ315917
[enrich] 7958/10500 RJ315917: tags=5 desc=277 img=hi [cached]
[cache] RJ056352
[enrich] 7959/10500 RJ056352: tags=2 desc=219 img=hi [cached]
[cache] RJ067708
[enrich] 7960/10500 RJ067708: tags=4 desc=144 img=hi [cached]
[cache] RJ01108910
[enrich] 7961/10500 RJ01108910: tags=6 desc=436 img=hi [cached]
[cache] RJ305351
[enrich] 7962/10500 RJ305351: tags=6 desc=917 img=hi [cached]
[cache] RJ177420
[enrich] 7963/10500 RJ177420: tags=6 desc=390 img=hi [cached]
[cache] RJ244461
[enrich] 7964/10500 RJ244461: tags=5 desc=736 img=hi [cached]
[cache] RJ263675
[enrich] 7965/10500 RJ263675: tags=2 desc=287 img=hi [cached]
[cache] RJ202108
[enrich] 7966/10500 RJ202108: tags=6 desc=307 img=hi [cached]
[cache] RJ135277
[enrich] 7967/10500 RJ135277: tags=6 desc=248 img=hi [cached]
[cache] RJ061532
[enrich] 7968/10500 RJ061532: tags=4 desc=278 img=hi [cached]
[cache] RJ130467
[enrich] 7969/10500 RJ130467: tags=5 desc=354 img=hi [cached]
[cache] RJ114320
[enrich] 7970/10500 RJ114320: tags=5 desc=174 img=hi [cached]
[cache] RJ188062
[enrich] 7971/10500 RJ188062: tags=6 desc=734 img=hi [cached]
[cache] RJ054256
[enrich] 7972/10500 RJ054256: tags=6 desc=395 img=hi [cached]
[cache] RJ256902
[enrich] 7973/10500 RJ256902: tags=6 desc=872 img=hi [cached]
[cache] RJ157683
[enrich] 7974/10500 RJ157683: tags=2 desc=704 img=hi [cached]
[cache] RJ376452
[enrich] 7975/10500 RJ376452: tags=6 desc=806 img=hi [cached]
[save] partial 7975/10500: 10500 works → /workspace/dlsite-promo-site/data/works.json
[cache] RJ291061
[enrich] 7976/10500 RJ291061: tags=6 desc=997 img=hi [cached]
[cache] RJ209984
[enrich] 7977/10500 RJ209984: tags=6 desc=1076 img=hi [cached]
[cache] RJ171634
[enrich] 7978/10500 RJ171634: tags=6 desc=148 img=hi [cached]
[cache] RJ348208
[enrich] 7979/10500 RJ348208: tags=6 desc=507 img=hi [cached]
[cache] RJ01045430
[enrich] 7980/10500 RJ01045430: tags=6 desc=632 img=hi [cached]
[cache] RJ093001
[enrich] 7981/10500 RJ093001: tags=6 desc=510 img=hi [cached]
[cache] RJ220425
[enrich] 7982/10500 RJ220425: tags=6 desc=486 img=hi [cached]
[cache] RJ195283
[enrich] 7983/10500 RJ195283: tags=6 desc=283 img=hi [cached]
[cache] RJ01064980
[enrich] 7984/10500 RJ01064980: tags=6 desc=998 img=hi [cached]
[cache] RJ035414
[enrich] 7985/10500 RJ035414: tags=6 desc=269 img=hi [cached]
[cache] RJ182189
[enrich] 7986/10500 RJ182189: tags=6 desc=361 img=hi [cached]
[cache] RJ209625
[enrich] 7987/10500 RJ209625: tags=5 desc=978 img=hi [cached]
[cache] RJ01342406
[enrich] 7988/10500 RJ01342406: tags=6 desc=606 img=hi [cached]
[cache] RJ01340356
[enrich] 7989/10500 RJ01340356: tags=6 desc=1636 img=hi [cached]
[cache] RJ253160
[enrich] 7990/10500 RJ253160: tags=5 desc=283 img=hi [cached]
[cache] RJ219843
[enrich] 7991/10500 RJ219843: tags=6 desc=345 img=hi [cached]
[cache] RJ079551
[enrich] 7992/10500 RJ079551: tags=6 desc=420 img=hi [cached]
[cache] RJ262399
[enrich] 7993/10500 RJ262399: tags=6 desc=1179 img=hi [cached]
[cache] RJ01052461
[enrich] 7994/10500 RJ01052461: tags=6 desc=381 img=hi [cached]
[cache] RJ233892
[enrich] 7995/10500 RJ233892: tags=6 desc=232 img=hi [cached]
[cache] RJ332756
[enrich] 7996/10500 RJ332756: tags=6 desc=510 img=hi [cached]
[cache] RJ168598
[enrich] 7997/10500 RJ168598: tags=6 desc=448 img=hi [cached]
[cache] RJ100493
[enrich] 7998/10500 RJ100493: tags=6 desc=320 img=hi [cached]
[cache] RJ298501
[enrich] 7999/10500 RJ298501: tags=6 desc=727 img=hi [cached]
[cache] RJ254563
[enrich] 8000/10500 RJ254563: tags=6 desc=634 img=hi [cached]
[save] partial 8000/10500: 10500 works → /workspace/dlsite-promo-site/data/works.json
[cache] RJ277505
[enrich] 8001/10500 RJ277505: tags=6 desc=613 img=hi [cached]
[cache] RJ039337
[enrich] 8002/10500 RJ039337: tags=0 desc=238 img=hi [cached]
[cache] RJ01174674
[enrich] 8003/10500 RJ01174674: tags=6 desc=574 img=hi [cached]
[cache] RJ036148
[enrich] 8004/10500 RJ036148: tags=5 desc=941 img=hi [cached]
[cache] RJ01118430
[enrich] 8005/10500 RJ01118430: tags=6 desc=376 img=hi [cached]
[cache] RJ208668
[enrich] 8006/10500 RJ208668: tags=6 desc=171 img=hi [cached]
[cache] RJ382466
[enrich] 8007/10500 RJ382466: tags=6 desc=312 img=hi [cached]
[cache] RJ049680
[enrich] 8008/10500 RJ049680: tags=5 desc=859 img=hi [cached]
[cache] RJ354060
[enrich] 8009/10500 RJ354060: tags=6 desc=340 img=hi [cached]
[cache] RJ173390
[enrich] 8010/10500 RJ173390: tags=6 desc=56 img=hi [cached]
[cache] RJ01068169
[enrich] 8011/10500 RJ01068169: tags=6 desc=1417 img=hi [cached]
[cache] RJ259805
[enrich] 8012/10500 RJ259805: tags=6 desc=321 img=hi [cached]
[cache] RJ01372698
[enrich] 8013/10500 RJ01372698: tags=6 desc=714 img=hi [cached]
[cache] RJ381188
[enrich] 8014/10500 RJ381188: tags=6 desc=174 img=hi [cached]
[cache] RJ204191
[enrich] 8015/10500 RJ204191: tags=4 desc=645 img=hi [cached]
[cache] RJ002325
[enrich] 8016/10500 RJ002325: tags=2 desc=266 img=hi [cached]
[cache] RJ037994
[enrich] 8017/10500 RJ037994: tags=6 desc=141 img=hi [cached]
[cache] RJ121325
[enrich] 8018/10500 RJ121325: tags=6 desc=629 img=hi [cached]
[cache] RJ01049197
[enrich] 8019/10500 RJ01049197: tags=6 desc=2272 img=hi [cached]
[cache] RJ087548
[enrich] 8020/10500 RJ087548: tags=6 desc=1643 img=hi [cached]
[cache] RJ101706
[enrich] 8021/10500 RJ101706: tags=6 desc=177 img=hi [cached]
[cache] RJ255731
[enrich] 8022/10500 RJ255731: tags=6 desc=163 img=hi [cached]
[cache] RJ01089437
[enrich] 8023/10500 RJ01089437: tags=6 desc=2515 img=hi [cached]
[cache] RJ132930
[enrich] 8024/10500 RJ132930: tags=6 desc=880 img=hi [cached]
[cache] RJ124986
[enrich] 8025/10500 RJ124986: tags=4 desc=1116 img=hi [cached]
[save] partial 8025/10500: 10500 works → /workspace/dlsite-promo-site/data/works.json
[cache] RJ053234
[enrich] 8026/10500 RJ053234: tags=6 desc=445 img=hi [cached]
[cache] RJ083252
[enrich] 8027/10500 RJ083252: tags=6 desc=312 img=hi [cached]
[cache] RJ01052906
[enrich] 8028/10500 RJ01052906: tags=6 desc=727 img=hi [cached]
[cache] RJ269166
[enrich] 8029/10500 RJ269166: tags=6 desc=433 img=hi [cached]
[cache] RJ126529
[enrich] 8030/10500 RJ126529: tags=6 desc=1968 img=hi [cached]
[cache] RJ125363
[enrich] 8031/10500 RJ125363: tags=6 desc=995 img=hi [cached]
[cache] RJ114582
[enrich] 8032/10500 RJ114582: tags=6 desc=499 img=hi [cached]
[enrich] 8033/10500 RJ01031771: tags=0 desc=8 img=hi
[cache] RJ157490
[enrich] 8034/10500 RJ157490: tags=5 desc=270 img=hi [cached]
[cache] RJ226232
[enrich] 8035/10500 RJ226232: tags=6 desc=113 img=hi [cached]
[cache] RJ112770
[enrich] 8036/10500 RJ112770: tags=6 desc=452 img=hi [cached]
[cache] RJ418559
[enrich] 8037/10500 RJ418559: tags=6 desc=491 img=hi [cached]
[cache] RJ080464
[enrich] 8038/10500 RJ080464: tags=6 desc=2693 img=hi [cached]
[cache] RJ224976
[enrich] 8039/10500 RJ224976: tags=6 desc=186 img=hi [cached]
[cache] RJ01100988
[enrich] 8040/10500 RJ01100988: tags=5 desc=162 img=hi [cached]
[cache] RJ01262388
[enrich] 8041/10500 RJ01262388: tags=6 desc=393 img=hi [cached]
[cache] RJ170717
[enrich] 8042/10500 RJ170717: tags=5 desc=695 img=hi [cached]
[cache] RJ01079589
[enrich] 8043/10500 RJ01079589: tags=6 desc=366 img=hi [cached]
[cache] RJ014455
[enrich] 8044/10500 RJ014455: tags=4 desc=230 img=hi [cached]
[cache] RJ032716
[enrich] 8045/10500 RJ032716: tags=6 desc=287 img=hi [cached]
[cache] RJ039924
[enrich] 8046/10500 RJ039924: tags=6 desc=725 img=hi [cached]
[cache] RJ002279
[enrich] 8047/10500 RJ002279: tags=0 desc=263 img=hi [cached]
[cache] RJ01174269
[enrich] 8048/10500 RJ01174269: tags=6 desc=250 img=hi [cached]
[cache] RJ436145
[enrich] 8049/10500 RJ436145: tags=6 desc=949 img=hi [cached]
[cache] RJ050845
[enrich] 8050/10500 RJ050845: tags=6 desc=194 img=hi [cached]
[save] partial 8050/10500: 10500 works → /workspace/dlsite-promo-site/data/works.json
[cache] RJ014591
[enrich] 8051/10500 RJ014591: tags=6 desc=425 img=hi [cached]
[cache] RJ107729
[enrich] 8052/10500 RJ107729: tags=3 desc=998 img=hi [cached]
[cache] RJ023149
[enrich] 8053/10500 RJ023149: tags=6 desc=813 img=hi [cached]
[cache] RJ01372071
[enrich] 8054/10500 RJ01372071: tags=6 desc=1071 img=hi [cached]
[cache] RJ113215
[enrich] 8055/10500 RJ113215: tags=6 desc=381 img=hi [cached]
[cache] RJ027199
[enrich] 8056/10500 RJ027199: tags=4 desc=242 img=hi [cached]
[cache] RJ128417
[enrich] 8057/10500 RJ128417: tags=6 desc=1042 img=hi [cached]
[cache] RJ116026
[enrich] 8058/10500 RJ116026: tags=3 desc=1421 img=hi [cached]
[cache] RJ187705
[enrich] 8059/10500 RJ187705: tags=6 desc=749 img=hi [cached]
[cache] RJ147193
[enrich] 8060/10500 RJ147193: tags=6 desc=267 img=hi [cached]
[cache] RJ01356333
[enrich] 8061/10500 RJ01356333: tags=6 desc=1426 img=hi [cached]
[cache] RJ215547
[enrich] 8062/10500 RJ215547: tags=3 desc=335 img=hi [cached]
[cache] RJ01126830
[enrich] 8063/10500 RJ01126830: tags=5 desc=518 img=hi [cached]
[cache] RJ419484
[enrich] 8064/10500 RJ419484: tags=6 desc=270 img=hi [cached]
[cache] RJ013662
[enrich] 8065/10500 RJ013662: tags=6 desc=859 img=hi [cached]
[cache] RJ249874
[enrich] 8066/10500 RJ249874: tags=6 desc=354 img=hi [cached]
[cache] RJ210127
[enrich] 8067/10500 RJ210127: tags=6 desc=105 img=hi [cached]
[cache] RJ083938
[enrich] 8068/10500 RJ083938: tags=6 desc=261 img=hi [cached]
[cache] RJ01348440
[enrich] 8069/10500 RJ01348440: tags=6 desc=216 img=hi [cached]
[cache] RJ01059074
[enrich] 8070/10500 RJ01059074: tags=2 desc=198 img=hi [cached]
[cache] RJ030348
[enrich] 8071/10500 RJ030348: tags=6 desc=532 img=hi [cached]
[cache] RJ025408
[enrich] 8072/10500 RJ025408: tags=6 desc=620 img=hi [cached]
[cache] RJ01309688
[enrich] 8073/10500 RJ01309688: tags=6 desc=415 img=hi [cached]
[cache] RJ051558
[enrich] 8074/10500 RJ051558: tags=6 desc=768 img=hi [cached]
[cache] RJ262732
[enrich] 8075/10500 RJ262732: tags=6 desc=157 img=hi [cached]
[save] partial 8075/10500: 10500 works → /workspace/dlsite-promo-site/data/works.json
[cache] RJ01184182
[enrich] 8076/10500 RJ01184182: tags=6 desc=1303 img=hi [cached]
[cache] RJ056415
[enrich] 8077/10500 RJ056415: tags=5 desc=932 img=hi [cached]
[cache] RJ071839
[enrich] 8078/10500 RJ071839: tags=6 desc=467 img=hi [cached]
[cache] RJ01602082
[enrich] 8079/10500 RJ01602082: tags=6 desc=742 img=hi [cached]
[cache] RJ050527
[enrich] 8080/10500 RJ050527: tags=5 desc=992 img=hi [cached]
[cache] RJ086410
[enrich] 8081/10500 RJ086410: tags=6 desc=707 img=hi [cached]
[cache] RJ159409
[enrich] 8082/10500 RJ159409: tags=6 desc=596 img=hi [cached]
[cache] RJ341919
[enrich] 8083/10500 RJ341919: tags=6 desc=1004 img=hi [cached]
[cache] RJ01303683
[enrich] 8084/10500 RJ01303683: tags=6 desc=607 img=hi [cached]
[cache] RJ01027164
[enrich] 8085/10500 RJ01027164: tags=6 desc=403 img=hi [cached]
[cache] RJ193026
[enrich] 8086/10500 RJ193026: tags=1 desc=405 img=hi [cached]
[cache] RJ398061
[enrich] 8087/10500 RJ398061: tags=0 desc=247 img=hi [cached]
[cache] RJ064575
[enrich] 8088/10500 RJ064575: tags=2 desc=289 img=hi [cached]
[cache] RJ295068
[enrich] 8089/10500 RJ295068: tags=1 desc=246 img=hi [cached]
[cache] RJ333292
[enrich] 8090/10500 RJ333292: tags=1 desc=729 img=hi [cached]
[cache] RJ178634
[enrich] 8091/10500 RJ178634: tags=1 desc=203 img=hi [cached]
[cache] RJ031832
[enrich] 8092/10500 RJ031832: tags=0 desc=327 img=hi [cached]
[cache] RJ233771
[enrich] 8093/10500 RJ233771: tags=1 desc=1017 img=hi [cached]
[cache] RJ233772
[enrich] 8094/10500 RJ233772: tags=1 desc=1331 img=hi [cached]
[cache] RJ159224
[enrich] 8095/10500 RJ159224: tags=6 desc=959 img=hi [cached]
[cache] RJ157235
[enrich] 8096/10500 RJ157235: tags=6 desc=771 img=hi [cached]
[cache] RJ126710
[enrich] 8097/10500 RJ126710: tags=0 desc=1370 img=hi [cached]
[cache] RJ370918
[enrich] 8098/10500 RJ370918: tags=1 desc=79 img=hi [cached]
[cache] RJ272128
[enrich] 8099/10500 RJ272128: tags=1 desc=989 img=hi [cached]
[cache] RJ01001225
[enrich] 8100/10500 RJ01001225: tags=2 desc=699 img=hi [cached]
[save] partial 8100/10500: 10500 works → /workspace/dlsite-promo-site/data/works.json
[cache] RJ313175
[enrich] 8101/10500 RJ313175: tags=6 desc=1047 img=hi [cached]
[cache] RJ060164
[enrich] 8102/10500 RJ060164: tags=0 desc=269 img=hi [cached]
[cache] RJ138812
[enrich] 8103/10500 RJ138812: tags=2 desc=272 img=hi [cached]
[cache] RJ046869
[enrich] 8104/10500 RJ046869: tags=0 desc=775 img=hi [cached]
[cache] RJ261624
[enrich] 8105/10500 RJ261624: tags=0 desc=1097 img=hi [cached]
[cache] RJ424215
[enrich] 8106/10500 RJ424215: tags=1 desc=1020 img=hi [cached]
[cache] RJ200937
[enrich] 8107/10500 RJ200937: tags=0 desc=562 img=hi [cached]
[cache] RJ194536
[enrich] 8108/10500 RJ194536: tags=5 desc=997 img=hi [cached]
[cache] RJ019904
[enrich] 8109/10500 RJ019904: tags=0 desc=169 img=hi [cached]
[cache] RJ178627
[enrich] 8110/10500 RJ178627: tags=1 desc=268 img=hi [cached]
[cache] RJ192498
[enrich] 8111/10500 RJ192498: tags=2 desc=364 img=hi [cached]
[enrich] 8112/10500 RJ045886: tags=0 desc=14 img=hi
[cache] RJ260479
[enrich] 8113/10500 RJ260479: tags=3 desc=629 img=hi [cached]
[cache] RJ230561
[enrich] 8114/10500 RJ230561: tags=0 desc=1012 img=hi [cached]
[cache] RJ238601
[enrich] 8115/10500 RJ238601: tags=0 desc=1038 img=hi [cached]
[cache] RJ01148512
[enrich] 8116/10500 RJ01148512: tags=6 desc=656 img=hi [cached]
[cache] RJ141344
[enrich] 8117/10500 RJ141344: tags=0 desc=426 img=hi [cached]
[cache] RJ148738
[enrich] 8118/10500 RJ148738: tags=6 desc=621 img=hi [cached]
[cache] RJ178621
[enrich] 8119/10500 RJ178621: tags=0 desc=190 img=hi [cached]
[cache] RJ037560
[enrich] 8120/10500 RJ037560: tags=0 desc=637 img=hi [cached]
[cache] RJ368171
[enrich] 8121/10500 RJ368171: tags=3 desc=968 img=hi [cached]
[cache] RJ01098111
[enrich] 8122/10500 RJ01098111: tags=4 desc=762 img=hi [cached]
[cache] RJ381732
[enrich] 8123/10500 RJ381732: tags=6 desc=530 img=hi [cached]
[cache] RJ313788
[enrich] 8124/10500 RJ313788: tags=1 desc=1531 img=hi [cached]
[cache] RJ01121277
[enrich] 8125/10500 RJ01121277: tags=6 desc=424 img=hi [cached]
[save] partial 8125/10500: 10500 works → /workspace/dlsite-promo-site/data/works.json
[cache] RJ01044816
[enrich] 8126/10500 RJ01044816: tags=1 desc=1081 img=hi [cached]
[cache] RJ200799
[enrich] 8127/10500 RJ200799: tags=0 desc=747 img=hi [cached]
[cache] RJ299698
[enrich] 8128/10500 RJ299698: tags=3 desc=101 img=hi [cached]
[cache] RJ227970
[enrich] 8129/10500 RJ227970: tags=6 desc=58 img=hi [cached]
[cache] RJ169759
[enrich] 8130/10500 RJ169759: tags=6 desc=940 img=hi [cached]
[cache] RJ338793
[enrich] 8131/10500 RJ338793: tags=0 desc=1023 img=hi [cached]
[cache] RJ313790
[enrich] 8132/10500 RJ313790: tags=1 desc=1537 img=hi [cached]
[cache] RJ238722
[enrich] 8133/10500 RJ238722: tags=3 desc=876 img=hi [cached]
[cache] RJ281308
[enrich] 8134/10500 RJ281308: tags=6 desc=4481 img=hi [cached]
[cache] RJ196232
[enrich] 8135/10500 RJ196232: tags=0 desc=401 img=hi [cached]
[cache] RJ248913
[enrich] 8136/10500 RJ248913: tags=2 desc=1157 img=hi [cached]
[cache] RJ178637
[enrich] 8137/10500 RJ178637: tags=0 desc=261 img=hi [cached]
[cache] RJ178623
[enrich] 8138/10500 RJ178623: tags=0 desc=196 img=hi [cached]
[cache] RJ230571
[enrich] 8139/10500 RJ230571: tags=2 desc=1124 img=hi [cached]
[cache] RJ279009
[enrich] 8140/10500 RJ279009: tags=1 desc=643 img=hi [cached]
[cache] RJ169303
[enrich] 8141/10500 RJ169303: tags=0 desc=609 img=hi [cached]
[cache] RJ299166
[enrich] 8142/10500 RJ299166: tags=2 desc=1013 img=hi [cached]
[cache] RJ026573
[enrich] 8143/10500 RJ026573: tags=0 desc=213 img=hi [cached]
[cache] RJ279012
[enrich] 8144/10500 RJ279012: tags=1 desc=446 img=hi [cached]
[cache] RJ218999
[enrich] 8145/10500 RJ218999: tags=2 desc=326 img=hi [cached]
[cache] RJ318711
[enrich] 8146/10500 RJ318711: tags=0 desc=1498 img=hi [cached]
[cache] RJ258908
[enrich] 8147/10500 RJ258908: tags=3 desc=411 img=hi [cached]
[cache] RJ121059
[enrich] 8148/10500 RJ121059: tags=0 desc=893 img=hi [cached]
[cache] RJ292217
[enrich] 8149/10500 RJ292217: tags=1 desc=929 img=hi [cached]
[cache] RJ230559
[enrich] 8150/10500 RJ230559: tags=0 desc=1144 img=hi [cached]
[save] partial 8150/10500: 10500 works → /workspace/dlsite-promo-site/data/works.json
[cache] RJ128580
[enrich] 8151/10500 RJ128580: tags=4 desc=285 img=hi [cached]
[cache] RJ109015
[enrich] 8152/10500 RJ109015: tags=0 desc=804 img=hi [cached]
[cache] RJ223027
[enrich] 8153/10500 RJ223027: tags=2 desc=396 img=hi [cached]
[cache] RJ301107
[enrich] 8154/10500 RJ301107: tags=1 desc=907 img=hi [cached]
[cache] RJ01101442
[enrich] 8155/10500 RJ01101442: tags=4 desc=740 img=hi [cached]
[cache] RJ313794
[enrich] 8156/10500 RJ313794: tags=1 desc=1492 img=hi [cached]
[cache] RJ178641
[enrich] 8157/10500 RJ178641: tags=1 desc=184 img=hi [cached]
[cache] RJ131351
[enrich] 8158/10500 RJ131351: tags=0 desc=273 img=hi [cached]
[cache] RJ260354
[enrich] 8159/10500 RJ260354: tags=4 desc=701 img=hi [cached]
[cache] RJ051973
[enrich] 8160/10500 RJ051973: tags=1 desc=82 img=hi [cached]
[cache] RJ191811
[enrich] 8161/10500 RJ191811: tags=0 desc=297 img=hi [cached]
[cache] RJ260072
[enrich] 8162/10500 RJ260072: tags=0 desc=760 img=hi [cached]
[cache] RJ124433
[enrich] 8163/10500 RJ124433: tags=3 desc=321 img=hi [cached]
[cache] RJ188136
[enrich] 8164/10500 RJ188136: tags=0 desc=393 img=hi [cached]
[cache] RJ147712
[enrich] 8165/10500 RJ147712: tags=0 desc=205 img=hi [cached]
[cache] RJ01098905
[enrich] 8166/10500 RJ01098905: tags=4 desc=186 img=hi [cached]
[cache] RJ261113
[enrich] 8167/10500 RJ261113: tags=0 desc=1053 img=hi [cached]
[cache] RJ200993
[enrich] 8168/10500 RJ200993: tags=0 desc=313 img=hi [cached]
[cache] RJ018196
[enrich] 8169/10500 RJ018196: tags=0 desc=326 img=hi [cached]
[cache] RJ01331220
[enrich] 8170/10500 RJ01331220: tags=6 desc=526 img=hi [cached]
[cache] RJ279733
[enrich] 8171/10500 RJ279733: tags=1 desc=1460 img=hi [cached]
[cache] RJ017982
[enrich] 8172/10500 RJ017982: tags=0 desc=125 img=hi [cached]
[cache] RJ034495
[enrich] 8173/10500 RJ034495: tags=0 desc=181 img=hi [cached]
[cache] RJ018343
[enrich] 8174/10500 RJ018343: tags=0 desc=764 img=hi [cached]
[cache] RJ374853
[enrich] 8175/10500 RJ374853: tags=1 desc=1212 img=hi [cached]
[save] partial 8175/10500: 10500 works → /workspace/dlsite-promo-site/data/works.json
[enrich] 8176/10500 RJ01722554: tags=0 desc=8 img=hi
[enrich] 8177/10500 RJ01722516: tags=0 desc=8 img=hi
[enrich] 8178/10500 RJ01722479: tags=0 desc=8 img=hi
[enrich] 8179/10500 RJ01722451: tags=0 desc=8 img=hi
[enrich] 8180/10500 RJ01722438: tags=0 desc=8 img=hi
[enrich] 8181/10500 RJ01722184: tags=0 desc=8 img=hi
[enrich] 8182/10500 RJ01722182: tags=0 desc=8 img=hi
[enrich] 8183/10500 RJ01722180: tags=0 desc=8 img=hi
[enrich] 8184/10500 RJ01722174: tags=0 desc=8 img=hi
[enrich] 8185/10500 RJ01722173: tags=0 desc=8 img=hi
[cache] RJ01721773
[enrich] 8186/10500 RJ01721773: tags=0 desc=290 img=hi [cached]
[cache] RJ01721170
[enrich] 8187/10500 RJ01721170: tags=6 desc=414 img=hi [cached]
[enrich] 8188/10500 RJ01719426: tags=0 desc=8 img=hi
[enrich] 8189/10500 RJ01713326: tags=0 desc=8 img=hi
[enrich] 8190/10500 RJ01709075: tags=0 desc=8 img=hi
[cache] RJ01708542
[enrich] 8191/10500 RJ01708542: tags=6 desc=722 img=hi [cached]
[cache] RJ01708386
[enrich] 8192/10500 RJ01708386: tags=5 desc=517 img=hi [cached]
[cache] RJ01681580
[enrich] 8193/10500 RJ01681580: tags=3 desc=311 img=hi [cached]
[cache] RJ01725079
[enrich] 8194/10500 RJ01725079: tags=6 desc=154 img=hi [cached]
[cache] RJ01713274
[enrich] 8195/10500 RJ01713274: tags=0 desc=407 img=hi [cached]
[cache] RJ01712325
[enrich] 8196/10500 RJ01712325: tags=5 desc=359 img=hi [cached]
[cache] RJ01712129
[enrich] 8197/10500 RJ01712129: tags=6 desc=286 img=hi [cached]
[cache] RJ01712042
[enrich] 8198/10500 RJ01712042: tags=6 desc=1519 img=hi [cached]
[cache] RJ01711729
[enrich] 8199/10500 RJ01711729: tags=6 desc=797 img=hi [cached]
[cache] RJ01711543
[enrich] 8200/10500 RJ01711543: tags=6 desc=2157 img=hi [cached]
[save] partial 8200/10500: 10500 works → /workspace/dlsite-promo-site/data/works.json
[cache] RJ01711259
[enrich] 8201/10500 RJ01711259: tags=6 desc=1808 img=hi [cached]
[cache] RJ01710664
[enrich] 8202/10500 RJ01710664: tags=6 desc=1083 img=hi [cached]
[cache] RJ01710486
[enrich] 8203/10500 RJ01710486: tags=4 desc=1997 img=hi [cached]
[cache] RJ01710475
[enrich] 8204/10500 RJ01710475: tags=6 desc=2143 img=hi [cached]
[cache] RJ01709988
[enrich] 8205/10500 RJ01709988: tags=6 desc=2466 img=hi [cached]
[cache] RJ01709450
[enrich] 8206/10500 RJ01709450: tags=6 desc=2080 img=hi [cached]
[cache] RJ01709439
[enrich] 8207/10500 RJ01709439: tags=6 desc=3827 img=hi [cached]
[cache] RJ01708942
[enrich] 8208/10500 RJ01708942: tags=6 desc=1947 img=hi [cached]
[cache] RJ01708905
[enrich] 8209/10500 RJ01708905: tags=6 desc=900 img=hi [cached]
[cache] RJ01708668
[enrich] 8210/10500 RJ01708668: tags=6 desc=1369 img=hi [cached]
[cache] RJ01708105
[enrich] 8211/10500 RJ01708105: tags=6 desc=1660 img=hi [cached]
[cache] RJ01708086
[enrich] 8212/10500 RJ01708086: tags=6 desc=829 img=hi [cached]
[cache] RJ01707873
[enrich] 8213/10500 RJ01707873: tags=6 desc=2349 img=hi [cached]
[cache] RJ01707838
[enrich] 8214/10500 RJ01707838: tags=6 desc=2862 img=hi [cached]
[cache] RJ01707284
[enrich] 8215/10500 RJ01707284: tags=6 desc=915 img=hi [cached]
[cache] RJ01706834
[enrich] 8216/10500 RJ01706834: tags=6 desc=1404 img=hi [cached]
[cache] RJ01706462
[enrich] 8217/10500 RJ01706462: tags=4 desc=611 img=hi [cached]
[cache] RJ01705449
[enrich] 8218/10500 RJ01705449: tags=6 desc=4348 img=hi [cached]
[cache] RJ01704033
[enrich] 8219/10500 RJ01704033: tags=6 desc=522 img=hi [cached]
[cache] RJ01703878
[enrich] 8220/10500 RJ01703878: tags=6 desc=912 img=hi [cached]
[cache] RJ01695995
[enrich] 8221/10500 RJ01695995: tags=6 desc=544 img=hi [cached]
[cache] RJ01695563
[enrich] 8222/10500 RJ01695563: tags=4 desc=690 img=hi [cached]
[cache] RJ01685193
[enrich] 8223/10500 RJ01685193: tags=6 desc=607 img=hi [cached]
[cache] RJ01634976
[enrich] 8224/10500 RJ01634976: tags=6 desc=2139 img=hi [cached]
[cache] RJ01583465
[enrich] 8225/10500 RJ01583465: tags=6 desc=1291 img=hi [cached]
[save] partial 8225/10500: 10500 works → /workspace/dlsite-promo-site/data/works.json
[cache] RJ01533534
[enrich] 8226/10500 RJ01533534: tags=5 desc=434 img=hi [cached]
[cache] RJ01713258
[enrich] 8227/10500 RJ01713258: tags=6 desc=1476 img=hi [cached]
[cache] RJ01713094
[enrich] 8228/10500 RJ01713094: tags=6 desc=317 img=hi [cached]
[cache] RJ01713064
[enrich] 8229/10500 RJ01713064: tags=6 desc=346 img=hi [cached]
[cache] RJ01712809
[enrich] 8230/10500 RJ01712809: tags=6 desc=662 img=hi [cached]
[cache] RJ01712709
[enrich] 8231/10500 RJ01712709: tags=6 desc=364 img=hi [cached]
[cache] RJ01712693
[enrich] 8232/10500 RJ01712693: tags=6 desc=1543 img=hi [cached]
[cache] RJ01712602
[enrich] 8233/10500 RJ01712602: tags=6 desc=2350 img=hi [cached]
[cache] RJ01712563
[enrich] 8234/10500 RJ01712563: tags=6 desc=1011 img=hi [cached]
[cache] RJ01576707
[enrich] 8235/10500 RJ01576707: tags=6 desc=3307 img=hi [cached]
[cache] RJ01712769
[enrich] 8236/10500 RJ01712769: tags=6 desc=787 img=hi [cached]
[cache] RJ01712380
[enrich] 8237/10500 RJ01712380: tags=6 desc=1300 img=hi [cached]
[cache] RJ01712341
[enrich] 8238/10500 RJ01712341: tags=6 desc=1832 img=hi [cached]
[cache] RJ01711875
[enrich] 8239/10500 RJ01711875: tags=6 desc=130 img=hi [cached]
[cache] RJ01708932
[enrich] 8240/10500 RJ01708932: tags=6 desc=1703 img=hi [cached]
[cache] RJ01708022
[enrich] 8241/10500 RJ01708022: tags=6 desc=775 img=hi [cached]
[cache] RJ01707690
[enrich] 8242/10500 RJ01707690: tags=6 desc=2063 img=hi [cached]
[cache] RJ01705375
[enrich] 8243/10500 RJ01705375: tags=6 desc=2228 img=hi [cached]
[cache] RJ01704688
[enrich] 8244/10500 RJ01704688: tags=6 desc=1420 img=hi [cached]
[cache] RJ01704566
[enrich] 8245/10500 RJ01704566: tags=6 desc=290 img=hi [cached]
[cache] RJ01703890
[enrich] 8246/10500 RJ01703890: tags=3 desc=233 img=hi [cached]
[cache] RJ01701926
[enrich] 8247/10500 RJ01701926: tags=6 desc=330 img=hi [cached]
[cache] RJ01700295
[enrich] 8248/10500 RJ01700295: tags=6 desc=2649 img=hi [cached]
[cache] RJ01697834
[enrich] 8249/10500 RJ01697834: tags=6 desc=935 img=hi [cached]
[cache] RJ01488732
[enrich] 8250/10500 RJ01488732: tags=6 desc=633 img=hi [cached]
[save] partial 8250/10500: 10500 works → /workspace/dlsite-promo-site/data/works.json
[cache] RJ01711926
[enrich] 8251/10500 RJ01711926: tags=3 desc=189 img=hi [cached]
[cache] RJ01711887
[enrich] 8252/10500 RJ01711887: tags=6 desc=377 img=hi [cached]
[cache] RJ01711879
[enrich] 8253/10500 RJ01711879: tags=6 desc=1666 img=hi [cached]
[cache] RJ01711734
[enrich] 8254/10500 RJ01711734: tags=3 desc=616 img=hi [cached]
[cache] RJ01708694
[enrich] 8255/10500 RJ01708694: tags=6 desc=1157 img=hi [cached]
[cache] RJ01703208
[enrich] 8256/10500 RJ01703208: tags=6 desc=2514 img=hi [cached]
[cache] RJ01701811
[enrich] 8257/10500 RJ01701811: tags=6 desc=568 img=hi [cached]
[cache] RJ01697850
[enrich] 8258/10500 RJ01697850: tags=6 desc=2775 img=hi [cached]
[cache] RJ01711808
[enrich] 8259/10500 RJ01711808: tags=2 desc=198 img=hi [cached]
[cache] RJ01711304
[enrich] 8260/10500 RJ01711304: tags=4 desc=107 img=hi [cached]
[cache] RJ01711270
[enrich] 8261/10500 RJ01711270: tags=5 desc=1132 img=hi [cached]
[cache] RJ01711219
[enrich] 8262/10500 RJ01711219: tags=5 desc=718 img=hi [cached]
[cache] RJ01711193
[enrich] 8263/10500 RJ01711193: tags=6 desc=325 img=hi [cached]
[cache] RJ01711181
[enrich] 8264/10500 RJ01711181: tags=4 desc=968 img=hi [cached]
[cache] RJ01704765
[enrich] 8265/10500 RJ01704765: tags=6 desc=390 img=hi [cached]
[cache] RJ01709805
[enrich] 8266/10500 RJ01709805: tags=6 desc=722 img=hi [cached]
[cache] RJ01709645
[enrich] 8267/10500 RJ01709645: tags=5 desc=263 img=hi [cached]
[cache] RJ01709637
[enrich] 8268/10500 RJ01709637: tags=5 desc=242 img=hi [cached]
[cache] RJ01708646
[enrich] 8269/10500 RJ01708646: tags=6 desc=1369 img=hi [cached]
[cache] RJ01708576
[enrich] 8270/10500 RJ01708576: tags=6 desc=1439 img=hi [cached]
[cache] RJ01707256
[enrich] 8271/10500 RJ01707256: tags=6 desc=2315 img=hi [cached]
[cache] RJ01699858
[enrich] 8272/10500 RJ01699858: tags=6 desc=1400 img=hi [cached]
[cache] RJ01696510
[enrich] 8273/10500 RJ01696510: tags=6 desc=305 img=hi [cached]
[cache] RJ01635135
[enrich] 8274/10500 RJ01635135: tags=6 desc=279 img=hi [cached]
[cache] RJ01709943
[enrich] 8275/10500 RJ01709943: tags=2 desc=166 img=hi [cached]
[save] partial 8275/10500: 10500 works → /workspace/dlsite-promo-site/data/works.json
[cache] RJ01709432
[enrich] 8276/10500 RJ01709432: tags=4 desc=42 img=hi [cached]
[cache] RJ01707792
[enrich] 8277/10500 RJ01707792: tags=5 desc=259 img=hi [cached]
[cache] RJ01709247
[enrich] 8278/10500 RJ01709247: tags=6 desc=850 img=hi [cached]
[cache] RJ01709160
[enrich] 8279/10500 RJ01709160: tags=6 desc=282 img=hi [cached]
[cache] RJ01709094
[enrich] 8280/10500 RJ01709094: tags=1 desc=353 img=hi [cached]
[cache] RJ01709057
[enrich] 8281/10500 RJ01709057: tags=5 desc=872 img=hi [cached]
[cache] RJ01708972
[enrich] 8282/10500 RJ01708972: tags=6 desc=411 img=hi [cached]
[cache] RJ01708796
[enrich] 8283/10500 RJ01708796: tags=6 desc=389 img=hi [cached]
[cache] RJ01707449
[enrich] 8284/10500 RJ01707449: tags=6 desc=3115 img=hi [cached]
[cache] RJ01701889
[enrich] 8285/10500 RJ01701889: tags=1 desc=681 img=hi [cached]
[cache] RJ01698795
[enrich] 8286/10500 RJ01698795: tags=6 desc=1289 img=hi [cached]
[cache] RJ01697939
[enrich] 8287/10500 RJ01697939: tags=6 desc=716 img=hi [cached]
[cache] RJ01695405
[enrich] 8288/10500 RJ01695405: tags=6 desc=3115 img=hi [cached]
[cache] RJ01688892
[enrich] 8289/10500 RJ01688892: tags=6 desc=844 img=hi [cached]
[cache] RJ01604776
[enrich] 8290/10500 RJ01604776: tags=6 desc=498 img=hi [cached]
[cache] RJ01708915
[enrich] 8291/10500 RJ01708915: tags=6 desc=243 img=hi [cached]
[cache] RJ01708911
[enrich] 8292/10500 RJ01708911: tags=6 desc=330 img=hi [cached]
[cache] RJ01708906
[enrich] 8293/10500 RJ01708906: tags=6 desc=247 img=hi [cached]
[cache] RJ01708894
[enrich] 8294/10500 RJ01708894: tags=6 desc=225 img=hi [cached]
[cache] RJ01708855
[enrich] 8295/10500 RJ01708855: tags=6 desc=264 img=hi [cached]
[cache] RJ01708847
[enrich] 8296/10500 RJ01708847: tags=6 desc=298 img=hi [cached]
[cache] RJ01708830
[enrich] 8297/10500 RJ01708830: tags=6 desc=265 img=hi [cached]
[cache] RJ01708804
[enrich] 8298/10500 RJ01708804: tags=6 desc=271 img=hi [cached]
[cache] RJ01708793
[enrich] 8299/10500 RJ01708793: tags=6 desc=298 img=hi [cached]
[cache] RJ01708782
[enrich] 8300/10500 RJ01708782: tags=6 desc=292 img=hi [cached]
[save] partial 8300/10500: 10500 works → /workspace/dlsite-promo-site/data/works.json
[cache] RJ01708767
[enrich] 8301/10500 RJ01708767: tags=6 desc=249 img=hi [cached]
[cache] RJ01708684
[enrich] 8302/10500 RJ01708684: tags=6 desc=330 img=hi [cached]
[cache] RJ01708520
[enrich] 8303/10500 RJ01708520: tags=6 desc=159 img=hi [cached]
[cache] RJ01708481
[enrich] 8304/10500 RJ01708481: tags=6 desc=561 img=hi [cached]
[cache] RJ01708476
[enrich] 8305/10500 RJ01708476: tags=6 desc=704 img=hi [cached]
[cache] RJ01707855
[enrich] 8306/10500 RJ01707855: tags=5 desc=458 img=hi [cached]
[cache] RJ01707274
[enrich] 8307/10500 RJ01707274: tags=6 desc=234 img=hi [cached]
[cache] RJ01696352
[enrich] 8308/10500 RJ01696352: tags=6 desc=820 img=hi [cached]
[cache] RJ01708358
[enrich] 8309/10500 RJ01708358: tags=2 desc=799 img=hi [cached]
[cache] RJ01708349
[enrich] 8310/10500 RJ01708349: tags=6 desc=721 img=hi [cached]
[cache] RJ01708319
[enrich] 8311/10500 RJ01708319: tags=6 desc=742 img=hi [cached]
[cache] RJ01707926
[enrich] 8312/10500 RJ01707926: tags=6 desc=237 img=hi [cached]
[cache] RJ01707824
[enrich] 8313/10500 RJ01707824: tags=6 desc=211 img=hi [cached]
[cache] RJ01707196
[enrich] 8314/10500 RJ01707196: tags=6 desc=1591 img=hi [cached]
[cache] RJ01706504
[enrich] 8315/10500 RJ01706504: tags=6 desc=1483 img=hi [cached]
[cache] RJ01706009
[enrich] 8316/10500 RJ01706009: tags=3 desc=1721 img=hi [cached]
[cache] RJ01705874
[enrich] 8317/10500 RJ01705874: tags=6 desc=982 img=hi [cached]
[cache] RJ01705752
[enrich] 8318/10500 RJ01705752: tags=6 desc=329 img=hi [cached]
[cache] RJ01705242
[enrich] 8319/10500 RJ01705242: tags=6 desc=1473 img=hi [cached]
[cache] RJ01703660
[enrich] 8320/10500 RJ01703660: tags=6 desc=1242 img=hi [cached]
[cache] RJ01701885
[enrich] 8321/10500 RJ01701885: tags=1 desc=2808 img=hi [cached]
[cache] RJ01697922
[enrich] 8322/10500 RJ01697922: tags=6 desc=1409 img=hi [cached]
[cache] RJ01691470
[enrich] 8323/10500 RJ01691470: tags=6 desc=344 img=hi [cached]
[cache] RJ01543767
[enrich] 8324/10500 RJ01543767: tags=6 desc=729 img=hi [cached]
[cache] RJ01707144
[enrich] 8325/10500 RJ01707144: tags=6 desc=242 img=hi [cached]
[save] partial 8325/10500: 10500 works → /workspace/dlsite-promo-site/data/works.json
[cache] RJ01706334
[enrich] 8326/10500 RJ01706334: tags=5 desc=847 img=hi [cached]
[cache] RJ01705737
[enrich] 8327/10500 RJ01705737: tags=5 desc=405 img=hi [cached]
[enrich] 8328/10500 RJ01704805: tags=0 desc=8 img=hi
[cache] RJ01707636
[enrich] 8329/10500 RJ01707636: tags=6 desc=459 img=hi [cached]
[cache] RJ01707603
[enrich] 8330/10500 RJ01707603: tags=4 desc=314 img=hi [cached]
[cache] RJ01707602
[enrich] 8331/10500 RJ01707602: tags=6 desc=1368 img=hi [cached]
[cache] RJ01707007
[enrich] 8332/10500 RJ01707007: tags=6 desc=2131 img=hi [cached]
[cache] RJ01706935
[enrich] 8333/10500 RJ01706935: tags=2 desc=459 img=hi [cached]
[cache] RJ01706933
[enrich] 8334/10500 RJ01706933: tags=2 desc=415 img=hi [cached]
[cache] RJ01706728
[enrich] 8335/10500 RJ01706728: tags=6 desc=833 img=hi [cached]
[cache] RJ01706468
[enrich] 8336/10500 RJ01706468: tags=6 desc=1307 img=hi [cached]
[enrich] 8337/10500 RJ01701681: tags=0 desc=8 img=hi
[enrich] 8338/10500 RJ01701679: tags=0 desc=8 img=hi
[cache] RJ01687894
[enrich] 8339/10500 RJ01687894: tags=6 desc=668 img=hi [cached]
[cache] RJ01704616
[enrich] 8340/10500 RJ01704616: tags=5 desc=919 img=hi [cached]
[enrich] 8341/10500 RJ01692851: tags=0 desc=8 img=hi
[cache] RJ01704515
[enrich] 8342/10500 RJ01704515: tags=1 desc=907 img=hi [cached]
[cache] RJ01704502
[enrich] 8343/10500 RJ01704502: tags=6 desc=379 img=hi [cached]
[enrich] 8344/10500 RJ01704473: tags=0 desc=8 img=hi
[cache] RJ01703999
[enrich] 8345/10500 RJ01703999: tags=6 desc=340 img=hi [cached]
[enrich] 8346/10500 RJ01700650: tags=0 desc=8 img=hi
[enrich] 8347/10500 RJ01699557: tags=0 desc=8 img=hi
[enrich] 8348/10500 RJ01694706: tags=0 desc=8 img=hi
[cache] RJ01648620
[enrich] 8349/10500 RJ01648620: tags=6 desc=526 img=hi [cached]
[enrich] 8350/10500 RJ01703543: tags=0 desc=8 img=hi
[save] partial 8350/10500: 10500 works → /workspace/dlsite-promo-site/data/works.json
[enrich] 8351/10500 RJ01703417: tags=0 desc=8 img=hi
[cache] RJ01703385
[enrich] 8352/10500 RJ01703385: tags=2 desc=456 img=hi [cached]
[enrich] 8353/10500 RJ01703188: tags=0 desc=8 img=hi
[enrich] 8354/10500 RJ01700511: tags=0 desc=8 img=hi
[enrich] 8355/10500 RJ01700099: tags=0 desc=8 img=hi
[cache] RJ01699855
[enrich] 8356/10500 RJ01699855: tags=4 desc=1109 img=hi [cached]
[enrich] 8357/10500 RJ01699253: tags=0 desc=8 img=hi
[enrich] 8358/10500 RJ01698387: tags=0 desc=8 img=hi
[cache] RJ01702684
[enrich] 8359/10500 RJ01702684: tags=6 desc=294 img=hi [cached]
[enrich] 8360/10500 RJ01703183: tags=0 desc=8 img=hi
[enrich] 8361/10500 RJ01703113: tags=0 desc=8 img=hi
[enrich] 8362/10500 RJ01698823: tags=0 desc=8 img=hi
[enrich] 8363/10500 RJ01676021: tags=0 desc=8 img=hi
[cache] RJ01703097
[enrich] 8364/10500 RJ01703097: tags=2 desc=612 img=hi [cached]
[cache] RJ01702769
[enrich] 8365/10500 RJ01702769: tags=6 desc=664 img=hi [cached]
[cache] RJ01701656
[enrich] 8366/10500 RJ01701656: tags=2 desc=613 img=hi [cached]
[cache] RJ01700040
[enrich] 8367/10500 RJ01700040: tags=6 desc=225 img=hi [cached]
[enrich] 8368/10500 RJ01698550: tags=0 desc=8 img=hi
[cache] RJ01667487
[enrich] 8369/10500 RJ01667487: tags=5 desc=836 img=hi [cached]
[enrich] 8370/10500 RJ01698094: tags=0 desc=8 img=hi
[enrich] 8371/10500 RJ01697975: tags=0 desc=8 img=hi
[enrich] 8372/10500 RJ01697961: tags=0 desc=8 img=hi
[enrich] 8373/10500 RJ01697735: tags=0 desc=8 img=hi
[cache] RJ01702603
[enrich] 8374/10500 RJ01702603: tags=0 desc=574 img=hi [cached]
[cache] RJ01702600
[enrich] 8375/10500 RJ01702600: tags=0 desc=556 img=hi [cached]
[save] partial 8375/10500: 10500 works → /workspace/dlsite-promo-site/data/works.json
[cache] RJ01702594
[enrich] 8376/10500 RJ01702594: tags=0 desc=493 img=hi [cached]
[cache] RJ01698585
[enrich] 8377/10500 RJ01698585: tags=6 desc=837 img=hi [cached]
[cache] RJ01647065
[enrich] 8378/10500 RJ01647065: tags=2 desc=542 img=hi [cached]
[cache] RJ01701532
[enrich] 8379/10500 RJ01701532: tags=4 desc=346 img=hi [cached]
[enrich] 8380/10500 RJ01696159: tags=0 desc=8 img=hi
[enrich] 8381/10500 RJ01696111: tags=0 desc=8 img=hi
[cache] RJ01624238
[enrich] 8382/10500 RJ01624238: tags=6 desc=378 img=hi [cached]
[cache] RJ01701837
[enrich] 8383/10500 RJ01701837: tags=6 desc=770 img=hi [cached]
[cache] RJ01701141
[enrich] 8384/10500 RJ01701141: tags=6 desc=74 img=hi [cached]
[cache] RJ01698850
[enrich] 8385/10500 RJ01698850: tags=6 desc=1133 img=hi [cached]
[enrich] 8386/10500 RJ01695623: tags=0 desc=8 img=hi
[enrich] 8387/10500 RJ01692862: tags=0 desc=8 img=hi
[cache] RJ01687095
[enrich] 8388/10500 RJ01687095: tags=6 desc=737 img=hi [cached]
[cache] RJ01660619
[enrich] 8389/10500 RJ01660619: tags=6 desc=626 img=hi [cached]
[cache] RJ01641122
[enrich] 8390/10500 RJ01641122: tags=6 desc=299 img=hi [cached]
[cache] RJ01158622
[enrich] 8391/10500 RJ01158622: tags=6 desc=231 img=hi [cached]
[cache] RJ01701249
[enrich] 8392/10500 RJ01701249: tags=6 desc=90 img=hi [cached]
[cache] RJ01700061
[enrich] 8393/10500 RJ01700061: tags=1 desc=352 img=hi [cached]
[enrich] 8394/10500 RJ01699448: tags=0 desc=8 img=hi
[cache] RJ01565697
[enrich] 8395/10500 RJ01565697: tags=6 desc=766 img=hi [cached]
[cache] RJ01700765
[enrich] 8396/10500 RJ01700765: tags=6 desc=723 img=hi [cached]
[cache] RJ01699257
[enrich] 8397/10500 RJ01699257: tags=6 desc=239 img=hi [cached]
[enrich] 8398/10500 RJ01698800: tags=0 desc=8 img=hi
[cache] RJ01696485
[enrich] 8399/10500 RJ01696485: tags=6 desc=291 img=hi [cached]
[enrich] 8400/10500 RJ01694440: tags=0 desc=8 img=hi
[save] partial 8400/10500: 10500 works → /workspace/dlsite-promo-site/data/works.json
[cache] RJ01681062
[enrich] 8401/10500 RJ01681062: tags=6 desc=361 img=hi [cached]
[cache] RJ01672571
[enrich] 8402/10500 RJ01672571: tags=6 desc=1077 img=hi [cached]
[cache] RJ01657081
[enrich] 8403/10500 RJ01657081: tags=6 desc=2196 img=hi [cached]
[cache] RJ01699228
[enrich] 8404/10500 RJ01699228: tags=4 desc=299 img=hi [cached]
[enrich] 8405/10500 RJ01695029: tags=0 desc=8 img=hi
[enrich] 8406/10500 RJ01694874: tags=0 desc=8 img=hi
[enrich] 8407/10500 RJ01694347: tags=0 desc=8 img=hi
[enrich] 8408/10500 RJ01691697: tags=0 desc=8 img=hi
[cache] RJ01700247
[enrich] 8409/10500 RJ01700247: tags=0 desc=1392 img=hi [cached]
[enrich] 8410/10500 RJ01699097: tags=0 desc=8 img=hi
[cache] RJ01695959
[enrich] 8411/10500 RJ01695959: tags=6 desc=1001 img=hi [cached]
[cache] RJ01693808
[enrich] 8412/10500 RJ01693808: tags=6 desc=1063 img=hi [cached]
[enrich] 8413/10500 RJ01693307: tags=0 desc=8 img=hi
[cache] RJ01690857
[enrich] 8414/10500 RJ01690857: tags=6 desc=1851 img=hi [cached]
[cache] RJ01670371
[enrich] 8415/10500 RJ01670371: tags=6 desc=2049 img=hi [cached]
[cache] RJ01638711
[enrich] 8416/10500 RJ01638711: tags=4 desc=185 img=hi [cached]
[cache] RJ01694552
[enrich] 8417/10500 RJ01694552: tags=5 desc=233 img=hi [cached]
[enrich] 8418/10500 RJ01692758: tags=0 desc=8 img=hi
[enrich] 8419/10500 RJ01692144: tags=0 desc=8 img=hi
[cache] RJ01685480
[enrich] 8420/10500 RJ01685480: tags=6 desc=1001 img=hi [cached]
[cache] RJ01699613
[enrich] 8421/10500 RJ01699613: tags=6 desc=498 img=hi [cached]
[cache] RJ01699395
[enrich] 8422/10500 RJ01699395: tags=6 desc=69 img=hi [cached]
[cache] RJ01698872
[enrich] 8423/10500 RJ01698872: tags=6 desc=368 img=hi [cached]
[cache] RJ01698857
[enrich] 8424/10500 RJ01698857: tags=6 desc=3039 img=hi [cached]
[cache] RJ01698499
[enrich] 8425/10500 RJ01698499: tags=3 desc=1262 img=hi [cached]
[save] partial 8425/10500: 10500 works → /workspace/dlsite-promo-site/data/works.json
[cache] RJ01697088
[enrich] 8426/10500 RJ01697088: tags=2 desc=200 img=hi [cached]
[cache] RJ01697061
[enrich] 8427/10500 RJ01697061: tags=2 desc=200 img=hi [cached]
[cache] RJ01679436
[enrich] 8428/10500 RJ01679436: tags=6 desc=1100 img=hi [cached]
[enrich] 8429/10500 RJ01691609: tags=0 desc=8 img=hi
[enrich] 8430/10500 RJ01682408: tags=0 desc=8 img=hi
[enrich] 8431/10500 RJ01686790: tags=0 desc=8 img=hi
[cache] RJ01643693
[enrich] 8432/10500 RJ01643693: tags=6 desc=1456 img=hi [cached]
[cache] RJ01697409
[enrich] 8433/10500 RJ01697409: tags=5 desc=1072 img=hi [cached]
[cache] RJ01696927
[enrich] 8434/10500 RJ01696927: tags=4 desc=439 img=hi [cached]
[enrich] 8435/10500 RJ01691330: tags=0 desc=8 img=hi
[enrich] 8436/10500 RJ01690844: tags=0 desc=8 img=hi
[enrich] 8437/10500 RJ01690709: tags=0 desc=8 img=hi
[enrich] 8438/10500 RJ01686461: tags=0 desc=8 img=hi
[cache] RJ01697913
[enrich] 8439/10500 RJ01697913: tags=6 desc=117 img=hi [cached]
[cache] RJ01697874
[enrich] 8440/10500 RJ01697874: tags=6 desc=1400 img=hi [cached]
[cache] RJ01692495
[enrich] 8441/10500 RJ01692495: tags=6 desc=475 img=hi [cached]
[enrich] 8442/10500 RJ01691050: tags=0 desc=8 img=hi
[cache] RJ01697917
[enrich] 8443/10500 RJ01697917: tags=6 desc=800 img=hi [cached]
[cache] RJ01697864
[enrich] 8444/10500 RJ01697864: tags=6 desc=147 img=hi [cached]
[cache] RJ01697233
[enrich] 8445/10500 RJ01697233: tags=6 desc=275 img=hi [cached]
[enrich] 8446/10500 RJ01690252: tags=0 desc=8 img=hi
[cache] RJ01676823
[enrich] 8447/10500 RJ01676823: tags=6 desc=1090 img=hi [cached]
[enrich] 8448/10500 RJ01689664: tags=0 desc=8 img=hi
[enrich] 8449/10500 RJ01688938: tags=0 desc=8 img=hi
[enrich] 8450/10500 RJ01687430: tags=0 desc=8 img=hi
[save] partial 8450/10500: 10500 works → /workspace/dlsite-promo-site/data/works.json
[cache] RJ01678097
[enrich] 8451/10500 RJ01678097: tags=6 desc=452 img=hi [cached]
[cache] RJ01696782
[enrich] 8452/10500 RJ01696782: tags=6 desc=406 img=hi [cached]
[enrich] 8453/10500 RJ01696517: tags=0 desc=8 img=hi
[cache] RJ01696343
[enrich] 8454/10500 RJ01696343: tags=5 desc=387 img=hi [cached]
[cache] RJ01696269
[enrich] 8455/10500 RJ01696269: tags=5 desc=898 img=hi [cached]
[cache] RJ01695596
[enrich] 8456/10500 RJ01695596: tags=5 desc=892 img=hi [cached]
[cache] RJ01693060
[enrich] 8457/10500 RJ01693060: tags=6 desc=422 img=hi [cached]
[cache] RJ01690312
[enrich] 8458/10500 RJ01690312: tags=6 desc=725 img=hi [cached]
[enrich] 8459/10500 RJ01688817: tags=0 desc=8 img=hi
[enrich] 8460/10500 RJ01688807: tags=0 desc=8 img=hi
[enrich] 8461/10500 RJ01688787: tags=0 desc=8 img=hi
[enrich] 8462/10500 RJ01688339: tags=0 desc=8 img=hi
[enrich] 8463/10500 RJ01683512: tags=0 desc=8 img=hi
[cache] RJ01158553
[enrich] 8464/10500 RJ01158553: tags=6 desc=231 img=hi [cached]
[enrich] 8465/10500 RJ01696419: tags=0 desc=8 img=hi
[enrich] 8466/10500 RJ01688617: tags=0 desc=8 img=hi
[cache] RJ01724166
[enrich] 8467/10500 RJ01724166: tags=5 desc=53 img=hi [cached]
[cache] RJ01724024
[enrich] 8468/10500 RJ01724024: tags=6 desc=370 img=hi [cached]
[cache] RJ01723988
[enrich] 8469/10500 RJ01723988: tags=5 desc=273 img=hi [cached]
[cache] RJ01723517
[enrich] 8470/10500 RJ01723517: tags=6 desc=295 img=hi [cached]
[cache] RJ01723295
[enrich] 8471/10500 RJ01723295: tags=6 desc=617 img=hi [cached]
[cache] RJ01723195
[enrich] 8472/10500 RJ01723195: tags=6 desc=158 img=hi [cached]
[cache] RJ01722460
[enrich] 8473/10500 RJ01722460: tags=6 desc=43 img=hi [cached]
[enrich] 8474/10500 RJ01721285: tags=0 desc=8 img=hi
[enrich] 8475/10500 RJ01721253: tags=0 desc=8 img=hi
[save] partial 8475/10500: 10500 works → /workspace/dlsite-promo-site/data/works.json
[enrich] 8476/10500 RJ01721217: tags=0 desc=8 img=hi
[enrich] 8477/10500 RJ01721171: tags=0 desc=8 img=hi
[enrich] 8478/10500 RJ01721099: tags=0 desc=8 img=hi
[enrich] 8479/10500 RJ01721040: tags=0 desc=8 img=hi
[enrich] 8480/10500 RJ01720893: tags=0 desc=8 img=hi
[enrich] 8481/10500 RJ01720881: tags=0 desc=8 img=hi
[cache] RJ01719707
[enrich] 8482/10500 RJ01719707: tags=4 desc=287 img=hi [cached]
[enrich] 8483/10500 RJ01719525: tags=0 desc=8 img=hi
[cache] RJ01719080
[enrich] 8484/10500 RJ01719080: tags=6 desc=97 img=hi [cached]
[cache] RJ01709844
[enrich] 8485/10500 RJ01709844: tags=6 desc=43 img=hi [cached]
[cache] RJ01723824
[enrich] 8486/10500 RJ01723824: tags=4 desc=343 img=hi [cached]
[cache] RJ01685110
[enrich] 8487/10500 RJ01685110: tags=6 desc=52 img=hi [cached]
[cache] RJ01709212
[enrich] 8488/10500 RJ01709212: tags=6 desc=505 img=hi [cached]
[cache] RJ01695932
[enrich] 8489/10500 RJ01695932: tags=6 desc=300 img=hi [cached]
[cache] RJ01701954
[enrich] 8490/10500 RJ01701954: tags=6 desc=223 img=hi [cached]
[cache] RJ01668723
[enrich] 8491/10500 RJ01668723: tags=6 desc=349 img=hi [cached]
[cache] RJ01602029
[enrich] 8492/10500 RJ01602029: tags=4 desc=156 img=hi [cached]
[cache] RJ01705395
[enrich] 8493/10500 RJ01705395: tags=6 desc=1485 img=hi [cached]
[cache] RJ01699554
[enrich] 8494/10500 RJ01699554: tags=6 desc=286 img=hi [cached]
[cache] RJ01654947
[enrich] 8495/10500 RJ01654947: tags=6 desc=880 img=hi [cached]
[enrich] 8496/10500 RJ01705891: tags=0 desc=8 img=hi
[cache] RJ01663643
[enrich] 8497/10500 RJ01663643: tags=6 desc=450 img=hi [cached]
[cache] RJ01700290
[enrich] 8498/10500 RJ01700290: tags=5 desc=350 img=hi [cached]
[cache] RJ01655050
[enrich] 8499/10500 RJ01655050: tags=6 desc=748 img=hi [cached]
[cache] RJ01677341
[enrich] 8500/10500 RJ01677341: tags=6 desc=1558 img=hi [cached]
[save] partial 8500/10500: 10500 works → /workspace/dlsite-promo-site/data/works.json
[cache] RJ01708446
[enrich] 8501/10500 RJ01708446: tags=6 desc=496 img=hi [cached]
[enrich] 8502/10500 RJ01709296: tags=0 desc=8 img=hi
[cache] RJ01712873
[enrich] 8503/10500 RJ01712873: tags=6 desc=294 img=hi [cached]
[cache] RJ01702058
[enrich] 8504/10500 RJ01702058: tags=5 desc=145 img=hi [cached]
[enrich] 8505/10500 RJ01710666: tags=0 desc=8 img=hi
[cache] RJ01705586
[enrich] 8506/10500 RJ01705586: tags=6 desc=266 img=hi [cached]
[enrich] 8507/10500 RJ01719736: tags=0 desc=8 img=hi
[cache] RJ01703158
[enrich] 8508/10500 RJ01703158: tags=6 desc=234 img=hi [cached]
[cache] RJ01705899
[enrich] 8509/10500 RJ01705899: tags=4 desc=225 img=hi [cached]
[enrich] 8510/10500 RJ01692175: tags=0 desc=8 img=hi
[cache] RJ01699602
[enrich] 8511/10500 RJ01699602: tags=6 desc=286 img=hi [cached]
[cache] RJ01719378
[enrich] 8512/10500 RJ01719378: tags=6 desc=219 img=hi [cached]
[cache] RJ01683915
[enrich] 8513/10500 RJ01683915: tags=6 desc=1157 img=hi [cached]
[cache] RJ01716241
[enrich] 8514/10500 RJ01716241: tags=6 desc=998 img=hi [cached]
[cache] RJ01677011
[enrich] 8515/10500 RJ01677011: tags=6 desc=332 img=hi [cached]
[cache] RJ01721044
[enrich] 8516/10500 RJ01721044: tags=6 desc=372 img=hi [cached]
[cache] RJ01714322
[enrich] 8517/10500 RJ01714322: tags=6 desc=80 img=hi [cached]
[cache] RJ01714002
[enrich] 8518/10500 RJ01714002: tags=6 desc=340 img=hi [cached]
[cache] RJ01701294
[enrich] 8519/10500 RJ01701294: tags=6 desc=362 img=hi [cached]
[cache] RJ01569482
[enrich] 8520/10500 RJ01569482: tags=6 desc=1151 img=hi [cached]
[cache] RJ01654502
[enrich] 8521/10500 RJ01654502: tags=5 desc=83 img=hi [cached]
[cache] RJ01702394
[enrich] 8522/10500 RJ01702394: tags=5 desc=106 img=hi [cached]
[cache] RJ01701359
[enrich] 8523/10500 RJ01701359: tags=4 desc=245 img=hi [cached]
[cache] RJ01680344
[enrich] 8524/10500 RJ01680344: tags=6 desc=1382 img=hi [cached]
[cache] RJ01702976
[enrich] 8525/10500 RJ01702976: tags=6 desc=1204 img=hi [cached]
[save] partial 8525/10500: 10500 works → /workspace/dlsite-promo-site/data/works.json
[cache] RJ01707410
[enrich] 8526/10500 RJ01707410: tags=5 desc=76 img=hi [cached]
[cache] RJ01699333
[enrich] 8527/10500 RJ01699333: tags=6 desc=210 img=hi [cached]
[cache] RJ01653144
[enrich] 8528/10500 RJ01653144: tags=6 desc=399 img=hi [cached]
[cache] RJ01712734
[enrich] 8529/10500 RJ01712734: tags=0 desc=215 img=hi [cached]
[cache] RJ01660621
[enrich] 8530/10500 RJ01660621: tags=6 desc=2375 img=hi [cached]
[cache] RJ01656947
[enrich] 8531/10500 RJ01656947: tags=6 desc=1180 img=hi [cached]
[cache] RJ01672112
[enrich] 8532/10500 RJ01672112: tags=6 desc=1115 img=hi [cached]
[cache] RJ01683261
[enrich] 8533/10500 RJ01683261: tags=6 desc=1775 img=hi [cached]
[cache] RJ01654696
[enrich] 8534/10500 RJ01654696: tags=6 desc=875 img=hi [cached]
[cache] RJ01652156
[enrich] 8535/10500 RJ01652156: tags=6 desc=838 img=hi [cached]
[cache] RJ01706733
[enrich] 8536/10500 RJ01706733: tags=3 desc=78 img=hi [cached]
[cache] RJ01662630
[enrich] 8537/10500 RJ01662630: tags=6 desc=4477 img=hi [cached]
[enrich] 8538/10500 RJ01669272: tags=6 desc=28 img=hi
[cache] RJ01700425
[enrich] 8539/10500 RJ01700425: tags=6 desc=1700 img=hi [cached]
[cache] RJ01697699
[enrich] 8540/10500 RJ01697699: tags=6 desc=888 img=hi [cached]
[cache] RJ01699342
[enrich] 8541/10500 RJ01699342: tags=6 desc=2379 img=hi [cached]
[cache] RJ01691408
[enrich] 8542/10500 RJ01691408: tags=6 desc=2586 img=hi [cached]
[cache] RJ01665169
[enrich] 8543/10500 RJ01665169: tags=6 desc=602 img=hi [cached]
[cache] RJ01672690
[enrich] 8544/10500 RJ01672690: tags=6 desc=3288 img=hi [cached]
[cache] RJ01688964
[enrich] 8545/10500 RJ01688964: tags=5 desc=437 img=hi [cached]
[cache] RJ01669336
[enrich] 8546/10500 RJ01669336: tags=6 desc=1980 img=hi [cached]
[cache] RJ01678983
[enrich] 8547/10500 RJ01678983: tags=6 desc=988 img=hi [cached]
[cache] RJ01668964
[enrich] 8548/10500 RJ01668964: tags=6 desc=1949 img=hi [cached]
[cache] RJ01683203
[enrich] 8549/10500 RJ01683203: tags=6 desc=3476 img=hi [cached]
[cache] RJ01691500
[enrich] 8550/10500 RJ01691500: tags=6 desc=269 img=hi [cached]
[save] partial 8550/10500: 10500 works → /workspace/dlsite-promo-site/data/works.json
[cache] RJ01636563
[enrich] 8551/10500 RJ01636563: tags=6 desc=1864 img=hi [cached]
[cache] RJ01634812
[enrich] 8552/10500 RJ01634812: tags=6 desc=2836 img=hi [cached]
[cache] RJ01653155
[enrich] 8553/10500 RJ01653155: tags=6 desc=1922 img=hi [cached]
[cache] RJ01655238
[enrich] 8554/10500 RJ01655238: tags=6 desc=4299 img=hi [cached]
[cache] RJ01647956
[enrich] 8555/10500 RJ01647956: tags=6 desc=843 img=hi [cached]
[cache] RJ01706735
[enrich] 8556/10500 RJ01706735: tags=4 desc=78 img=hi [cached]
[cache] RJ01705314
[enrich] 8557/10500 RJ01705314: tags=6 desc=1353 img=hi [cached]
[cache] RJ01688829
[enrich] 8558/10500 RJ01688829: tags=6 desc=3950 img=hi [cached]
[cache] RJ01700662
[enrich] 8559/10500 RJ01700662: tags=6 desc=2060 img=hi [cached]
[cache] RJ01656298
[enrich] 8560/10500 RJ01656298: tags=6 desc=2329 img=hi [cached]
[cache] RJ01667721
[enrich] 8561/10500 RJ01667721: tags=6 desc=674 img=hi [cached]
[cache] RJ01657903
[enrich] 8562/10500 RJ01657903: tags=6 desc=4497 img=hi [cached]
[cache] RJ01618526
[enrich] 8563/10500 RJ01618526: tags=6 desc=614 img=hi [cached]
[cache] RJ01665939
[enrich] 8564/10500 RJ01665939: tags=6 desc=2183 img=hi [cached]
[cache] RJ01661017
[enrich] 8565/10500 RJ01661017: tags=6 desc=3514 img=hi [cached]
[cache] RJ01688412
[enrich] 8566/10500 RJ01688412: tags=6 desc=876 img=hi [cached]
[cache] RJ01669535
[enrich] 8567/10500 RJ01669535: tags=6 desc=1818 img=hi [cached]
[cache] RJ01699430
[enrich] 8568/10500 RJ01699430: tags=4 desc=688 img=hi [cached]
[cache] RJ01704138
[enrich] 8569/10500 RJ01704138: tags=6 desc=1215 img=hi [cached]
[cache] RJ01606195
[enrich] 8570/10500 RJ01606195: tags=3 desc=1571 img=hi [cached]
[cache] RJ01572806
[enrich] 8571/10500 RJ01572806: tags=6 desc=408 img=hi [cached]
[cache] RJ01423734
[enrich] 8572/10500 RJ01423734: tags=6 desc=1498 img=hi [cached]
[cache] RJ01480824
[enrich] 8573/10500 RJ01480824: tags=6 desc=210 img=hi [cached]
[cache] RJ01665800
[enrich] 8574/10500 RJ01665800: tags=6 desc=204 img=hi [cached]
[cache] RJ01433798
[enrich] 8575/10500 RJ01433798: tags=6 desc=1320 img=hi [cached]
[save] partial 8575/10500: 10500 works → /workspace/dlsite-promo-site/data/works.json
[enrich] 8576/10500 RJ01675168: tags=0 desc=8 img=hi
[cache] RJ01494754
[enrich] 8577/10500 RJ01494754: tags=6 desc=1215 img=hi [cached]
[cache] RJ01486656
[enrich] 8578/10500 RJ01486656: tags=6 desc=1355 img=hi [cached]
[cache] RJ01687606
[enrich] 8579/10500 RJ01687606: tags=6 desc=312 img=hi [cached]
[cache] RJ01461468
[enrich] 8580/10500 RJ01461468: tags=5 desc=1182 img=hi [cached]
[cache] RJ01619276
[enrich] 8581/10500 RJ01619276: tags=6 desc=1321 img=hi [cached]
[cache] RJ01489745
[enrich] 8582/10500 RJ01489745: tags=6 desc=1115 img=hi [cached]
[cache] RJ01639633
[enrich] 8583/10500 RJ01639633: tags=6 desc=1596 img=hi [cached]
[cache] RJ01656223
[enrich] 8584/10500 RJ01656223: tags=6 desc=2460 img=hi [cached]
[cache] RJ01668547
[enrich] 8585/10500 RJ01668547: tags=6 desc=429 img=hi [cached]
[cache] RJ01653356
[enrich] 8586/10500 RJ01653356: tags=6 desc=744 img=hi [cached]
[cache] RJ01444994
[enrich] 8587/10500 RJ01444994: tags=6 desc=747 img=hi [cached]
[cache] RJ01588815
[enrich] 8588/10500 RJ01588815: tags=6 desc=1003 img=hi [cached]
[cache] RJ01606407
[enrich] 8589/10500 RJ01606407: tags=6 desc=1479 img=hi [cached]
[cache] RJ01429723
[enrich] 8590/10500 RJ01429723: tags=6 desc=1127 img=hi [cached]
[cache] RJ298895
[enrich] 8591/10500 RJ298895: tags=3 desc=1647 img=hi [cached]
[cache] RJ01201573
[enrich] 8592/10500 RJ01201573: tags=6 desc=1627 img=hi [cached]
[cache] RJ01189958
[enrich] 8593/10500 RJ01189958: tags=6 desc=1818 img=hi [cached]
[cache] RJ179183
[enrich] 8594/10500 RJ179183: tags=5 desc=1370 img=hi [cached]
[cache] RJ01270643
[enrich] 8595/10500 RJ01270643: tags=6 desc=1930 img=hi [cached]
[cache] RJ362591
[enrich] 8596/10500 RJ362591: tags=6 desc=2424 img=hi [cached]
[cache] RJ01028884
[enrich] 8597/10500 RJ01028884: tags=6 desc=2008 img=hi [cached]
[cache] RJ01453934
[enrich] 8598/10500 RJ01453934: tags=6 desc=1425 img=hi [cached]
[cache] RJ01411498
[enrich] 8599/10500 RJ01411498: tags=6 desc=1000 img=hi [cached]
[cache] RJ227289
[enrich] 8600/10500 RJ227289: tags=6 desc=1863 img=hi [cached]
[save] partial 8600/10500: 10500 works → /workspace/dlsite-promo-site/data/works.json
[cache] RJ01189427
[enrich] 8601/10500 RJ01189427: tags=6 desc=814 img=hi [cached]
[cache] RJ271405
[enrich] 8602/10500 RJ271405: tags=6 desc=720 img=hi [cached]
[cache] RJ01297032
[enrich] 8603/10500 RJ01297032: tags=6 desc=1920 img=hi [cached]
[cache] RJ01356468
[enrich] 8604/10500 RJ01356468: tags=6 desc=1249 img=hi [cached]
[cache] RJ01085625
[enrich] 8605/10500 RJ01085625: tags=6 desc=1137 img=hi [cached]
[cache] RJ01393160
[enrich] 8606/10500 RJ01393160: tags=6 desc=1979 img=hi [cached]
[cache] RJ01315981
[enrich] 8607/10500 RJ01315981: tags=6 desc=2007 img=hi [cached]
[cache] RJ01334944
[enrich] 8608/10500 RJ01334944: tags=6 desc=1788 img=hi [cached]
[cache] RJ01354523
[enrich] 8609/10500 RJ01354523: tags=6 desc=1949 img=hi [cached]
[cache] RJ01005120
[enrich] 8610/10500 RJ01005120: tags=6 desc=1236 img=hi [cached]
[cache] RJ01397201
[enrich] 8611/10500 RJ01397201: tags=6 desc=1933 img=hi [cached]
[cache] RJ01280023
[enrich] 8612/10500 RJ01280023: tags=6 desc=1791 img=hi [cached]
[cache] RJ350802
[enrich] 8613/10500 RJ350802: tags=6 desc=1560 img=hi [cached]
[cache] RJ01090124
[enrich] 8614/10500 RJ01090124: tags=6 desc=1215 img=hi [cached]
[cache] RJ01185774
[enrich] 8615/10500 RJ01185774: tags=6 desc=1715 img=hi [cached]
[cache] RJ01430607
[enrich] 8616/10500 RJ01430607: tags=6 desc=2146 img=hi [cached]
[cache] RJ01192446
[enrich] 8617/10500 RJ01192446: tags=6 desc=869 img=hi [cached]
[cache] RJ143253
[enrich] 8618/10500 RJ143253: tags=6 desc=2463 img=hi [cached]
[cache] RJ01084342
[enrich] 8619/10500 RJ01084342: tags=6 desc=1135 img=hi [cached]
[cache] RJ01349608
[enrich] 8620/10500 RJ01349608: tags=6 desc=1085 img=hi [cached]
[cache] RJ01387024
[enrich] 8621/10500 RJ01387024: tags=6 desc=1916 img=hi [cached]
[cache] RJ01396596
[enrich] 8622/10500 RJ01396596: tags=6 desc=1821 img=hi [cached]
[cache] RJ153276
[enrich] 8623/10500 RJ153276: tags=5 desc=760 img=None [cached]
[cache] RJ01052571
[enrich] 8624/10500 RJ01052571: tags=6 desc=1732 img=hi [cached]
[cache] RJ01327769
[enrich] 8625/10500 RJ01327769: tags=6 desc=1898 img=hi [cached]
[save] partial 8625/10500: 10500 works → /workspace/dlsite-promo-site/data/works.json
[cache] RJ01246981
[enrich] 8626/10500 RJ01246981: tags=6 desc=1136 img=hi [cached]
[cache] RJ01426367
[enrich] 8627/10500 RJ01426367: tags=6 desc=1872 img=hi [cached]
[cache] RJ01215310
[enrich] 8628/10500 RJ01215310: tags=6 desc=1678 img=hi [cached]
[cache] RJ132808
[enrich] 8629/10500 RJ132808: tags=6 desc=1461 img=hi [cached]
[cache] RJ079377
[enrich] 8630/10500 RJ079377: tags=1 desc=648 img=hi [cached]
[cache] RJ231718
[enrich] 8631/10500 RJ231718: tags=4 desc=246 img=hi [cached]
[cache] RJ01447660
[enrich] 8632/10500 RJ01447660: tags=6 desc=2135 img=hi [cached]
[cache] RJ01399366
[enrich] 8633/10500 RJ01399366: tags=6 desc=936 img=hi [cached]
[cache] RJ01153741
[enrich] 8634/10500 RJ01153741: tags=6 desc=1806 img=hi [cached]
[cache] RJ01323713
[enrich] 8635/10500 RJ01323713: tags=6 desc=2050 img=hi [cached]
[cache] RJ01407640
[enrich] 8636/10500 RJ01407640: tags=6 desc=1936 img=hi [cached]
[cache] RJ01212470
[enrich] 8637/10500 RJ01212470: tags=6 desc=1799 img=hi [cached]
[cache] RJ01413273
[enrich] 8638/10500 RJ01413273: tags=6 desc=1583 img=hi [cached]
[cache] RJ01305197
[enrich] 8639/10500 RJ01305197: tags=6 desc=2379 img=hi [cached]
[cache] RJ01211609
[enrich] 8640/10500 RJ01211609: tags=6 desc=1883 img=hi [cached]
[cache] RJ01350288
[enrich] 8641/10500 RJ01350288: tags=6 desc=2009 img=hi [cached]
[cache] RJ01331305
[enrich] 8642/10500 RJ01331305: tags=6 desc=2061 img=hi [cached]
[cache] RJ01322069
[enrich] 8643/10500 RJ01322069: tags=6 desc=856 img=hi [cached]
[cache] RJ01201090
[enrich] 8644/10500 RJ01201090: tags=6 desc=1837 img=hi [cached]
[cache] RJ189758
[enrich] 8645/10500 RJ189758: tags=6 desc=1937 img=hi [cached]
[cache] RJ01187561
[enrich] 8646/10500 RJ01187561: tags=6 desc=1102 img=hi [cached]
[cache] RJ01523854
[enrich] 8647/10500 RJ01523854: tags=6 desc=1828 img=hi [cached]
[cache] RJ381133
[enrich] 8648/10500 RJ381133: tags=6 desc=852 img=hi [cached]
[cache] RJ01347123
[enrich] 8649/10500 RJ01347123: tags=6 desc=1901 img=hi [cached]
[cache] RJ01307629
[enrich] 8650/10500 RJ01307629: tags=6 desc=1841 img=hi [cached]
[save] partial 8650/10500: 10500 works → /workspace/dlsite-promo-site/data/works.json
[cache] RJ01319690
[enrich] 8651/10500 RJ01319690: tags=6 desc=711 img=hi [cached]
[cache] RJ01112527
[enrich] 8652/10500 RJ01112527: tags=6 desc=2995 img=hi [cached]
[cache] RJ01417073
[enrich] 8653/10500 RJ01417073: tags=6 desc=1912 img=hi [cached]
[cache] RJ230638
[enrich] 8654/10500 RJ230638: tags=6 desc=2593 img=hi [cached]
[cache] RJ01272806
[enrich] 8655/10500 RJ01272806: tags=6 desc=1040 img=hi [cached]
[cache] RJ01158188
[enrich] 8656/10500 RJ01158188: tags=6 desc=1831 img=hi [cached]
[cache] RJ01131821
[enrich] 8657/10500 RJ01131821: tags=6 desc=1059 img=hi [cached]
[cache] RJ01185373
[enrich] 8658/10500 RJ01185373: tags=6 desc=1180 img=hi [cached]
[cache] RJ101758
[enrich] 8659/10500 RJ101758: tags=2 desc=394 img=None [cached]
[cache] RJ204729
[enrich] 8660/10500 RJ204729: tags=6 desc=2193 img=hi [cached]
[cache] RJ01357513
[enrich] 8661/10500 RJ01357513: tags=6 desc=1973 img=hi [cached]
[cache] RJ01311447
[enrich] 8662/10500 RJ01311447: tags=6 desc=1944 img=hi [cached]
[cache] RJ01378441
[enrich] 8663/10500 RJ01378441: tags=6 desc=1800 img=hi [cached]
[cache] RJ01202483
[enrich] 8664/10500 RJ01202483: tags=6 desc=1297 img=hi [cached]
[cache] RJ01224479
[enrich] 8665/10500 RJ01224479: tags=6 desc=1844 img=hi [cached]
[cache] RJ01358923
[enrich] 8666/10500 RJ01358923: tags=6 desc=1669 img=hi [cached]
[cache] RJ163216
[enrich] 8667/10500 RJ163216: tags=6 desc=1723 img=hi [cached]
[cache] RJ01212908
[enrich] 8668/10500 RJ01212908: tags=6 desc=1792 img=hi [cached]
[cache] RJ01159201
[enrich] 8669/10500 RJ01159201: tags=6 desc=608 img=hi [cached]
[cache] RJ01326103
[enrich] 8670/10500 RJ01326103: tags=5 desc=1446 img=hi [cached]
[cache] RJ275195
[enrich] 8671/10500 RJ275195: tags=6 desc=826 img=hi [cached]
[cache] RJ01347173
[enrich] 8672/10500 RJ01347173: tags=6 desc=1850 img=hi [cached]
[cache] RJ362931
[enrich] 8673/10500 RJ362931: tags=6 desc=1069 img=hi [cached]
[cache] RJ01253238
[enrich] 8674/10500 RJ01253238: tags=6 desc=1887 img=hi [cached]
[cache] RJ319162
[enrich] 8675/10500 RJ319162: tags=6 desc=94 img=hi [cached]
[save] partial 8675/10500: 10500 works → /workspace/dlsite-promo-site/data/works.json
[cache] RJ169215
[enrich] 8676/10500 RJ169215: tags=6 desc=465 img=hi [cached]
[cache] RJ01071049
[enrich] 8677/10500 RJ01071049: tags=2 desc=418 img=hi [cached]
[cache] RJ265879
[enrich] 8678/10500 RJ265879: tags=3 desc=144 img=hi [cached]
[cache] RJ239627
[enrich] 8679/10500 RJ239627: tags=3 desc=317 img=hi [cached]
[cache] RJ397893
[enrich] 8680/10500 RJ397893: tags=4 desc=107 img=hi [cached]
[cache] RJ200280
[enrich] 8681/10500 RJ200280: tags=6 desc=145 img=hi [cached]
[cache] RJ324662
[enrich] 8682/10500 RJ324662: tags=6 desc=90 img=hi [cached]
[cache] RJ247154
[enrich] 8683/10500 RJ247154: tags=6 desc=56 img=hi [cached]
[cache] RJ264697
[enrich] 8684/10500 RJ264697: tags=6 desc=166 img=hi [cached]
[cache] RJ408555
[enrich] 8685/10500 RJ408555: tags=5 desc=92 img=hi [cached]
[cache] RJ385093
[enrich] 8686/10500 RJ385093: tags=4 desc=95 img=hi [cached]
[cache] RJ388623
[enrich] 8687/10500 RJ388623: tags=6 desc=73 img=hi [cached]
[cache] RJ397371
[enrich] 8688/10500 RJ397371: tags=4 desc=106 img=hi [cached]
[cache] RJ387929
[enrich] 8689/10500 RJ387929: tags=6 desc=73 img=hi [cached]
[cache] RJ321591
[enrich] 8690/10500 RJ321591: tags=6 desc=64 img=hi [cached]
[cache] RJ147031
[enrich] 8691/10500 RJ147031: tags=1 desc=208 img=hi [cached]
[cache] RJ323507
[enrich] 8692/10500 RJ323507: tags=6 desc=90 img=hi [cached]
[cache] RJ186928
[enrich] 8693/10500 RJ186928: tags=6 desc=441 img=hi [cached]
[cache] RJ402218
[enrich] 8694/10500 RJ402218: tags=5 desc=126 img=hi [cached]
[cache] RJ251623
[enrich] 8695/10500 RJ251623: tags=3 desc=94 img=hi [cached]
[cache] RJ399652
[enrich] 8696/10500 RJ399652: tags=4 desc=91 img=hi [cached]
[cache] RJ326628
[enrich] 8697/10500 RJ326628: tags=6 desc=64 img=hi [cached]
[cache] RJ221765
[enrich] 8698/10500 RJ221765: tags=4 desc=93 img=hi [cached]
[cache] RJ388135
[enrich] 8699/10500 RJ388135: tags=5 desc=73 img=hi [cached]
[cache] RJ266808
[enrich] 8700/10500 RJ266808: tags=5 desc=71 img=hi [cached]
[save] partial 8700/10500: 10500 works → /workspace/dlsite-promo-site/data/works.json
[cache] RJ403971
[enrich] 8701/10500 RJ403971: tags=4 desc=85 img=hi [cached]
[cache] RJ388854
[enrich] 8702/10500 RJ388854: tags=6 desc=65 img=hi [cached]
[cache] RJ322530
[enrich] 8703/10500 RJ322530: tags=6 desc=65 img=hi [cached]
[cache] RJ321000
[enrich] 8704/10500 RJ321000: tags=5 desc=84 img=hi [cached]
[cache] RJ318274
[enrich] 8705/10500 RJ318274: tags=6 desc=144 img=hi [cached]
[enrich] 8706/10500 RJ074688: tags=2 desc=22 img=hi
[cache] RJ01280906
[enrich] 8707/10500 RJ01280906: tags=6 desc=55 img=hi [cached]
[cache] RJ386036
[enrich] 8708/10500 RJ386036: tags=5 desc=64 img=hi [cached]
[cache] RJ405675
[enrich] 8709/10500 RJ405675: tags=5 desc=145 img=hi [cached]
[cache] RJ389283
[enrich] 8710/10500 RJ389283: tags=6 desc=71 img=hi [cached]
[cache] RJ415519
[enrich] 8711/10500 RJ415519: tags=6 desc=97 img=hi [cached]
[cache] RJ415702
[enrich] 8712/10500 RJ415702: tags=6 desc=92 img=hi [cached]
[cache] RJ403425
[enrich] 8713/10500 RJ403425: tags=5 desc=113 img=hi [cached]
[cache] RJ390362
[enrich] 8714/10500 RJ390362: tags=5 desc=53 img=hi [cached]
[cache] RJ396967
[enrich] 8715/10500 RJ396967: tags=4 desc=108 img=hi [cached]
[cache] RJ01001113
[enrich] 8716/10500 RJ01001113: tags=6 desc=758 img=hi [cached]
[cache] RJ292370
[enrich] 8717/10500 RJ292370: tags=6 desc=691 img=hi [cached]
[cache] RJ389083
[enrich] 8718/10500 RJ389083: tags=5 desc=69 img=hi [cached]
[cache] RJ401832
[enrich] 8719/10500 RJ401832: tags=4 desc=93 img=hi [cached]
[cache] RJ325569
[enrich] 8720/10500 RJ325569: tags=6 desc=83 img=hi [cached]
[cache] RJ317166
[enrich] 8721/10500 RJ317166: tags=5 desc=101 img=hi [cached]
[cache] RJ406882
[enrich] 8722/10500 RJ406882: tags=6 desc=93 img=hi [cached]
[cache] RJ410960
[enrich] 8723/10500 RJ410960: tags=5 desc=105 img=hi [cached]
[cache] RJ401146
[enrich] 8724/10500 RJ401146: tags=4 desc=97 img=hi [cached]
[cache] RJ391168
[enrich] 8725/10500 RJ391168: tags=4 desc=67 img=hi [cached]
[save] partial 8725/10500: 10500 works → /workspace/dlsite-promo-site/data/works.json
[cache] RJ420027
[enrich] 8726/10500 RJ420027: tags=6 desc=91 img=hi [cached]
[cache] RJ424831
[enrich] 8727/10500 RJ424831: tags=4 desc=100 img=hi [cached]
[cache] RJ385634
[enrich] 8728/10500 RJ385634: tags=5 desc=104 img=hi [cached]
[cache] RJ317572
[enrich] 8729/10500 RJ317572: tags=6 desc=94 img=hi [cached]
[cache] RJ316060
[enrich] 8730/10500 RJ316060: tags=6 desc=102 img=hi [cached]
[cache] RJ395900
[enrich] 8731/10500 RJ395900: tags=6 desc=428 img=hi [cached]
[cache] RJ311258
[enrich] 8732/10500 RJ311258: tags=6 desc=495 img=hi [cached]
[cache] RJ391761
[enrich] 8733/10500 RJ391761: tags=3 desc=53 img=hi [cached]
[cache] RJ390741
[enrich] 8734/10500 RJ390741: tags=4 desc=53 img=hi [cached]
[cache] RJ403025
[enrich] 8735/10500 RJ403025: tags=5 desc=105 img=hi [cached]
[cache] RJ385826
[enrich] 8736/10500 RJ385826: tags=4 desc=62 img=hi [cached]
[cache] RJ386672
[enrich] 8737/10500 RJ386672: tags=5 desc=69 img=hi [cached]
[cache] RJ316373
[enrich] 8738/10500 RJ316373: tags=6 desc=95 img=hi [cached]
[cache] RJ004885
[enrich] 8739/10500 RJ004885: tags=5 desc=133 img=hi [cached]
[cache] RJ416059
[enrich] 8740/10500 RJ416059: tags=6 desc=99 img=hi [cached]
[cache] RJ407340
[enrich] 8741/10500 RJ407340: tags=5 desc=95 img=hi [cached]
[cache] RJ398003
[enrich] 8742/10500 RJ398003: tags=6 desc=827 img=hi [cached]
[cache] RJ391474
[enrich] 8743/10500 RJ391474: tags=4 desc=53 img=hi [cached]
[cache] RJ390950
[enrich] 8744/10500 RJ390950: tags=2 desc=67 img=hi [cached]
[cache] RJ424601
[enrich] 8745/10500 RJ424601: tags=4 desc=94 img=hi [cached]
[cache] RJ386337
[enrich] 8746/10500 RJ386337: tags=5 desc=75 img=hi [cached]
[cache] RJ243902
[enrich] 8747/10500 RJ243902: tags=6 desc=230 img=hi [cached]
[cache] RJ295891
[enrich] 8748/10500 RJ295891: tags=6 desc=249 img=hi [cached]
[cache] RJ350291
[enrich] 8749/10500 RJ350291: tags=6 desc=359 img=hi [cached]
[cache] RJ01039964
[enrich] 8750/10500 RJ01039964: tags=6 desc=501 img=hi [cached]
[save] partial 8750/10500: 10500 works → /workspace/dlsite-promo-site/data/works.json
[cache] RJ174256
[enrich] 8751/10500 RJ174256: tags=0 desc=1757 img=hi [cached]
[cache] RJ255524
[enrich] 8752/10500 RJ255524: tags=5 desc=1324 img=hi [cached]
[cache] RJ385241
[enrich] 8753/10500 RJ385241: tags=6 desc=354 img=hi [cached]
[cache] RJ01040601
[enrich] 8754/10500 RJ01040601: tags=6 desc=502 img=hi [cached]
[cache] RJ01293596
[enrich] 8755/10500 RJ01293596: tags=3 desc=47 img=hi [cached]
[cache] RJ01504152
[enrich] 8756/10500 RJ01504152: tags=6 desc=170 img=hi [cached]
[cache] RJ01459579
[enrich] 8757/10500 RJ01459579: tags=6 desc=990 img=hi [cached]
[cache] RJ01292288
[enrich] 8758/10500 RJ01292288: tags=1 desc=60 img=hi [cached]
[cache] RJ372124
[enrich] 8759/10500 RJ372124: tags=6 desc=352 img=hi [cached]
[cache] RJ370947
[enrich] 8760/10500 RJ370947: tags=3 desc=200 img=hi [cached]
[cache] RJ139140
[enrich] 8761/10500 RJ139140: tags=4 desc=517 img=hi [cached]
[cache] RJ01028568
[enrich] 8762/10500 RJ01028568: tags=6 desc=590 img=hi [cached]
[cache] RJ153602
[enrich] 8763/10500 RJ153602: tags=5 desc=793 img=hi [cached]
[cache] RJ262355
[enrich] 8764/10500 RJ262355: tags=5 desc=576 img=hi [cached]
[cache] RJ01223093
[enrich] 8765/10500 RJ01223093: tags=0 desc=2096 img=hi [cached]
[cache] RJ311616
[enrich] 8766/10500 RJ311616: tags=6 desc=352 img=hi [cached]
[cache] RJ190018
[enrich] 8767/10500 RJ190018: tags=6 desc=1852 img=hi [cached]
[cache] RJ01188791
[enrich] 8768/10500 RJ01188791: tags=6 desc=1478 img=hi [cached]
[cache] RJ01366615
[enrich] 8769/10500 RJ01366615: tags=5 desc=936 img=hi [cached]
[cache] RJ213526
[enrich] 8770/10500 RJ213526: tags=5 desc=1185 img=hi [cached]
[cache] RJ268320
[enrich] 8771/10500 RJ268320: tags=6 desc=1162 img=hi [cached]
[cache] RJ334009
[enrich] 8772/10500 RJ334009: tags=6 desc=366 img=hi [cached]
[cache] RJ157024
[enrich] 8773/10500 RJ157024: tags=6 desc=645 img=hi [cached]
[cache] RJ421065
[enrich] 8774/10500 RJ421065: tags=4 desc=1250 img=hi [cached]
[cache] RJ174597
[enrich] 8775/10500 RJ174597: tags=6 desc=794 img=hi [cached]
[save] partial 8775/10500: 10500 works → /workspace/dlsite-promo-site/data/works.json
[cache] RJ01228587
[enrich] 8776/10500 RJ01228587: tags=6 desc=1101 img=hi [cached]
[cache] RJ244850
[enrich] 8777/10500 RJ244850: tags=5 desc=991 img=hi [cached]
[cache] RJ190622
[enrich] 8778/10500 RJ190622: tags=3 desc=396 img=hi [cached]
[cache] RJ01218719
[enrich] 8779/10500 RJ01218719: tags=6 desc=1108 img=hi [cached]
[cache] RJ144160
[enrich] 8780/10500 RJ144160: tags=3 desc=1095 img=hi [cached]
[cache] RJ01305318
[enrich] 8781/10500 RJ01305318: tags=2 desc=83 img=hi [cached]
[cache] RJ01100499
[enrich] 8782/10500 RJ01100499: tags=0 desc=1840 img=hi [cached]
[cache] RJ228083
[enrich] 8783/10500 RJ228083: tags=5 desc=332 img=hi [cached]
[cache] RJ01086189
[enrich] 8784/10500 RJ01086189: tags=6 desc=1442 img=hi [cached]
[cache] RJ01105368
[enrich] 8785/10500 RJ01105368: tags=6 desc=864 img=hi [cached]
[cache] RJ204983
[enrich] 8786/10500 RJ204983: tags=6 desc=694 img=hi [cached]
[cache] RJ01072681
[enrich] 8787/10500 RJ01072681: tags=6 desc=1132 img=hi [cached]
[cache] RJ01231509
[enrich] 8788/10500 RJ01231509: tags=6 desc=1180 img=hi [cached]
[cache] RJ202685
[enrich] 8789/10500 RJ202685: tags=3 desc=1331 img=hi [cached]
[cache] RJ107479
[enrich] 8790/10500 RJ107479: tags=6 desc=688 img=hi [cached]
[cache] RJ254926
[enrich] 8791/10500 RJ254926: tags=3 desc=880 img=hi [cached]
[cache] RJ01136897
[enrich] 8792/10500 RJ01136897: tags=6 desc=977 img=hi [cached]
[cache] RJ231002
[enrich] 8793/10500 RJ231002: tags=6 desc=2277 img=hi [cached]
[cache] RJ01226147
[enrich] 8794/10500 RJ01226147: tags=6 desc=1156 img=hi [cached]
[cache] RJ01435633
[enrich] 8795/10500 RJ01435633: tags=0 desc=258 img=hi [cached]
[cache] RJ239328
[enrich] 8796/10500 RJ239328: tags=6 desc=988 img=hi [cached]
[cache] RJ01018329
[enrich] 8797/10500 RJ01018329: tags=6 desc=342 img=hi [cached]
[cache] RJ245774
[enrich] 8798/10500 RJ245774: tags=6 desc=728 img=hi [cached]
[cache] RJ01083715
[enrich] 8799/10500 RJ01083715: tags=6 desc=238 img=hi [cached]
[cache] RJ330123
[enrich] 8800/10500 RJ330123: tags=6 desc=334 img=hi [cached]
[save] partial 8800/10500: 10500 works → /workspace/dlsite-promo-site/data/works.json
[cache] RJ302342
[enrich] 8801/10500 RJ302342: tags=6 desc=2095 img=hi [cached]
[cache] RJ134287
[enrich] 8802/10500 RJ134287: tags=4 desc=2226 img=hi [cached]
[cache] RJ01032675
[enrich] 8803/10500 RJ01032675: tags=6 desc=1846 img=hi [cached]
[cache] RJ318351
[enrich] 8804/10500 RJ318351: tags=6 desc=2272 img=hi [cached]
[cache] RJ190229
[enrich] 8805/10500 RJ190229: tags=6 desc=1371 img=hi [cached]
[cache] RJ395714
[enrich] 8806/10500 RJ395714: tags=6 desc=352 img=hi [cached]
[cache] RJ196143
[enrich] 8807/10500 RJ196143: tags=6 desc=1448 img=hi [cached]
[cache] RJ287404
[enrich] 8808/10500 RJ287404: tags=6 desc=697 img=hi [cached]
[cache] RJ208606
[enrich] 8809/10500 RJ208606: tags=5 desc=1831 img=hi [cached]
[cache] RJ240668
[enrich] 8810/10500 RJ240668: tags=5 desc=920 img=hi [cached]
[cache] RJ231041
[enrich] 8811/10500 RJ231041: tags=6 desc=1660 img=hi [cached]
[cache] RJ01278918
[enrich] 8812/10500 RJ01278918: tags=6 desc=826 img=hi [cached]
[cache] RJ01019075
[enrich] 8813/10500 RJ01019075: tags=2 desc=717 img=hi [cached]
[cache] RJ01189469
[enrich] 8814/10500 RJ01189469: tags=6 desc=1234 img=hi [cached]
[cache] RJ315640
[enrich] 8815/10500 RJ315640: tags=6 desc=1242 img=hi [cached]
[cache] RJ264268
[enrich] 8816/10500 RJ264268: tags=5 desc=1941 img=hi [cached]
[cache] RJ01051313
[enrich] 8817/10500 RJ01051313: tags=0 desc=1901 img=hi [cached]
[cache] RJ438731
[enrich] 8818/10500 RJ438731: tags=6 desc=777 img=hi [cached]
[cache] RJ01058544
[enrich] 8819/10500 RJ01058544: tags=6 desc=789 img=hi [cached]
[cache] RJ089267
[enrich] 8820/10500 RJ089267: tags=6 desc=1962 img=hi [cached]
[cache] RJ152487
[enrich] 8821/10500 RJ152487: tags=3 desc=1452 img=hi [cached]
[cache] RJ299157
[enrich] 8822/10500 RJ299157: tags=6 desc=1376 img=hi [cached]
[cache] RJ01162184
[enrich] 8823/10500 RJ01162184: tags=6 desc=1989 img=hi [cached]
[cache] RJ371798
[enrich] 8824/10500 RJ371798: tags=6 desc=356 img=hi [cached]
[cache] RJ267272
[enrich] 8825/10500 RJ267272: tags=6 desc=741 img=hi [cached]
[save] partial 8825/10500: 10500 works → /workspace/dlsite-promo-site/data/works.json
[cache] RJ01071713
[enrich] 8826/10500 RJ01071713: tags=6 desc=1323 img=hi [cached]
[cache] RJ198182
[enrich] 8827/10500 RJ198182: tags=3 desc=243 img=hi [cached]
[cache] RJ321842
[enrich] 8828/10500 RJ321842: tags=6 desc=356 img=hi [cached]
[cache] RJ01427770
[enrich] 8829/10500 RJ01427770: tags=6 desc=1218 img=hi [cached]
[cache] RJ393617
[enrich] 8830/10500 RJ393617: tags=6 desc=2723 img=hi [cached]
[cache] RJ429512
[enrich] 8831/10500 RJ429512: tags=6 desc=498 img=hi [cached]
[cache] RJ129030
[enrich] 8832/10500 RJ129030: tags=1 desc=1002 img=hi [cached]
[cache] RJ01049871
[enrich] 8833/10500 RJ01049871: tags=6 desc=832 img=hi [cached]
[cache] RJ234156
[enrich] 8834/10500 RJ234156: tags=5 desc=318 img=hi [cached]
[cache] RJ219652
[enrich] 8835/10500 RJ219652: tags=4 desc=760 img=hi [cached]
[cache] RJ01039848
[enrich] 8836/10500 RJ01039848: tags=6 desc=497 img=hi [cached]
[cache] RJ295387
[enrich] 8837/10500 RJ295387: tags=6 desc=1005 img=hi [cached]
[cache] RJ146114
[enrich] 8838/10500 RJ146114: tags=3 desc=542 img=hi [cached]
[cache] RJ01097242
[enrich] 8839/10500 RJ01097242: tags=5 desc=787 img=hi [cached]
[cache] RJ038759
[enrich] 8840/10500 RJ038759: tags=4 desc=402 img=hi [cached]
[cache] RJ01198788
[enrich] 8841/10500 RJ01198788: tags=6 desc=1087 img=hi [cached]
[cache] RJ01081627
[enrich] 8842/10500 RJ01081627: tags=6 desc=969 img=hi [cached]
[cache] RJ414997
[enrich] 8843/10500 RJ414997: tags=3 desc=962 img=hi [cached]
[cache] RJ286540
[enrich] 8844/10500 RJ286540: tags=4 desc=1016 img=hi [cached]
[cache] RJ387824
[enrich] 8845/10500 RJ387824: tags=2 desc=450 img=hi [cached]
[cache] RJ01390657
[enrich] 8846/10500 RJ01390657: tags=6 desc=1036 img=hi [cached]
[cache] RJ345048
[enrich] 8847/10500 RJ345048: tags=6 desc=598 img=hi [cached]
[cache] RJ01018356
[enrich] 8848/10500 RJ01018356: tags=6 desc=346 img=hi [cached]
[cache] RJ325307
[enrich] 8849/10500 RJ325307: tags=4 desc=1290 img=hi [cached]
[cache] RJ106658
[enrich] 8850/10500 RJ106658: tags=4 desc=668 img=hi [cached]
[save] partial 8850/10500: 10500 works → /workspace/dlsite-promo-site/data/works.json
[cache] RJ187534
[enrich] 8851/10500 RJ187534: tags=2 desc=1451 img=hi [cached]
[cache] RJ01201520
[enrich] 8852/10500 RJ01201520: tags=6 desc=2143 img=hi [cached]
[cache] RJ257610
[enrich] 8853/10500 RJ257610: tags=5 desc=496 img=hi [cached]
[cache] RJ270008
[enrich] 8854/10500 RJ270008: tags=6 desc=2656 img=hi [cached]
[cache] RJ234476
[enrich] 8855/10500 RJ234476: tags=5 desc=2230 img=hi [cached]
[cache] RJ372071
[enrich] 8856/10500 RJ372071: tags=6 desc=353 img=hi [cached]
[cache] RJ132356
[enrich] 8857/10500 RJ132356: tags=5 desc=443 img=hi [cached]
[cache] RJ328294
[enrich] 8858/10500 RJ328294: tags=6 desc=1634 img=hi [cached]
[cache] RJ01396253
[enrich] 8859/10500 RJ01396253: tags=6 desc=695 img=hi [cached]
[cache] RJ01030454
[enrich] 8860/10500 RJ01030454: tags=6 desc=346 img=hi [cached]
[cache] RJ01156887
[enrich] 8861/10500 RJ01156887: tags=6 desc=1041 img=hi [cached]
[cache] RJ01368362
[enrich] 8862/10500 RJ01368362: tags=6 desc=747 img=hi [cached]
[cache] RJ183353
[enrich] 8863/10500 RJ183353: tags=6 desc=578 img=hi [cached]
[cache] RJ190146
[enrich] 8864/10500 RJ190146: tags=4 desc=657 img=hi [cached]
[cache] RJ01364112
[enrich] 8865/10500 RJ01364112: tags=6 desc=816 img=hi [cached]
[cache] RJ01073874
[enrich] 8866/10500 RJ01073874: tags=6 desc=1186 img=hi [cached]
[cache] RJ408200
[enrich] 8867/10500 RJ408200: tags=4 desc=181 img=hi [cached]
[cache] RJ01105635
[enrich] 8868/10500 RJ01105635: tags=6 desc=2033 img=hi [cached]
[cache] RJ246087
[enrich] 8869/10500 RJ246087: tags=4 desc=894 img=hi [cached]
[cache] RJ236247
[enrich] 8870/10500 RJ236247: tags=6 desc=1631 img=hi [cached]
[cache] RJ125930
[enrich] 8871/10500 RJ125930: tags=2 desc=1109 img=hi [cached]
[cache] RJ01346545
[enrich] 8872/10500 RJ01346545: tags=6 desc=814 img=hi [cached]
[cache] RJ335303
[enrich] 8873/10500 RJ335303: tags=6 desc=333 img=hi [cached]
[cache] RJ247727
[enrich] 8874/10500 RJ247727: tags=5 desc=719 img=hi [cached]
[cache] RJ01019078
[enrich] 8875/10500 RJ01019078: tags=2 desc=610 img=hi [cached]
[save] partial 8875/10500: 10500 works → /workspace/dlsite-promo-site/data/works.json
[cache] RJ01306089
[enrich] 8876/10500 RJ01306089: tags=6 desc=1348 img=hi [cached]
[cache] RJ194608
[enrich] 8877/10500 RJ194608: tags=6 desc=123 img=hi [cached]
[cache] RJ244131
[enrich] 8878/10500 RJ244131: tags=5 desc=2229 img=hi [cached]
[cache] RJ385502
[enrich] 8879/10500 RJ385502: tags=6 desc=352 img=hi [cached]
[cache] RJ338926
[enrich] 8880/10500 RJ338926: tags=3 desc=1382 img=hi [cached]
[cache] RJ379940
[enrich] 8881/10500 RJ379940: tags=6 desc=588 img=hi [cached]
[cache] RJ237005
[enrich] 8882/10500 RJ237005: tags=2 desc=1954 img=hi [cached]
[cache] RJ01366229
[enrich] 8883/10500 RJ01366229: tags=1 desc=298 img=hi [cached]
[cache] RJ314727
[enrich] 8884/10500 RJ314727: tags=6 desc=1300 img=hi [cached]
[cache] RJ242077
[enrich] 8885/10500 RJ242077: tags=5 desc=307 img=hi [cached]
[cache] RJ247862
[enrich] 8886/10500 RJ247862: tags=6 desc=457 img=hi [cached]
[cache] RJ01071723
[enrich] 8887/10500 RJ01071723: tags=6 desc=1208 img=hi [cached]
[cache] RJ203847
[enrich] 8888/10500 RJ203847: tags=5 desc=637 img=hi [cached]
[cache] RJ197584
[enrich] 8889/10500 RJ197584: tags=6 desc=584 img=hi [cached]
[cache] RJ296210
[enrich] 8890/10500 RJ296210: tags=6 desc=440 img=hi [cached]
[cache] RJ214987
[enrich] 8891/10500 RJ214987: tags=6 desc=255 img=hi [cached]
[cache] RJ324840
[enrich] 8892/10500 RJ324840: tags=6 desc=389 img=hi [cached]
[cache] RJ406870
[enrich] 8893/10500 RJ406870: tags=6 desc=231 img=hi [cached]
[cache] RJ01347893
[enrich] 8894/10500 RJ01347893: tags=6 desc=2604 img=hi [cached]
[cache] RJ01136142
[enrich] 8895/10500 RJ01136142: tags=6 desc=212 img=hi [cached]
[cache] RJ431072
[enrich] 8896/10500 RJ431072: tags=6 desc=1276 img=hi [cached]
[cache] RJ301769
[enrich] 8897/10500 RJ301769: tags=6 desc=2047 img=hi [cached]
[cache] RJ227521
[enrich] 8898/10500 RJ227521: tags=5 desc=1163 img=hi [cached]
[cache] RJ310349
[enrich] 8899/10500 RJ310349: tags=6 desc=3026 img=hi [cached]
[cache] RJ01354489
[enrich] 8900/10500 RJ01354489: tags=6 desc=1167 img=hi [cached]
[save] partial 8900/10500: 10500 works → /workspace/dlsite-promo-site/data/works.json
[cache] RJ01066658
[enrich] 8901/10500 RJ01066658: tags=6 desc=1007 img=hi [cached]
[cache] RJ326371
[enrich] 8902/10500 RJ326371: tags=4 desc=2434 img=hi [cached]
[cache] RJ01006573
[enrich] 8903/10500 RJ01006573: tags=6 desc=337 img=hi [cached]
[cache] RJ188706
[enrich] 8904/10500 RJ188706: tags=6 desc=1237 img=hi [cached]
[cache] RJ238630
[enrich] 8905/10500 RJ238630: tags=6 desc=1280 img=hi [cached]
[cache] RJ249324
[enrich] 8906/10500 RJ249324: tags=6 desc=1068 img=hi [cached]
[cache] RJ204236
[enrich] 8907/10500 RJ204236: tags=6 desc=853 img=hi [cached]
[cache] RJ297048
[enrich] 8908/10500 RJ297048: tags=6 desc=2030 img=hi [cached]
[cache] RJ248133
[enrich] 8909/10500 RJ248133: tags=6 desc=1758 img=hi [cached]
[cache] RJ163799
[enrich] 8910/10500 RJ163799: tags=6 desc=754 img=hi [cached]
[cache] RJ01281414
[enrich] 8911/10500 RJ01281414: tags=6 desc=1473 img=hi [cached]
[cache] RJ148448
[enrich] 8912/10500 RJ148448: tags=6 desc=246 img=hi [cached]
[cache] RJ435531
[enrich] 8913/10500 RJ435531: tags=6 desc=591 img=hi [cached]
[cache] RJ01303334
[enrich] 8914/10500 RJ01303334: tags=6 desc=1374 img=hi [cached]
[cache] RJ01698269
[enrich] 8915/10500 RJ01698269: tags=2 desc=845 img=hi [cached]
[cache] RJ01167397
[enrich] 8916/10500 RJ01167397: tags=6 desc=2530 img=hi [cached]
[cache] RJ01687058
[enrich] 8917/10500 RJ01687058: tags=6 desc=515 img=hi [cached]
[enrich] 8918/10500 RJ01692244: tags=5 desc=13 img=hi
[cache] RJ01268119
[enrich] 8919/10500 RJ01268119: tags=2 desc=316 img=hi [cached]
[cache] RJ01694486
[enrich] 8920/10500 RJ01694486: tags=6 desc=330 img=hi [cached]
[cache] RJ01438497
[enrich] 8921/10500 RJ01438497: tags=5 desc=1720 img=hi [cached]
[cache] RJ01545732
[enrich] 8922/10500 RJ01545732: tags=0 desc=43 img=hi [cached]
[cache] RJ01669628
[enrich] 8923/10500 RJ01669628: tags=6 desc=903 img=hi [cached]
[cache] RJ01688927
[enrich] 8924/10500 RJ01688927: tags=3 desc=108 img=hi [cached]
[cache] RJ01134132
[enrich] 8925/10500 RJ01134132: tags=1 desc=184 img=hi [cached]
[save] partial 8925/10500: 10500 works → /workspace/dlsite-promo-site/data/works.json
[cache] RJ214593
[enrich] 8926/10500 RJ214593: tags=3 desc=664 img=hi [cached]
[cache] RJ01649774
[enrich] 8927/10500 RJ01649774: tags=2 desc=238 img=hi [cached]
[cache] RJ01665594
[enrich] 8928/10500 RJ01665594: tags=6 desc=1282 img=hi [cached]
[cache] RJ01682594
[enrich] 8929/10500 RJ01682594: tags=2 desc=86 img=hi [cached]
[cache] RJ01148720
[enrich] 8930/10500 RJ01148720: tags=6 desc=1117 img=hi [cached]
[cache] RJ01479926
[enrich] 8931/10500 RJ01479926: tags=6 desc=1166 img=hi [cached]
[cache] RJ01149167
[enrich] 8932/10500 RJ01149167: tags=6 desc=1126 img=hi [cached]
[cache] RJ01609965
[enrich] 8933/10500 RJ01609965: tags=6 desc=959 img=hi [cached]
[cache] RJ232620
[enrich] 8934/10500 RJ232620: tags=5 desc=473 img=hi [cached]
[cache] RJ01677943
[enrich] 8935/10500 RJ01677943: tags=6 desc=1497 img=hi [cached]
[cache] RJ01521586
[enrich] 8936/10500 RJ01521586: tags=6 desc=845 img=hi [cached]
[cache] RJ01095407
[enrich] 8937/10500 RJ01095407: tags=1 desc=281 img=hi [cached]
[cache] RJ01505532
[enrich] 8938/10500 RJ01505532: tags=6 desc=1624 img=hi [cached]
[cache] RJ01715978
[enrich] 8939/10500 RJ01715978: tags=4 desc=73 img=hi [cached]
[cache] RJ01493057
[enrich] 8940/10500 RJ01493057: tags=5 desc=1180 img=hi [cached]
[cache] RJ01038361
[enrich] 8941/10500 RJ01038361: tags=0 desc=327 img=hi [cached]
[cache] RJ01511304
[enrich] 8942/10500 RJ01511304: tags=2 desc=485 img=hi [cached]
[cache] RJ01609989
[enrich] 8943/10500 RJ01609989: tags=6 desc=908 img=hi [cached]
[cache] RJ01399523
[enrich] 8944/10500 RJ01399523: tags=6 desc=346 img=hi [cached]
[cache] RJ01530888
[enrich] 8945/10500 RJ01530888: tags=6 desc=2628 img=hi [cached]
[cache] RJ01465714
[enrich] 8946/10500 RJ01465714: tags=6 desc=587 img=hi [cached]
[cache] RJ387239
[enrich] 8947/10500 RJ387239: tags=0 desc=263 img=hi [cached]
[cache] RJ01525731
[enrich] 8948/10500 RJ01525731: tags=3 desc=4482 img=hi [cached]
[cache] RJ01676744
[enrich] 8949/10500 RJ01676744: tags=6 desc=1196 img=hi [cached]
[cache] RJ01142235
[enrich] 8950/10500 RJ01142235: tags=6 desc=2450 img=hi [cached]
[save] partial 8950/10500: 10500 works → /workspace/dlsite-promo-site/data/works.json
[cache] RJ01632796
[enrich] 8951/10500 RJ01632796: tags=6 desc=970 img=hi [cached]
[cache] RJ01641048
[enrich] 8952/10500 RJ01641048: tags=6 desc=636 img=hi [cached]
[cache] RJ01691373
[enrich] 8953/10500 RJ01691373: tags=2 desc=67 img=hi [cached]
[cache] RJ01651099
[enrich] 8954/10500 RJ01651099: tags=6 desc=180 img=hi [cached]
[cache] RJ01634858
[enrich] 8955/10500 RJ01634858: tags=6 desc=2057 img=hi [cached]
[cache] RJ01515597
[enrich] 8956/10500 RJ01515597: tags=6 desc=748 img=hi [cached]
[cache] RJ070026
[enrich] 8957/10500 RJ070026: tags=6 desc=194 img=hi [cached]
[cache] RJ01266684
[enrich] 8958/10500 RJ01266684: tags=6 desc=1615 img=hi [cached]
[cache] RJ01711257
[enrich] 8959/10500 RJ01711257: tags=5 desc=49 img=hi [cached]
[cache] RJ01705299
[enrich] 8960/10500 RJ01705299: tags=6 desc=247 img=hi [cached]
[cache] RJ01696825
[enrich] 8961/10500 RJ01696825: tags=2 desc=372 img=hi [cached]
[enrich] 8962/10500 RJ01680488: tags=0 desc=8 img=hi
[cache] RJ01718491
[enrich] 8963/10500 RJ01718491: tags=4 desc=284 img=hi [cached]
[cache] RJ01718434
[enrich] 8964/10500 RJ01718434: tags=6 desc=468 img=hi [cached]
[cache] RJ01718340
[enrich] 8965/10500 RJ01718340: tags=6 desc=1087 img=hi [cached]
[cache] RJ01718336
[enrich] 8966/10500 RJ01718336: tags=6 desc=1043 img=hi [cached]
[cache] RJ01718335
[enrich] 8967/10500 RJ01718335: tags=6 desc=1061 img=hi [cached]
[cache] RJ01718246
[enrich] 8968/10500 RJ01718246: tags=1 desc=608 img=hi [cached]
[cache] RJ01718138
[enrich] 8969/10500 RJ01718138: tags=6 desc=445 img=hi [cached]
[cache] RJ01718130
[enrich] 8970/10500 RJ01718130: tags=2 desc=1178 img=hi [cached]
[cache] RJ01717963
[enrich] 8971/10500 RJ01717963: tags=5 desc=46 img=hi [cached]
[enrich] 8972/10500 RJ01714595: tags=0 desc=8 img=hi
[enrich] 8973/10500 RJ01714547: tags=0 desc=8 img=hi
[enrich] 8974/10500 RJ01714307: tags=0 desc=8 img=hi
[cache] RJ01717909
[enrich] 8975/10500 RJ01717909: tags=0 desc=1131 img=hi [cached]
[save] partial 8975/10500: 10500 works → /workspace/dlsite-promo-site/data/works.json
[cache] RJ01717906
[enrich] 8976/10500 RJ01717906: tags=3 desc=50 img=hi [cached]
[cache] RJ01717453
[enrich] 8977/10500 RJ01717453: tags=3 desc=61 img=hi [cached]
[cache] RJ01717388
[enrich] 8978/10500 RJ01717388: tags=3 desc=1627 img=hi [cached]
[cache] RJ01717221
[enrich] 8979/10500 RJ01717221: tags=0 desc=951 img=hi [cached]
[enrich] 8980/10500 RJ01713495: tags=0 desc=8 img=hi
[cache] RJ01699860
[enrich] 8981/10500 RJ01699860: tags=2 desc=314 img=hi [cached]
[cache] RJ01699773
[enrich] 8982/10500 RJ01699773: tags=6 desc=380 img=hi [cached]
[cache] RJ01717568
[enrich] 8983/10500 RJ01717568: tags=0 desc=65 img=hi [cached]
[cache] RJ01717554
[enrich] 8984/10500 RJ01717554: tags=2 desc=587 img=hi [cached]
[cache] RJ01717111
[enrich] 8985/10500 RJ01717111: tags=6 desc=289 img=hi [cached]
[cache] RJ01716565
[enrich] 8986/10500 RJ01716565: tags=0 desc=4450 img=hi [cached]
[enrich] 8987/10500 RJ01713827: tags=0 desc=8 img=hi
[cache] RJ01717165
[enrich] 8988/10500 RJ01717165: tags=0 desc=284 img=hi [cached]
[cache] RJ01717041
[enrich] 8989/10500 RJ01717041: tags=2 desc=1598 img=hi [cached]
[cache] RJ01716807
[enrich] 8990/10500 RJ01716807: tags=6 desc=769 img=hi [cached]
[cache] RJ01716773
[enrich] 8991/10500 RJ01716773: tags=6 desc=1029 img=hi [cached]
[cache] RJ01716772
[enrich] 8992/10500 RJ01716772: tags=6 desc=980 img=hi [cached]
[cache] RJ01716768
[enrich] 8993/10500 RJ01716768: tags=6 desc=1003 img=hi [cached]
[cache] RJ01716566
[enrich] 8994/10500 RJ01716566: tags=4 desc=736 img=hi [cached]
[cache] RJ01716679
[enrich] 8995/10500 RJ01716679: tags=0 desc=134 img=hi [cached]
[cache] RJ01716462
[enrich] 8996/10500 RJ01716462: tags=5 desc=586 img=hi [cached]
[enrich] 8997/10500 RJ01712930: tags=0 desc=8 img=hi
[enrich] 8998/10500 RJ01700571: tags=0 desc=8 img=hi
[cache] RJ01694140
[enrich] 8999/10500 RJ01694140: tags=4 desc=1138 img=hi [cached]
[cache] RJ01716075
[enrich] 9000/10500 RJ01716075: tags=2 desc=79 img=hi [cached]
[save] partial 9000/10500: 10500 works → /workspace/dlsite-promo-site/data/works.json
[cache] RJ01716055
[enrich] 9001/10500 RJ01716055: tags=2 desc=98 img=hi [cached]
[cache] RJ01715773
[enrich] 9002/10500 RJ01715773: tags=3 desc=997 img=hi [cached]
[cache] RJ01715514
[enrich] 9003/10500 RJ01715514: tags=4 desc=895 img=hi [cached]
[cache] RJ01709195
[enrich] 9004/10500 RJ01709195: tags=4 desc=153 img=hi [cached]
[cache] RJ01708260
[enrich] 9005/10500 RJ01708260: tags=6 desc=263 img=hi [cached]
[cache] RJ01716257
[enrich] 9006/10500 RJ01716257: tags=0 desc=100 img=hi [cached]
[cache] RJ01715945
[enrich] 9007/10500 RJ01715945: tags=1 desc=587 img=hi [cached]
[enrich] 9008/10500 RJ01712457: tags=6 desc=34 img=hi
[enrich] 9009/10500 RJ01712398: tags=0 desc=8 img=hi
[enrich] 9010/10500 RJ01712386: tags=0 desc=8 img=hi
[cache] RJ01217624
[enrich] 9011/10500 RJ01217624: tags=6 desc=371 img=hi [cached]
[cache] RJ01437394
[enrich] 9012/10500 RJ01437394: tags=6 desc=226 img=hi [cached]
[cache] RJ01577292
[enrich] 9013/10500 RJ01577292: tags=6 desc=405 img=hi [cached]
[cache] RJ01458047
[enrich] 9014/10500 RJ01458047: tags=6 desc=534 img=hi [cached]
[cache] RJ01267029
[enrich] 9015/10500 RJ01267029: tags=6 desc=812 img=hi [cached]
[cache] RJ01252475
[enrich] 9016/10500 RJ01252475: tags=6 desc=581 img=hi [cached]
[cache] RJ329750
[enrich] 9017/10500 RJ329750: tags=1 desc=234 img=hi [cached]
[cache] RJ309655
[enrich] 9018/10500 RJ309655: tags=6 desc=472 img=hi [cached]
[cache] RJ01051414
[enrich] 9019/10500 RJ01051414: tags=6 desc=2028 img=hi [cached]
[cache] RJ01200238
[enrich] 9020/10500 RJ01200238: tags=2 desc=603 img=hi [cached]
[cache] RJ236213
[enrich] 9021/10500 RJ236213: tags=5 desc=2326 img=hi [cached]
[cache] RJ01416942
[enrich] 9022/10500 RJ01416942: tags=6 desc=643 img=hi [cached]
[cache] RJ151294
[enrich] 9023/10500 RJ151294: tags=6 desc=927 img=hi [cached]
[cache] RJ01365486
[enrich] 9024/10500 RJ01365486: tags=4 desc=236 img=hi [cached]
[cache] RJ01096417
[enrich] 9025/10500 RJ01096417: tags=6 desc=620 img=hi [cached]
[save] partial 9025/10500: 10500 works → /workspace/dlsite-promo-site/data/works.json
[cache] RJ01536432
[enrich] 9026/10500 RJ01536432: tags=6 desc=477 img=hi [cached]
[cache] RJ01478581
[enrich] 9027/10500 RJ01478581: tags=6 desc=379 img=hi [cached]
[cache] RJ01495536
[enrich] 9028/10500 RJ01495536: tags=6 desc=428 img=hi [cached]
[cache] RJ01436446
[enrich] 9029/10500 RJ01436446: tags=6 desc=524 img=hi [cached]
[cache] RJ319983
[enrich] 9030/10500 RJ319983: tags=2 desc=3853 img=hi [cached]
[cache] RJ132888
[enrich] 9031/10500 RJ132888: tags=5 desc=3347 img=hi [cached]
[cache] RJ076098
[enrich] 9032/10500 RJ076098: tags=1 desc=369 img=hi [cached]
[cache] RJ01697992
[enrich] 9033/10500 RJ01697992: tags=6 desc=664 img=hi [cached]
[cache] RJ01619360
[enrich] 9034/10500 RJ01619360: tags=6 desc=565 img=hi [cached]
[cache] RJ01320127
[enrich] 9035/10500 RJ01320127: tags=6 desc=826 img=hi [cached]
[cache] RJ01411168
[enrich] 9036/10500 RJ01411168: tags=6 desc=368 img=hi [cached]
[cache] RJ01309000
[enrich] 9037/10500 RJ01309000: tags=5 desc=1569 img=hi [cached]
[cache] RJ01345201
[enrich] 9038/10500 RJ01345201: tags=6 desc=792 img=hi [cached]
[cache] RJ01406292
[enrich] 9039/10500 RJ01406292: tags=6 desc=79 img=hi [cached]
[cache] RJ01468272
[enrich] 9040/10500 RJ01468272: tags=6 desc=386 img=hi [cached]
[cache] RJ01468238
[enrich] 9041/10500 RJ01468238: tags=6 desc=971 img=hi [cached]
[cache] RJ01468216
[enrich] 9042/10500 RJ01468216: tags=6 desc=1038 img=hi [cached]
[cache] RJ01468206
[enrich] 9043/10500 RJ01468206: tags=5 desc=1102 img=hi [cached]
[cache] RJ01345195
[enrich] 9044/10500 RJ01345195: tags=6 desc=601 img=hi [cached]
[cache] RJ01468249
[enrich] 9045/10500 RJ01468249: tags=5 desc=452 img=hi [cached]
[cache] RJ01468187
[enrich] 9046/10500 RJ01468187: tags=6 desc=590 img=hi [cached]
[cache] RJ01345212
[enrich] 9047/10500 RJ01345212: tags=6 desc=1010 img=hi [cached]
[cache] RJ01224204
[enrich] 9048/10500 RJ01224204: tags=4 desc=526 img=hi [cached]
[cache] RJ01468276
[enrich] 9049/10500 RJ01468276: tags=4 desc=356 img=hi [cached]
[cache] RJ01468174
[enrich] 9050/10500 RJ01468174: tags=6 desc=533 img=hi [cached]
[save] partial 9050/10500: 10500 works → /workspace/dlsite-promo-site/data/works.json
[cache] RJ01208687
[enrich] 9051/10500 RJ01208687: tags=6 desc=2736 img=hi [cached]
[cache] RJ337757
[enrich] 9052/10500 RJ337757: tags=1 desc=126 img=hi [cached]
[cache] RJ406408
[enrich] 9053/10500 RJ406408: tags=6 desc=95 img=hi [cached]
[cache] RJ400957
[enrich] 9054/10500 RJ400957: tags=3 desc=155 img=hi [cached]
[cache] RJ01389906
[enrich] 9055/10500 RJ01389906: tags=6 desc=625 img=hi [cached]
[cache] RJ01486364
[enrich] 9056/10500 RJ01486364: tags=6 desc=4490 img=hi [cached]
[cache] RJ340169
[enrich] 9057/10500 RJ340169: tags=6 desc=2045 img=hi [cached]
[cache] RJ404067
[enrich] 9058/10500 RJ404067: tags=6 desc=314 img=hi [cached]
[cache] RJ01123197
[enrich] 9059/10500 RJ01123197: tags=6 desc=364 img=hi [cached]
[cache] RJ01217234
[enrich] 9060/10500 RJ01217234: tags=6 desc=1043 img=hi [cached]
[cache] RJ01482474
[enrich] 9061/10500 RJ01482474: tags=6 desc=98 img=hi [cached]
[cache] RJ01279434
[enrich] 9062/10500 RJ01279434: tags=6 desc=637 img=hi [cached]
[cache] RJ395275
[enrich] 9063/10500 RJ395275: tags=6 desc=1145 img=hi [cached]
[cache] RJ272527
[enrich] 9064/10500 RJ272527: tags=4 desc=81 img=hi [cached]
[cache] RJ254305
[enrich] 9065/10500 RJ254305: tags=4 desc=156 img=hi [cached]
[cache] RJ284301
[enrich] 9066/10500 RJ284301: tags=6 desc=265 img=hi [cached]
[cache] RJ372277
[enrich] 9067/10500 RJ372277: tags=6 desc=533 img=hi [cached]
[cache] RJ366554
[enrich] 9068/10500 RJ366554: tags=6 desc=579 img=hi [cached]
[cache] RJ01594077
[enrich] 9069/10500 RJ01594077: tags=6 desc=1013 img=hi [cached]
[cache] RJ01484671
[enrich] 9070/10500 RJ01484671: tags=6 desc=4426 img=hi [cached]
[cache] RJ298712
[enrich] 9071/10500 RJ298712: tags=6 desc=168 img=hi [cached]
[cache] RJ01517668
[enrich] 9072/10500 RJ01517668: tags=6 desc=4415 img=hi [cached]
[cache] RJ01096856
[enrich] 9073/10500 RJ01096856: tags=6 desc=4257 img=hi [cached]
[cache] RJ270041
[enrich] 9074/10500 RJ270041: tags=4 desc=208 img=hi [cached]
[cache] RJ01566260
[enrich] 9075/10500 RJ01566260: tags=6 desc=925 img=hi [cached]
[save] partial 9075/10500: 10500 works → /workspace/dlsite-promo-site/data/works.json
[cache] RJ258589
[enrich] 9076/10500 RJ258589: tags=4 desc=209 img=hi [cached]
[cache] RJ294800
[enrich] 9077/10500 RJ294800: tags=6 desc=165 img=hi [cached]
[cache] RJ255797
[enrich] 9078/10500 RJ255797: tags=4 desc=157 img=hi [cached]
[cache] RJ279513
[enrich] 9079/10500 RJ279513: tags=6 desc=240 img=hi [cached]
[cache] RJ294887
[enrich] 9080/10500 RJ294887: tags=6 desc=220 img=hi [cached]
[cache] RJ01672135
[enrich] 9081/10500 RJ01672135: tags=6 desc=1045 img=hi [cached]
[cache] RJ263863
[enrich] 9082/10500 RJ263863: tags=4 desc=214 img=hi [cached]
[cache] RJ01633186
[enrich] 9083/10500 RJ01633186: tags=6 desc=2833 img=hi [cached]
[cache] RJ288869
[enrich] 9084/10500 RJ288869: tags=6 desc=281 img=hi [cached]
[cache] RJ268200
[enrich] 9085/10500 RJ268200: tags=4 desc=138 img=hi [cached]
[cache] RJ302247
[enrich] 9086/10500 RJ302247: tags=6 desc=471 img=hi [cached]
[cache] RJ280358
[enrich] 9087/10500 RJ280358: tags=6 desc=252 img=hi [cached]
[cache] RJ01338725
[enrich] 9088/10500 RJ01338725: tags=6 desc=4366 img=hi [cached]
[cache] RJ426467
[enrich] 9089/10500 RJ426467: tags=6 desc=2024 img=hi [cached]
[cache] RJ279997
[enrich] 9090/10500 RJ279997: tags=6 desc=308 img=hi [cached]
[cache] RJ01555733
[enrich] 9091/10500 RJ01555733: tags=6 desc=416 img=hi [cached]
[cache] RJ294898
[enrich] 9092/10500 RJ294898: tags=6 desc=185 img=hi [cached]
[cache] RJ308717
[enrich] 9093/10500 RJ308717: tags=6 desc=556 img=hi [cached]
[cache] RJ336377
[enrich] 9094/10500 RJ336377: tags=6 desc=137 img=hi [cached]
[cache] RJ01118601
[enrich] 9095/10500 RJ01118601: tags=6 desc=170 img=hi [cached]
[cache] RJ01550579
[enrich] 9096/10500 RJ01550579: tags=6 desc=2379 img=hi [cached]
[cache] RJ01096866
[enrich] 9097/10500 RJ01096866: tags=2 desc=1629 img=hi [cached]
[cache] RJ01104518
[enrich] 9098/10500 RJ01104518: tags=3 desc=421 img=hi [cached]
[cache] RJ399662
[enrich] 9099/10500 RJ399662: tags=6 desc=4487 img=hi [cached]
[cache] RJ01198151
[enrich] 9100/10500 RJ01198151: tags=6 desc=565 img=hi [cached]
[save] partial 9100/10500: 10500 works → /workspace/dlsite-promo-site/data/works.json
[cache] RJ01681590
[enrich] 9101/10500 RJ01681590: tags=6 desc=705 img=hi [cached]
[cache] RJ01589934
[enrich] 9102/10500 RJ01589934: tags=6 desc=4492 img=hi [cached]
[cache] RJ01568552
[enrich] 9103/10500 RJ01568552: tags=6 desc=229 img=hi [cached]
[cache] RJ01709242
[enrich] 9104/10500 RJ01709242: tags=3 desc=1319 img=hi [cached]
[cache] RJ01677833
[enrich] 9105/10500 RJ01677833: tags=6 desc=707 img=hi [cached]
[cache] RJ01479653
[enrich] 9106/10500 RJ01479653: tags=6 desc=292 img=hi [cached]
[cache] RJ01351731
[enrich] 9107/10500 RJ01351731: tags=6 desc=253 img=hi [cached]
[cache] RJ01651383
[enrich] 9108/10500 RJ01651383: tags=6 desc=401 img=hi [cached]
[cache] RJ01525129
[enrich] 9109/10500 RJ01525129: tags=6 desc=326 img=hi [cached]
[cache] RJ01646084
[enrich] 9110/10500 RJ01646084: tags=6 desc=925 img=hi [cached]
[cache] RJ01692107
[enrich] 9111/10500 RJ01692107: tags=6 desc=466 img=hi [cached]
[cache] RJ01680122
[enrich] 9112/10500 RJ01680122: tags=6 desc=870 img=hi [cached]
[cache] RJ01680209
[enrich] 9113/10500 RJ01680209: tags=6 desc=3987 img=hi [cached]
[cache] RJ01680437
[enrich] 9114/10500 RJ01680437: tags=6 desc=4414 img=hi [cached]
[cache] RJ01658438
[enrich] 9115/10500 RJ01658438: tags=6 desc=967 img=hi [cached]
[cache] RJ01645027
[enrich] 9116/10500 RJ01645027: tags=6 desc=4479 img=hi [cached]
[cache] RJ01706805
[enrich] 9117/10500 RJ01706805: tags=6 desc=309 img=hi [cached]
[cache] RJ01702546
[enrich] 9118/10500 RJ01702546: tags=6 desc=170 img=hi [cached]
[cache] RJ01688376
[enrich] 9119/10500 RJ01688376: tags=6 desc=664 img=hi [cached]
[cache] RJ01552500
[enrich] 9120/10500 RJ01552500: tags=6 desc=508 img=hi [cached]
[cache] RJ01633461
[enrich] 9121/10500 RJ01633461: tags=6 desc=1133 img=hi [cached]
[cache] RJ01722430
[enrich] 9122/10500 RJ01722430: tags=6 desc=163 img=hi [cached]
[cache] RJ01705609
[enrich] 9123/10500 RJ01705609: tags=6 desc=985 img=hi [cached]
[cache] RJ01712251
[enrich] 9124/10500 RJ01712251: tags=6 desc=1451 img=hi [cached]
[cache] RJ01683297
[enrich] 9125/10500 RJ01683297: tags=6 desc=501 img=hi [cached]
[save] partial 9125/10500: 10500 works → /workspace/dlsite-promo-site/data/works.json
[cache] RJ01690897
[enrich] 9126/10500 RJ01690897: tags=6 desc=430 img=hi [cached]
[cache] RJ01608425
[enrich] 9127/10500 RJ01608425: tags=6 desc=1328 img=hi [cached]
[cache] RJ01634130
[enrich] 9128/10500 RJ01634130: tags=6 desc=1239 img=hi [cached]
[cache] RJ01678835
[enrich] 9129/10500 RJ01678835: tags=6 desc=1221 img=hi [cached]
[cache] RJ01704874
[enrich] 9130/10500 RJ01704874: tags=6 desc=244 img=hi [cached]
[cache] RJ01546235
[enrich] 9131/10500 RJ01546235: tags=6 desc=1030 img=hi [cached]
[cache] RJ01635650
[enrich] 9132/10500 RJ01635650: tags=6 desc=727 img=hi [cached]
[cache] RJ01708464
[enrich] 9133/10500 RJ01708464: tags=6 desc=486 img=hi [cached]
[cache] RJ01548970
[enrich] 9134/10500 RJ01548970: tags=6 desc=641 img=hi [cached]
[cache] RJ01697180
[enrich] 9135/10500 RJ01697180: tags=6 desc=373 img=hi [cached]
[cache] RJ01679773
[enrich] 9136/10500 RJ01679773: tags=6 desc=677 img=hi [cached]
[cache] RJ01186683
[enrich] 9137/10500 RJ01186683: tags=6 desc=742 img=hi [cached]
[cache] RJ01670131
[enrich] 9138/10500 RJ01670131: tags=6 desc=298 img=hi [cached]
[cache] RJ01687267
[enrich] 9139/10500 RJ01687267: tags=6 desc=268 img=hi [cached]
[cache] RJ300721
[enrich] 9140/10500 RJ300721: tags=6 desc=598 img=hi [cached]
[cache] RJ165077
[enrich] 9141/10500 RJ165077: tags=6 desc=195 img=hi [cached]
[cache] RJ121959
[enrich] 9142/10500 RJ121959: tags=6 desc=2478 img=hi [cached]
[cache] RJ037835
[enrich] 9143/10500 RJ037835: tags=6 desc=411 img=hi [cached]
[cache] RJ227497
[enrich] 9144/10500 RJ227497: tags=3 desc=679 img=hi [cached]
[cache] RJ255572
[enrich] 9145/10500 RJ255572: tags=6 desc=1224 img=hi [cached]
[cache] RJ245796
[enrich] 9146/10500 RJ245796: tags=5 desc=182 img=hi [cached]
[cache] RJ250091
[enrich] 9147/10500 RJ250091: tags=6 desc=294 img=hi [cached]
[cache] RJ249403
[enrich] 9148/10500 RJ249403: tags=5 desc=181 img=hi [cached]
[cache] RJ296524
[enrich] 9149/10500 RJ296524: tags=6 desc=677 img=hi [cached]
[cache] RJ251777
[enrich] 9150/10500 RJ251777: tags=5 desc=918 img=hi [cached]
[save] partial 9150/10500: 10500 works → /workspace/dlsite-promo-site/data/works.json
[cache] RJ258122
[enrich] 9151/10500 RJ258122: tags=6 desc=102 img=hi [cached]
[cache] RJ093039
[enrich] 9152/10500 RJ093039: tags=2 desc=111 img=hi [cached]
[cache] RJ196425
[enrich] 9153/10500 RJ196425: tags=5 desc=113 img=hi [cached]
[cache] RJ266703
[enrich] 9154/10500 RJ266703: tags=6 desc=144 img=hi [cached]
[enrich] 9155/10500 RJ258987: tags=6 desc=18 img=hi
[cache] RJ287568
[enrich] 9156/10500 RJ287568: tags=6 desc=75 img=hi [cached]
[cache] RJ226621
[enrich] 9157/10500 RJ226621: tags=5 desc=105 img=hi [cached]
[cache] RJ187570
[enrich] 9158/10500 RJ187570: tags=6 desc=806 img=hi [cached]
[cache] RJ097477
[enrich] 9159/10500 RJ097477: tags=3 desc=86 img=hi [cached]
[cache] RJ276903
[enrich] 9160/10500 RJ276903: tags=6 desc=810 img=hi [cached]
[cache] RJ287194
[enrich] 9161/10500 RJ287194: tags=6 desc=76 img=hi [cached]
[cache] RJ263076
[enrich] 9162/10500 RJ263076: tags=6 desc=1391 img=hi [cached]
[cache] RJ269948
[enrich] 9163/10500 RJ269948: tags=6 desc=101 img=hi [cached]
[cache] RJ196082
[enrich] 9164/10500 RJ196082: tags=6 desc=165 img=hi [cached]
[cache] RJ200519
[enrich] 9165/10500 RJ200519: tags=5 desc=1110 img=hi [cached]
[cache] RJ210964
[enrich] 9166/10500 RJ210964: tags=3 desc=61 img=hi [cached]
[cache] RJ150216
[enrich] 9167/10500 RJ150216: tags=6 desc=101 img=hi [cached]
[cache] RJ212058
[enrich] 9168/10500 RJ212058: tags=5 desc=126 img=hi [cached]
[cache] RJ037691
[enrich] 9169/10500 RJ037691: tags=0 desc=655 img=hi [cached]
[cache] RJ240712
[enrich] 9170/10500 RJ240712: tags=1 desc=97 img=hi [cached]
[cache] RJ248226
[enrich] 9171/10500 RJ248226: tags=6 desc=528 img=hi [cached]
[cache] RJ220220
[enrich] 9172/10500 RJ220220: tags=6 desc=495 img=hi [cached]
[cache] RJ102541
[enrich] 9173/10500 RJ102541: tags=4 desc=335 img=hi [cached]
[cache] RJ290825
[enrich] 9174/10500 RJ290825: tags=6 desc=798 img=hi [cached]
[cache] RJ306308
[enrich] 9175/10500 RJ306308: tags=6 desc=326 img=hi [cached]
[save] partial 9175/10500: 10500 works → /workspace/dlsite-promo-site/data/works.json
[cache] RJ221812
[enrich] 9176/10500 RJ221812: tags=3 desc=825 img=hi [cached]
[cache] RJ361393
[enrich] 9177/10500 RJ361393: tags=6 desc=233 img=hi [cached]
[cache] RJ272230
[enrich] 9178/10500 RJ272230: tags=6 desc=654 img=hi [cached]
[cache] RJ111776
[enrich] 9179/10500 RJ111776: tags=6 desc=737 img=hi [cached]
[cache] RJ184000
[enrich] 9180/10500 RJ184000: tags=3 desc=399 img=hi [cached]
[cache] RJ201189
[enrich] 9181/10500 RJ201189: tags=3 desc=1301 img=hi [cached]
[cache] RJ110441
[enrich] 9182/10500 RJ110441: tags=3 desc=1074 img=hi [cached]
[cache] RJ091530
[enrich] 9183/10500 RJ091530: tags=2 desc=74 img=hi [cached]
[cache] RJ226146
[enrich] 9184/10500 RJ226146: tags=2 desc=142 img=hi [cached]
[cache] RJ245516
[enrich] 9185/10500 RJ245516: tags=2 desc=143 img=hi [cached]
[cache] RJ085915
[enrich] 9186/10500 RJ085915: tags=5 desc=480 img=hi [cached]
[cache] RJ195675
[enrich] 9187/10500 RJ195675: tags=6 desc=197 img=hi [cached]
[cache] RJ101181
[enrich] 9188/10500 RJ101181: tags=5 desc=124 img=hi [cached]
[cache] RJ287065
[enrich] 9189/10500 RJ287065: tags=6 desc=343 img=hi [cached]
[cache] RJ290480
[enrich] 9190/10500 RJ290480: tags=1 desc=178 img=hi [cached]
[cache] RJ061392
[enrich] 9191/10500 RJ061392: tags=6 desc=394 img=hi [cached]
[cache] RJ362965
[enrich] 9192/10500 RJ362965: tags=0 desc=223 img=hi [cached]
[cache] RJ321270
[enrich] 9193/10500 RJ321270: tags=2 desc=2248 img=hi [cached]
[cache] RJ368031
[enrich] 9194/10500 RJ368031: tags=6 desc=2199 img=hi [cached]
[cache] RJ273554
[enrich] 9195/10500 RJ273554: tags=0 desc=66 img=hi [cached]
[cache] RJ441308
[enrich] 9196/10500 RJ441308: tags=6 desc=2985 img=hi [cached]
[cache] RJ260299
[enrich] 9197/10500 RJ260299: tags=6 desc=1698 img=hi [cached]
[cache] RJ282004
[enrich] 9198/10500 RJ282004: tags=6 desc=1945 img=hi [cached]
[cache] RJ01105462
[enrich] 9199/10500 RJ01105462: tags=5 desc=2880 img=hi [cached]
[cache] RJ422681
[enrich] 9200/10500 RJ422681: tags=6 desc=1365 img=hi [cached]
[save] partial 9200/10500: 10500 works → /workspace/dlsite-promo-site/data/works.json
[cache] RJ365005
[enrich] 9201/10500 RJ365005: tags=6 desc=1349 img=hi [cached]
[cache] RJ187542
[enrich] 9202/10500 RJ187542: tags=3 desc=952 img=hi [cached]
[cache] RJ01180505
[enrich] 9203/10500 RJ01180505: tags=6 desc=1835 img=hi [cached]
[cache] RJ01181697
[enrich] 9204/10500 RJ01181697: tags=6 desc=1721 img=hi [cached]
[cache] RJ282788
[enrich] 9205/10500 RJ282788: tags=6 desc=1855 img=hi [cached]
[cache] RJ01223146
[enrich] 9206/10500 RJ01223146: tags=6 desc=1161 img=hi [cached]
[cache] RJ335042
[enrich] 9207/10500 RJ335042: tags=6 desc=2895 img=hi [cached]
[cache] RJ406828
[enrich] 9208/10500 RJ406828: tags=6 desc=4472 img=hi [cached]
[cache] RJ01006231
[enrich] 9209/10500 RJ01006231: tags=6 desc=1719 img=hi [cached]
[cache] RJ303408
[enrich] 9210/10500 RJ303408: tags=6 desc=632 img=hi [cached]
[cache] RJ01230157
[enrich] 9211/10500 RJ01230157: tags=6 desc=1979 img=hi [cached]
[cache] RJ01273293
[enrich] 9212/10500 RJ01273293: tags=6 desc=1072 img=hi [cached]
[cache] RJ297821
[enrich] 9213/10500 RJ297821: tags=5 desc=3912 img=hi [cached]
[cache] RJ190062
[enrich] 9214/10500 RJ190062: tags=4 desc=952 img=hi [cached]
[cache] RJ126678
[enrich] 9215/10500 RJ126678: tags=6 desc=1496 img=hi [cached]
[cache] RJ293774
[enrich] 9216/10500 RJ293774: tags=6 desc=3875 img=hi [cached]
[cache] RJ164342
[enrich] 9217/10500 RJ164342: tags=6 desc=1614 img=hi [cached]
[cache] RJ176113
[enrich] 9218/10500 RJ176113: tags=6 desc=1476 img=hi [cached]
[cache] RJ202413
[enrich] 9219/10500 RJ202413: tags=6 desc=1637 img=hi [cached]
[cache] RJ01091943
[enrich] 9220/10500 RJ01091943: tags=6 desc=1310 img=hi [cached]
[cache] RJ402990
[enrich] 9221/10500 RJ402990: tags=6 desc=2067 img=hi [cached]
[cache] RJ386514
[enrich] 9222/10500 RJ386514: tags=6 desc=1756 img=hi [cached]
[cache] RJ01354264
[enrich] 9223/10500 RJ01354264: tags=6 desc=3102 img=hi [cached]
[cache] RJ227084
[enrich] 9224/10500 RJ227084: tags=6 desc=1849 img=hi [cached]
[cache] RJ01203798
[enrich] 9225/10500 RJ01203798: tags=6 desc=2343 img=hi [cached]
[save] partial 9225/10500: 10500 works → /workspace/dlsite-promo-site/data/works.json
[cache] RJ01110023
[enrich] 9226/10500 RJ01110023: tags=6 desc=815 img=hi [cached]
[cache] RJ01464840
[enrich] 9227/10500 RJ01464840: tags=6 desc=1554 img=hi [cached]
[cache] RJ288330
[enrich] 9228/10500 RJ288330: tags=6 desc=3383 img=hi [cached]
[cache] RJ142722
[enrich] 9229/10500 RJ142722: tags=5 desc=1401 img=hi [cached]
[cache] RJ221862
[enrich] 9230/10500 RJ221862: tags=5 desc=1276 img=hi [cached]
[cache] RJ247871
[enrich] 9231/10500 RJ247871: tags=6 desc=3793 img=hi [cached]
[cache] RJ267279
[enrich] 9232/10500 RJ267279: tags=6 desc=1031 img=hi [cached]
[cache] RJ292505
[enrich] 9233/10500 RJ292505: tags=6 desc=638 img=hi [cached]
[cache] RJ01054326
[enrich] 9234/10500 RJ01054326: tags=6 desc=857 img=hi [cached]
[cache] RJ272689
[enrich] 9235/10500 RJ272689: tags=6 desc=1617 img=hi [cached]
[cache] RJ01056793
[enrich] 9236/10500 RJ01056793: tags=6 desc=4470 img=hi [cached]
[cache] RJ387503
[enrich] 9237/10500 RJ387503: tags=6 desc=1039 img=hi [cached]
[cache] RJ01173424
[enrich] 9238/10500 RJ01173424: tags=6 desc=2182 img=hi [cached]
[cache] RJ264877
[enrich] 9239/10500 RJ264877: tags=6 desc=1006 img=hi [cached]
[cache] RJ228758
[enrich] 9240/10500 RJ228758: tags=6 desc=2648 img=hi [cached]
[cache] RJ423263
[enrich] 9241/10500 RJ423263: tags=6 desc=2288 img=hi [cached]
[cache] RJ01477151
[enrich] 9242/10500 RJ01477151: tags=6 desc=1380 img=hi [cached]
[cache] RJ363822
[enrich] 9243/10500 RJ363822: tags=6 desc=294 img=hi [cached]
[cache] RJ265259
[enrich] 9244/10500 RJ265259: tags=6 desc=1446 img=hi [cached]
[cache] RJ306011
[enrich] 9245/10500 RJ306011: tags=6 desc=3657 img=hi [cached]
[cache] RJ01514255
[enrich] 9246/10500 RJ01514255: tags=6 desc=4495 img=hi [cached]
[cache] RJ367659
[enrich] 9247/10500 RJ367659: tags=6 desc=1090 img=hi [cached]
[cache] RJ385481
[enrich] 9248/10500 RJ385481: tags=6 desc=1086 img=hi [cached]
[cache] RJ303422
[enrich] 9249/10500 RJ303422: tags=6 desc=612 img=hi [cached]
[cache] RJ396850
[enrich] 9250/10500 RJ396850: tags=6 desc=1226 img=hi [cached]
[save] partial 9250/10500: 10500 works → /workspace/dlsite-promo-site/data/works.json
[cache] RJ01024733
[enrich] 9251/10500 RJ01024733: tags=6 desc=413 img=hi [cached]
[cache] RJ137991
[enrich] 9252/10500 RJ137991: tags=6 desc=2227 img=hi [cached]
[cache] RJ341111
[enrich] 9253/10500 RJ341111: tags=6 desc=2350 img=hi [cached]
[cache] RJ01122344
[enrich] 9254/10500 RJ01122344: tags=6 desc=4367 img=hi [cached]
[cache] RJ298894
[enrich] 9255/10500 RJ298894: tags=4 desc=1243 img=hi [cached]
[cache] RJ408422
[enrich] 9256/10500 RJ408422: tags=6 desc=3635 img=hi [cached]
[cache] RJ236769
[enrich] 9257/10500 RJ236769: tags=6 desc=1838 img=hi [cached]
[cache] RJ01315674
[enrich] 9258/10500 RJ01315674: tags=6 desc=4174 img=hi [cached]
[cache] RJ254101
[enrich] 9259/10500 RJ254101: tags=5 desc=2828 img=hi [cached]
[cache] RJ370334
[enrich] 9260/10500 RJ370334: tags=6 desc=3905 img=hi [cached]
[cache] RJ01045721
[enrich] 9261/10500 RJ01045721: tags=6 desc=2727 img=hi [cached]
[cache] RJ01233357
[enrich] 9262/10500 RJ01233357: tags=6 desc=2244 img=hi [cached]
[cache] RJ01131890
[enrich] 9263/10500 RJ01131890: tags=6 desc=1577 img=hi [cached]
[cache] RJ321157
[enrich] 9264/10500 RJ321157: tags=6 desc=86 img=hi [cached]
[cache] RJ214305
[enrich] 9265/10500 RJ214305: tags=5 desc=2505 img=hi [cached]
[cache] RJ242359
[enrich] 9266/10500 RJ242359: tags=6 desc=3083 img=hi [cached]
[cache] RJ436696
[enrich] 9267/10500 RJ436696: tags=6 desc=2104 img=hi [cached]
[cache] RJ01283362
[enrich] 9268/10500 RJ01283362: tags=6 desc=4497 img=hi [cached]
[cache] RJ176235
[enrich] 9269/10500 RJ176235: tags=3 desc=618 img=hi [cached]
[cache] RJ323903
[enrich] 9270/10500 RJ323903: tags=6 desc=285 img=hi [cached]
[cache] RJ330458
[enrich] 9271/10500 RJ330458: tags=6 desc=2811 img=hi [cached]
[cache] RJ01361249
[enrich] 9272/10500 RJ01361249: tags=6 desc=986 img=hi [cached]
[cache] RJ01261281
[enrich] 9273/10500 RJ01261281: tags=6 desc=1504 img=hi [cached]
[cache] RJ274843
[enrich] 9274/10500 RJ274843: tags=6 desc=1206 img=hi [cached]
[cache] RJ249464
[enrich] 9275/10500 RJ249464: tags=6 desc=1498 img=hi [cached]
[save] partial 9275/10500: 10500 works → /workspace/dlsite-promo-site/data/works.json
[cache] RJ01250198
[enrich] 9276/10500 RJ01250198: tags=6 desc=2081 img=hi [cached]
[cache] RJ01086281
[enrich] 9277/10500 RJ01086281: tags=6 desc=1369 img=hi [cached]
[cache] RJ260211
[enrich] 9278/10500 RJ260211: tags=6 desc=2863 img=hi [cached]
[cache] RJ238428
[enrich] 9279/10500 RJ238428: tags=6 desc=1952 img=hi [cached]
[cache] RJ01134159
[enrich] 9280/10500 RJ01134159: tags=6 desc=1969 img=hi [cached]
[cache] RJ01286989
[enrich] 9281/10500 RJ01286989: tags=6 desc=479 img=hi [cached]
[cache] RJ220927
[enrich] 9282/10500 RJ220927: tags=3 desc=1266 img=hi [cached]
[cache] RJ142318
[enrich] 9283/10500 RJ142318: tags=5 desc=1003 img=hi [cached]
[cache] RJ364200
[enrich] 9284/10500 RJ364200: tags=3 desc=1422 img=hi [cached]
[cache] RJ01064575
[enrich] 9285/10500 RJ01064575: tags=6 desc=3272 img=hi [cached]
[cache] RJ386511
[enrich] 9286/10500 RJ386511: tags=6 desc=1284 img=hi [cached]
[cache] RJ236578
[enrich] 9287/10500 RJ236578: tags=6 desc=2287 img=hi [cached]
[cache] RJ126677
[enrich] 9288/10500 RJ126677: tags=6 desc=878 img=hi [cached]
[cache] RJ249281
[enrich] 9289/10500 RJ249281: tags=6 desc=2432 img=hi [cached]
[cache] RJ362030
[enrich] 9290/10500 RJ362030: tags=6 desc=1995 img=hi [cached]
[cache] RJ289596
[enrich] 9291/10500 RJ289596: tags=6 desc=496 img=hi [cached]
[cache] RJ270167
[enrich] 9292/10500 RJ270167: tags=6 desc=1966 img=hi [cached]
[cache] RJ01027089
[enrich] 9293/10500 RJ01027089: tags=6 desc=4480 img=hi [cached]
[cache] RJ01166901
[enrich] 9294/10500 RJ01166901: tags=6 desc=2206 img=hi [cached]
[cache] RJ355679
[enrich] 9295/10500 RJ355679: tags=6 desc=1893 img=hi [cached]
[cache] RJ380030
[enrich] 9296/10500 RJ380030: tags=6 desc=285 img=hi [cached]
[cache] RJ343969
[enrich] 9297/10500 RJ343969: tags=6 desc=1162 img=hi [cached]
[cache] RJ395452
[enrich] 9298/10500 RJ395452: tags=6 desc=1449 img=hi [cached]
[cache] RJ316968
[enrich] 9299/10500 RJ316968: tags=6 desc=1339 img=hi [cached]
[cache] RJ418979
[enrich] 9300/10500 RJ418979: tags=6 desc=3716 img=hi [cached]
[save] partial 9300/10500: 10500 works → /workspace/dlsite-promo-site/data/works.json
[cache] RJ269857
[enrich] 9301/10500 RJ269857: tags=6 desc=2389 img=hi [cached]
[cache] RJ01360098
[enrich] 9302/10500 RJ01360098: tags=6 desc=1697 img=hi [cached]
[cache] RJ246797
[enrich] 9303/10500 RJ246797: tags=6 desc=2532 img=hi [cached]
[cache] RJ01180045
[enrich] 9304/10500 RJ01180045: tags=5 desc=831 img=hi [cached]
[cache] RJ01029638
[enrich] 9305/10500 RJ01029638: tags=6 desc=4018 img=hi [cached]
[cache] RJ318991
[enrich] 9306/10500 RJ318991: tags=6 desc=2888 img=hi [cached]
[cache] RJ01067979
[enrich] 9307/10500 RJ01067979: tags=6 desc=2487 img=hi [cached]
[cache] RJ284318
[enrich] 9308/10500 RJ284318: tags=6 desc=4432 img=hi [cached]
[cache] RJ01072791
[enrich] 9309/10500 RJ01072791: tags=6 desc=594 img=hi [cached]
[cache] RJ404098
[enrich] 9310/10500 RJ404098: tags=6 desc=2023 img=hi [cached]
[cache] RJ370100
[enrich] 9311/10500 RJ370100: tags=6 desc=2487 img=hi [cached]
[cache] RJ238914
[enrich] 9312/10500 RJ238914: tags=6 desc=1479 img=hi [cached]
[cache] RJ299761
[enrich] 9313/10500 RJ299761: tags=6 desc=1126 img=hi [cached]
[cache] RJ01038626
[enrich] 9314/10500 RJ01038626: tags=6 desc=1995 img=hi [cached]
[cache] RJ316252
[enrich] 9315/10500 RJ316252: tags=6 desc=1181 img=hi [cached]
[cache] RJ327490
[enrich] 9316/10500 RJ327490: tags=6 desc=1560 img=hi [cached]
[cache] RJ01100636
[enrich] 9317/10500 RJ01100636: tags=6 desc=3033 img=hi [cached]
[cache] RJ401268
[enrich] 9318/10500 RJ401268: tags=6 desc=385 img=hi [cached]
[cache] RJ190888
[enrich] 9319/10500 RJ190888: tags=6 desc=740 img=hi [cached]
[cache] RJ441381
[enrich] 9320/10500 RJ441381: tags=6 desc=1460 img=hi [cached]
[cache] RJ01180831
[enrich] 9321/10500 RJ01180831: tags=6 desc=670 img=hi [cached]
[cache] RJ248929
[enrich] 9322/10500 RJ248929: tags=6 desc=1796 img=hi [cached]
[cache] RJ377751
[enrich] 9323/10500 RJ377751: tags=6 desc=563 img=hi [cached]
[cache] RJ309693
[enrich] 9324/10500 RJ309693: tags=6 desc=3884 img=hi [cached]
[cache] RJ01152942
[enrich] 9325/10500 RJ01152942: tags=6 desc=2636 img=hi [cached]
[save] partial 9325/10500: 10500 works → /workspace/dlsite-promo-site/data/works.json
[cache] RJ326997
[enrich] 9326/10500 RJ326997: tags=6 desc=2565 img=hi [cached]
[cache] RJ01161068
[enrich] 9327/10500 RJ01161068: tags=6 desc=852 img=hi [cached]
[cache] RJ01329952
[enrich] 9328/10500 RJ01329952: tags=6 desc=3635 img=hi [cached]
[cache] RJ398853
[enrich] 9329/10500 RJ398853: tags=6 desc=2633 img=hi [cached]
[cache] RJ329961
[enrich] 9330/10500 RJ329961: tags=6 desc=4328 img=hi [cached]
[cache] RJ256403
[enrich] 9331/10500 RJ256403: tags=6 desc=1490 img=hi [cached]
[cache] RJ348343
[enrich] 9332/10500 RJ348343: tags=6 desc=1297 img=hi [cached]
[cache] RJ275513
[enrich] 9333/10500 RJ275513: tags=6 desc=2655 img=hi [cached]
[cache] RJ01472174
[enrich] 9334/10500 RJ01472174: tags=6 desc=1940 img=hi [cached]
[cache] RJ01442936
[enrich] 9335/10500 RJ01442936: tags=6 desc=3108 img=hi [cached]
[cache] RJ350945
[enrich] 9336/10500 RJ350945: tags=6 desc=66 img=hi [cached]
[cache] RJ385369
[enrich] 9337/10500 RJ385369: tags=6 desc=4351 img=hi [cached]
[cache] RJ01389419
[enrich] 9338/10500 RJ01389419: tags=6 desc=1660 img=hi [cached]
[cache] RJ174249
[enrich] 9339/10500 RJ174249: tags=4 desc=1087 img=hi [cached]
[cache] RJ297368
[enrich] 9340/10500 RJ297368: tags=6 desc=1324 img=hi [cached]
[cache] RJ387847
[enrich] 9341/10500 RJ387847: tags=6 desc=2132 img=hi [cached]
[cache] RJ01188108
[enrich] 9342/10500 RJ01188108: tags=6 desc=2556 img=hi [cached]
[cache] RJ265279
[enrich] 9343/10500 RJ265279: tags=6 desc=2002 img=hi [cached]
[cache] RJ01264204
[enrich] 9344/10500 RJ01264204: tags=6 desc=1509 img=hi [cached]
[cache] RJ218570
[enrich] 9345/10500 RJ218570: tags=5 desc=430 img=hi [cached]
[cache] RJ01036164
[enrich] 9346/10500 RJ01036164: tags=6 desc=2056 img=hi [cached]
[cache] RJ243908
[enrich] 9347/10500 RJ243908: tags=6 desc=2517 img=hi [cached]
[cache] RJ01381060
[enrich] 9348/10500 RJ01381060: tags=6 desc=2773 img=hi [cached]
[cache] RJ01267649
[enrich] 9349/10500 RJ01267649: tags=6 desc=4492 img=hi [cached]
[cache] RJ01206300
[enrich] 9350/10500 RJ01206300: tags=6 desc=1140 img=hi [cached]
[save] partial 9350/10500: 10500 works → /workspace/dlsite-promo-site/data/works.json
[cache] RJ01151715
[enrich] 9351/10500 RJ01151715: tags=6 desc=1955 img=hi [cached]
[cache] RJ01088804
[enrich] 9352/10500 RJ01088804: tags=6 desc=1397 img=hi [cached]
[cache] RJ361649
[enrich] 9353/10500 RJ361649: tags=6 desc=1424 img=hi [cached]
[cache] RJ01261676
[enrich] 9354/10500 RJ01261676: tags=6 desc=1401 img=hi [cached]
[cache] RJ274127
[enrich] 9355/10500 RJ274127: tags=6 desc=2440 img=hi [cached]
[cache] RJ141506
[enrich] 9356/10500 RJ141506: tags=3 desc=880 img=hi [cached]
[cache] RJ337649
[enrich] 9357/10500 RJ337649: tags=6 desc=1320 img=hi [cached]
[cache] RJ341518
[enrich] 9358/10500 RJ341518: tags=6 desc=4449 img=hi [cached]
[cache] RJ365626
[enrich] 9359/10500 RJ365626: tags=6 desc=2985 img=hi [cached]
[cache] RJ381057
[enrich] 9360/10500 RJ381057: tags=6 desc=1565 img=hi [cached]
[cache] RJ01121460
[enrich] 9361/10500 RJ01121460: tags=6 desc=2054 img=hi [cached]
[cache] RJ305797
[enrich] 9362/10500 RJ305797: tags=6 desc=610 img=hi [cached]
[cache] RJ01078126
[enrich] 9363/10500 RJ01078126: tags=6 desc=1195 img=hi [cached]
[cache] RJ01527728
[enrich] 9364/10500 RJ01527728: tags=4 desc=332 img=hi [cached]
[cache] RJ01533996
[enrich] 9365/10500 RJ01533996: tags=6 desc=787 img=hi [cached]
[cache] RJ348237
[enrich] 9366/10500 RJ348237: tags=6 desc=568 img=hi [cached]
[cache] RJ426285
[enrich] 9367/10500 RJ426285: tags=6 desc=752 img=hi [cached]
[cache] RJ371789
[enrich] 9368/10500 RJ371789: tags=6 desc=1548 img=hi [cached]
[cache] RJ362804
[enrich] 9369/10500 RJ362804: tags=6 desc=4499 img=hi [cached]
[cache] RJ01329880
[enrich] 9370/10500 RJ01329880: tags=6 desc=1739 img=hi [cached]
[cache] RJ01058847
[enrich] 9371/10500 RJ01058847: tags=6 desc=1030 img=hi [cached]
[cache] RJ370870
[enrich] 9372/10500 RJ370870: tags=6 desc=2074 img=hi [cached]
[cache] RJ322456
[enrich] 9373/10500 RJ322456: tags=6 desc=2021 img=hi [cached]
[cache] RJ01282708
[enrich] 9374/10500 RJ01282708: tags=6 desc=1558 img=hi [cached]
[cache] RJ01110732
[enrich] 9375/10500 RJ01110732: tags=6 desc=998 img=hi [cached]
[save] partial 9375/10500: 10500 works → /workspace/dlsite-promo-site/data/works.json
[cache] RJ01279210
[enrich] 9376/10500 RJ01279210: tags=6 desc=234 img=hi [cached]
[cache] RJ159555
[enrich] 9377/10500 RJ159555: tags=3 desc=1142 img=hi [cached]
[cache] RJ269214
[enrich] 9378/10500 RJ269214: tags=6 desc=2678 img=hi [cached]
[cache] RJ01249741
[enrich] 9379/10500 RJ01249741: tags=6 desc=3694 img=hi [cached]
[cache] RJ370710
[enrich] 9380/10500 RJ370710: tags=5 desc=76 img=hi [cached]
[cache] RJ354469
[enrich] 9381/10500 RJ354469: tags=6 desc=233 img=hi [cached]
[cache] RJ01205375
[enrich] 9382/10500 RJ01205375: tags=6 desc=4499 img=hi [cached]
[cache] RJ01426035
[enrich] 9383/10500 RJ01426035: tags=6 desc=2651 img=hi [cached]
[cache] RJ354157
[enrich] 9384/10500 RJ354157: tags=6 desc=312 img=hi [cached]
[cache] RJ266109
[enrich] 9385/10500 RJ266109: tags=6 desc=4225 img=hi [cached]
[cache] RJ281431
[enrich] 9386/10500 RJ281431: tags=6 desc=4496 img=hi [cached]
[cache] RJ01176804
[enrich] 9387/10500 RJ01176804: tags=6 desc=2029 img=hi [cached]
[cache] RJ095201
[enrich] 9388/10500 RJ095201: tags=4 desc=502 img=hi [cached]
[cache] RJ259665
[enrich] 9389/10500 RJ259665: tags=6 desc=2523 img=hi [cached]
[cache] RJ01209135
[enrich] 9390/10500 RJ01209135: tags=5 desc=4434 img=hi [cached]
[cache] RJ157979
[enrich] 9391/10500 RJ157979: tags=6 desc=604 img=hi [cached]
[cache] RJ240566
[enrich] 9392/10500 RJ240566: tags=6 desc=1618 img=hi [cached]
[cache] RJ01400976
[enrich] 9393/10500 RJ01400976: tags=6 desc=4393 img=hi [cached]
[cache] RJ298077
[enrich] 9394/10500 RJ298077: tags=6 desc=1234 img=hi [cached]
[cache] RJ323078
[enrich] 9395/10500 RJ323078: tags=6 desc=3765 img=hi [cached]
[cache] RJ01294692
[enrich] 9396/10500 RJ01294692: tags=6 desc=4224 img=hi [cached]
[cache] RJ395000
[enrich] 9397/10500 RJ395000: tags=6 desc=2031 img=hi [cached]
[cache] RJ274706
[enrich] 9398/10500 RJ274706: tags=6 desc=3610 img=hi [cached]
[cache] RJ01179686
[enrich] 9399/10500 RJ01179686: tags=6 desc=2272 img=hi [cached]
[cache] RJ264420
[enrich] 9400/10500 RJ264420: tags=6 desc=2079 img=hi [cached]
[save] partial 9400/10500: 10500 works → /workspace/dlsite-promo-site/data/works.json
[cache] RJ01289104
[enrich] 9401/10500 RJ01289104: tags=6 desc=1940 img=hi [cached]
[cache] RJ01005378
[enrich] 9402/10500 RJ01005378: tags=6 desc=981 img=hi [cached]
[cache] RJ158227
[enrich] 9403/10500 RJ158227: tags=5 desc=672 img=hi [cached]
[cache] RJ067811
[enrich] 9404/10500 RJ067811: tags=4 desc=771 img=hi [cached]
[cache] RJ270248
[enrich] 9405/10500 RJ270248: tags=6 desc=734 img=hi [cached]
[cache] RJ342278
[enrich] 9406/10500 RJ342278: tags=6 desc=3100 img=hi [cached]
[cache] RJ179846
[enrich] 9407/10500 RJ179846: tags=4 desc=959 img=hi [cached]
[cache] RJ01382812
[enrich] 9408/10500 RJ01382812: tags=6 desc=2779 img=hi [cached]
[cache] RJ250558
[enrich] 9409/10500 RJ250558: tags=6 desc=1539 img=hi [cached]
[cache] RJ01478826
[enrich] 9410/10500 RJ01478826: tags=6 desc=4496 img=hi [cached]
[cache] RJ01109792
[enrich] 9411/10500 RJ01109792: tags=5 desc=4463 img=hi [cached]
[cache] RJ01079269
[enrich] 9412/10500 RJ01079269: tags=6 desc=3321 img=hi [cached]
[cache] RJ370326
[enrich] 9413/10500 RJ370326: tags=6 desc=3488 img=hi [cached]
[cache] RJ01287222
[enrich] 9414/10500 RJ01287222: tags=6 desc=4483 img=hi [cached]
[cache] RJ327014
[enrich] 9415/10500 RJ327014: tags=6 desc=3184 img=hi [cached]
[cache] RJ374510
[enrich] 9416/10500 RJ374510: tags=6 desc=1326 img=hi [cached]
[cache] RJ290169
[enrich] 9417/10500 RJ290169: tags=6 desc=2398 img=hi [cached]
[cache] RJ307945
[enrich] 9418/10500 RJ307945: tags=6 desc=4496 img=hi [cached]
[cache] RJ01192868
[enrich] 9419/10500 RJ01192868: tags=6 desc=4491 img=hi [cached]
[cache] RJ316229
[enrich] 9420/10500 RJ316229: tags=6 desc=86 img=hi [cached]
[cache] RJ01143491
[enrich] 9421/10500 RJ01143491: tags=6 desc=4135 img=hi [cached]
[cache] RJ01022091
[enrich] 9422/10500 RJ01022091: tags=6 desc=3941 img=hi [cached]
[cache] RJ01346383
[enrich] 9423/10500 RJ01346383: tags=6 desc=2629 img=hi [cached]
[cache] RJ390623
[enrich] 9424/10500 RJ390623: tags=6 desc=2455 img=hi [cached]
[cache] RJ01078863
[enrich] 9425/10500 RJ01078863: tags=6 desc=286 img=hi [cached]
[save] partial 9425/10500: 10500 works → /workspace/dlsite-promo-site/data/works.json
[cache] RJ01467888
[enrich] 9426/10500 RJ01467888: tags=6 desc=673 img=hi [cached]
[cache] RJ376688
[enrich] 9427/10500 RJ376688: tags=6 desc=310 img=hi [cached]
[cache] RJ407649
[enrich] 9428/10500 RJ407649: tags=6 desc=1150 img=hi [cached]
[cache] RJ334483
[enrich] 9429/10500 RJ334483: tags=6 desc=2792 img=hi [cached]
[cache] RJ01125827
[enrich] 9430/10500 RJ01125827: tags=6 desc=2069 img=hi [cached]
[cache] RJ01061447
[enrich] 9431/10500 RJ01061447: tags=6 desc=3397 img=hi [cached]
[cache] RJ352847
[enrich] 9432/10500 RJ352847: tags=6 desc=728 img=hi [cached]
[cache] RJ165683
[enrich] 9433/10500 RJ165683: tags=6 desc=1516 img=hi [cached]
[cache] RJ01079103
[enrich] 9434/10500 RJ01079103: tags=6 desc=1936 img=hi [cached]
[cache] RJ267718
[enrich] 9435/10500 RJ267718: tags=6 desc=1727 img=hi [cached]
[cache] RJ01650561
[enrich] 9436/10500 RJ01650561: tags=6 desc=774 img=hi [cached]
[cache] RJ408577
[enrich] 9437/10500 RJ408577: tags=6 desc=1594 img=hi [cached]
[cache] RJ353166
[enrich] 9438/10500 RJ353166: tags=6 desc=1980 img=hi [cached]
[cache] RJ140837
[enrich] 9439/10500 RJ140837: tags=6 desc=1242 img=hi [cached]
[cache] RJ01123391
[enrich] 9440/10500 RJ01123391: tags=6 desc=2649 img=hi [cached]
[cache] RJ247873
[enrich] 9441/10500 RJ247873: tags=6 desc=2415 img=hi [cached]
[cache] RJ01067446
[enrich] 9442/10500 RJ01067446: tags=6 desc=1851 img=hi [cached]
[cache] RJ366439
[enrich] 9443/10500 RJ366439: tags=6 desc=527 img=hi [cached]
[cache] RJ01321810
[enrich] 9444/10500 RJ01321810: tags=6 desc=504 img=hi [cached]
[cache] RJ358633
[enrich] 9445/10500 RJ358633: tags=6 desc=2708 img=hi [cached]
[cache] RJ164219
[enrich] 9446/10500 RJ164219: tags=2 desc=928 img=hi [cached]
[cache] RJ282879
[enrich] 9447/10500 RJ282879: tags=6 desc=1992 img=hi [cached]
[cache] RJ239937
[enrich] 9448/10500 RJ239937: tags=6 desc=2243 img=hi [cached]
[cache] RJ01366853
[enrich] 9449/10500 RJ01366853: tags=6 desc=3257 img=hi [cached]
[cache] RJ324776
[enrich] 9450/10500 RJ324776: tags=6 desc=2629 img=hi [cached]
[save] partial 9450/10500: 10500 works → /workspace/dlsite-promo-site/data/works.json
[cache] RJ397890
[enrich] 9451/10500 RJ397890: tags=6 desc=1553 img=hi [cached]
[cache] RJ377009
[enrich] 9452/10500 RJ377009: tags=6 desc=1315 img=hi [cached]
[cache] RJ326341
[enrich] 9453/10500 RJ326341: tags=6 desc=802 img=hi [cached]
[cache] RJ223328
[enrich] 9454/10500 RJ223328: tags=6 desc=1353 img=hi [cached]
[cache] RJ270249
[enrich] 9455/10500 RJ270249: tags=6 desc=1044 img=hi [cached]
[cache] RJ01015070
[enrich] 9456/10500 RJ01015070: tags=6 desc=1513 img=hi [cached]
[cache] RJ402347
[enrich] 9457/10500 RJ402347: tags=6 desc=984 img=hi [cached]
[cache] RJ429899
[enrich] 9458/10500 RJ429899: tags=6 desc=2052 img=hi [cached]
[cache] RJ01615678
[enrich] 9459/10500 RJ01615678: tags=6 desc=302 img=hi [cached]
[cache] RJ228496
[enrich] 9460/10500 RJ228496: tags=6 desc=2133 img=hi [cached]
[cache] RJ333379
[enrich] 9461/10500 RJ333379: tags=6 desc=2971 img=hi [cached]
[cache] RJ280756
[enrich] 9462/10500 RJ280756: tags=6 desc=1882 img=hi [cached]
[cache] RJ311109
[enrich] 9463/10500 RJ311109: tags=6 desc=2016 img=hi [cached]
[cache] RJ01298428
[enrich] 9464/10500 RJ01298428: tags=6 desc=1481 img=hi [cached]
[cache] RJ290909
[enrich] 9465/10500 RJ290909: tags=6 desc=1952 img=hi [cached]
[cache] RJ258537
[enrich] 9466/10500 RJ258537: tags=6 desc=2995 img=hi [cached]
[cache] RJ187165
[enrich] 9467/10500 RJ187165: tags=3 desc=857 img=hi [cached]
[cache] RJ01158066
[enrich] 9468/10500 RJ01158066: tags=6 desc=3609 img=hi [cached]
[cache] RJ01407227
[enrich] 9469/10500 RJ01407227: tags=6 desc=1045 img=hi [cached]
[cache] RJ01498413
[enrich] 9470/10500 RJ01498413: tags=6 desc=1482 img=hi [cached]
[cache] RJ431190
[enrich] 9471/10500 RJ431190: tags=6 desc=4346 img=hi [cached]
[cache] RJ01290245
[enrich] 9472/10500 RJ01290245: tags=6 desc=1730 img=hi [cached]
[cache] RJ264902
[enrich] 9473/10500 RJ264902: tags=6 desc=4456 img=hi [cached]
[cache] RJ222644
[enrich] 9474/10500 RJ222644: tags=6 desc=2145 img=hi [cached]
[cache] RJ387142
[enrich] 9475/10500 RJ387142: tags=6 desc=1290 img=hi [cached]
[save] partial 9475/10500: 10500 works → /workspace/dlsite-promo-site/data/works.json
[cache] RJ418290
[enrich] 9476/10500 RJ418290: tags=2 desc=1682 img=hi [cached]
[cache] RJ333356
[enrich] 9477/10500 RJ333356: tags=6 desc=558 img=hi [cached]
[cache] RJ310814
[enrich] 9478/10500 RJ310814: tags=6 desc=771 img=hi [cached]
[cache] RJ391860
[enrich] 9479/10500 RJ391860: tags=6 desc=771 img=hi [cached]
[cache] RJ295436
[enrich] 9480/10500 RJ295436: tags=6 desc=56 img=hi [cached]
[cache] RJ345016
[enrich] 9481/10500 RJ345016: tags=6 desc=2422 img=hi [cached]
[cache] RJ403154
[enrich] 9482/10500 RJ403154: tags=6 desc=293 img=hi [cached]
[cache] RJ01129844
[enrich] 9483/10500 RJ01129844: tags=6 desc=1563 img=hi [cached]
[cache] RJ01050902
[enrich] 9484/10500 RJ01050902: tags=6 desc=2951 img=hi [cached]
[cache] RJ01186824
[enrich] 9485/10500 RJ01186824: tags=6 desc=1134 img=hi [cached]
[cache] RJ310699
[enrich] 9486/10500 RJ310699: tags=6 desc=1841 img=hi [cached]
[cache] RJ330373
[enrich] 9487/10500 RJ330373: tags=6 desc=849 img=hi [cached]
[cache] RJ436855
[enrich] 9488/10500 RJ436855: tags=6 desc=3048 img=hi [cached]
[cache] RJ284859
[enrich] 9489/10500 RJ284859: tags=2 desc=3179 img=hi [cached]
[cache] RJ01226130
[enrich] 9490/10500 RJ01226130: tags=6 desc=423 img=hi [cached]
[cache] RJ227136
[enrich] 9491/10500 RJ227136: tags=6 desc=1056 img=hi [cached]
[cache] RJ289616
[enrich] 9492/10500 RJ289616: tags=6 desc=4016 img=hi [cached]
[cache] RJ01218696
[enrich] 9493/10500 RJ01218696: tags=6 desc=2125 img=hi [cached]
[cache] RJ01159333
[enrich] 9494/10500 RJ01159333: tags=6 desc=2789 img=hi [cached]
[cache] RJ01096800
[enrich] 9495/10500 RJ01096800: tags=6 desc=4488 img=hi [cached]
[cache] RJ241385
[enrich] 9496/10500 RJ241385: tags=6 desc=794 img=hi [cached]
[cache] RJ01116405
[enrich] 9497/10500 RJ01116405: tags=6 desc=4278 img=hi [cached]
[cache] RJ01269331
[enrich] 9498/10500 RJ01269331: tags=6 desc=1381 img=hi [cached]
[cache] RJ01220406
[enrich] 9499/10500 RJ01220406: tags=6 desc=571 img=hi [cached]
[cache] RJ313726
[enrich] 9500/10500 RJ313726: tags=6 desc=902 img=hi [cached]
[save] partial 9500/10500: 10500 works → /workspace/dlsite-promo-site/data/works.json
[cache] RJ01218071
[enrich] 9501/10500 RJ01218071: tags=6 desc=3594 img=hi [cached]
[cache] RJ01431789
[enrich] 9502/10500 RJ01431789: tags=6 desc=3731 img=hi [cached]
[cache] RJ401978
[enrich] 9503/10500 RJ401978: tags=6 desc=1307 img=hi [cached]
[cache] RJ250934
[enrich] 9504/10500 RJ250934: tags=6 desc=2069 img=hi [cached]
[cache] RJ01165811
[enrich] 9505/10500 RJ01165811: tags=6 desc=1234 img=hi [cached]
[cache] RJ238837
[enrich] 9506/10500 RJ238837: tags=6 desc=1620 img=hi [cached]
[cache] RJ320029
[enrich] 9507/10500 RJ320029: tags=6 desc=1991 img=hi [cached]
[cache] RJ222605
[enrich] 9508/10500 RJ222605: tags=6 desc=2285 img=hi [cached]
[cache] RJ317982
[enrich] 9509/10500 RJ317982: tags=2 desc=1721 img=hi [cached]
[cache] RJ01490638
[enrich] 9510/10500 RJ01490638: tags=6 desc=1345 img=hi [cached]
[cache] RJ281198
[enrich] 9511/10500 RJ281198: tags=6 desc=990 img=hi [cached]
[cache] RJ370711
[enrich] 9512/10500 RJ370711: tags=6 desc=814 img=hi [cached]
[cache] RJ01287278
[enrich] 9513/10500 RJ01287278: tags=6 desc=2717 img=hi [cached]
[cache] RJ361882
[enrich] 9514/10500 RJ361882: tags=6 desc=1195 img=hi [cached]
[cache] RJ333182
[enrich] 9515/10500 RJ333182: tags=6 desc=2199 img=hi [cached]
[cache] RJ285072
[enrich] 9516/10500 RJ285072: tags=6 desc=776 img=hi [cached]
[cache] RJ239244
[enrich] 9517/10500 RJ239244: tags=6 desc=1942 img=hi [cached]
[cache] RJ269588
[enrich] 9518/10500 RJ269588: tags=6 desc=1027 img=hi [cached]
[cache] RJ365590
[enrich] 9519/10500 RJ365590: tags=6 desc=400 img=hi [cached]
[cache] RJ309365
[enrich] 9520/10500 RJ309365: tags=6 desc=291 img=hi [cached]
[cache] RJ378829
[enrich] 9521/10500 RJ378829: tags=6 desc=1972 img=hi [cached]
[cache] RJ01117118
[enrich] 9522/10500 RJ01117118: tags=6 desc=1505 img=hi [cached]
[cache] RJ147124
[enrich] 9523/10500 RJ147124: tags=6 desc=503 img=hi [cached]
[cache] RJ358478
[enrich] 9524/10500 RJ358478: tags=6 desc=361 img=hi [cached]
[cache] RJ01106158
[enrich] 9525/10500 RJ01106158: tags=6 desc=1186 img=hi [cached]
[save] partial 9525/10500: 10500 works → /workspace/dlsite-promo-site/data/works.json
[cache] RJ146551
[enrich] 9526/10500 RJ146551: tags=6 desc=1767 img=hi [cached]
[cache] RJ01132539
[enrich] 9527/10500 RJ01132539: tags=6 desc=342 img=hi [cached]
[cache] RJ131698
[enrich] 9528/10500 RJ131698: tags=6 desc=3248 img=hi [cached]
[cache] RJ01021862
[enrich] 9529/10500 RJ01021862: tags=6 desc=684 img=hi [cached]
[cache] RJ081295
[enrich] 9530/10500 RJ081295: tags=6 desc=1214 img=hi [cached]
[cache] RJ378557
[enrich] 9531/10500 RJ378557: tags=6 desc=1049 img=hi [cached]
[cache] RJ309773
[enrich] 9532/10500 RJ309773: tags=6 desc=3460 img=hi [cached]
[cache] RJ233372
[enrich] 9533/10500 RJ233372: tags=6 desc=944 img=hi [cached]
[cache] RJ223925
[enrich] 9534/10500 RJ223925: tags=6 desc=589 img=hi [cached]
[cache] RJ361593
[enrich] 9535/10500 RJ361593: tags=6 desc=2131 img=hi [cached]
[cache] RJ205566
[enrich] 9536/10500 RJ205566: tags=6 desc=1091 img=hi [cached]
[cache] RJ377158
[enrich] 9537/10500 RJ377158: tags=6 desc=1190 img=hi [cached]
[cache] RJ138139
[enrich] 9538/10500 RJ138139: tags=5 desc=109 img=hi [cached]
[cache] RJ198014
[enrich] 9539/10500 RJ198014: tags=6 desc=1380 img=hi [cached]
[cache] RJ01100898
[enrich] 9540/10500 RJ01100898: tags=6 desc=1065 img=hi [cached]
[cache] RJ381438
[enrich] 9541/10500 RJ381438: tags=6 desc=729 img=hi [cached]
[cache] RJ202858
[enrich] 9542/10500 RJ202858: tags=6 desc=548 img=hi [cached]
[cache] RJ208520
[enrich] 9543/10500 RJ208520: tags=6 desc=674 img=hi [cached]
[cache] RJ01344992
[enrich] 9544/10500 RJ01344992: tags=5 desc=1196 img=hi [cached]
[cache] RJ01252312
[enrich] 9545/10500 RJ01252312: tags=6 desc=975 img=hi [cached]
[cache] RJ01175511
[enrich] 9546/10500 RJ01175511: tags=6 desc=960 img=hi [cached]
[cache] RJ417217
[enrich] 9547/10500 RJ417217: tags=6 desc=990 img=hi [cached]
[cache] RJ01200244
[enrich] 9548/10500 RJ01200244: tags=6 desc=161 img=hi [cached]
[cache] RJ284806
[enrich] 9549/10500 RJ284806: tags=6 desc=849 img=hi [cached]
[cache] RJ136535
[enrich] 9550/10500 RJ136535: tags=6 desc=339 img=hi [cached]
[save] partial 9550/10500: 10500 works → /workspace/dlsite-promo-site/data/works.json
[cache] RJ295122
[enrich] 9551/10500 RJ295122: tags=6 desc=1132 img=hi [cached]
[cache] RJ01101381
[enrich] 9552/10500 RJ01101381: tags=6 desc=829 img=hi [cached]
[cache] RJ373477
[enrich] 9553/10500 RJ373477: tags=6 desc=202 img=hi [cached]
[cache] RJ128268
[enrich] 9554/10500 RJ128268: tags=6 desc=863 img=hi [cached]
[cache] RJ01312342
[enrich] 9555/10500 RJ01312342: tags=6 desc=236 img=hi [cached]
[cache] RJ01228955
[enrich] 9556/10500 RJ01228955: tags=6 desc=639 img=hi [cached]
[cache] RJ257697
[enrich] 9557/10500 RJ257697: tags=6 desc=2148 img=hi [cached]
[cache] RJ016693
[enrich] 9558/10500 RJ016693: tags=3 desc=342 img=hi [cached]
[cache] RJ132102
[enrich] 9559/10500 RJ132102: tags=6 desc=1283 img=hi [cached]
[cache] RJ328356
[enrich] 9560/10500 RJ328356: tags=6 desc=1505 img=hi [cached]
[cache] RJ204404
[enrich] 9561/10500 RJ204404: tags=6 desc=1026 img=hi [cached]
[cache] RJ432642
[enrich] 9562/10500 RJ432642: tags=6 desc=362 img=hi [cached]
[cache] RJ01054087
[enrich] 9563/10500 RJ01054087: tags=6 desc=1024 img=hi [cached]
[cache] RJ136120
[enrich] 9564/10500 RJ136120: tags=6 desc=575 img=hi [cached]
[cache] RJ179437
[enrich] 9565/10500 RJ179437: tags=6 desc=678 img=hi [cached]
[cache] RJ01181572
[enrich] 9566/10500 RJ01181572: tags=6 desc=943 img=hi [cached]
[cache] RJ291974
[enrich] 9567/10500 RJ291974: tags=5 desc=247 img=hi [cached]
[cache] RJ157136
[enrich] 9568/10500 RJ157136: tags=3 desc=493 img=hi [cached]
[cache] RJ233706
[enrich] 9569/10500 RJ233706: tags=6 desc=286 img=hi [cached]
[cache] RJ137944
[enrich] 9570/10500 RJ137944: tags=6 desc=1560 img=hi [cached]
[cache] RJ01351733
[enrich] 9571/10500 RJ01351733: tags=6 desc=1162 img=hi [cached]
[cache] RJ287025
[enrich] 9572/10500 RJ287025: tags=6 desc=871 img=hi [cached]
[cache] RJ01121650
[enrich] 9573/10500 RJ01121650: tags=6 desc=344 img=hi [cached]
[cache] RJ269745
[enrich] 9574/10500 RJ269745: tags=4 desc=457 img=hi [cached]
[cache] RJ279968
[enrich] 9575/10500 RJ279968: tags=6 desc=869 img=hi [cached]
[save] partial 9575/10500: 10500 works → /workspace/dlsite-promo-site/data/works.json
[cache] RJ312642
[enrich] 9576/10500 RJ312642: tags=6 desc=280 img=hi [cached]
[cache] RJ311662
[enrich] 9577/10500 RJ311662: tags=6 desc=889 img=hi [cached]
[cache] RJ01006970
[enrich] 9578/10500 RJ01006970: tags=6 desc=719 img=hi [cached]
[cache] RJ415256
[enrich] 9579/10500 RJ415256: tags=6 desc=363 img=hi [cached]
[cache] RJ01407183
[enrich] 9580/10500 RJ01407183: tags=6 desc=92 img=hi [cached]
[cache] RJ01222589
[enrich] 9581/10500 RJ01222589: tags=6 desc=487 img=hi [cached]
[cache] RJ01110964
[enrich] 9582/10500 RJ01110964: tags=6 desc=371 img=hi [cached]
[cache] RJ086550
[enrich] 9583/10500 RJ086550: tags=6 desc=787 img=hi [cached]
[cache] RJ01098389
[enrich] 9584/10500 RJ01098389: tags=6 desc=1666 img=hi [cached]
[cache] RJ321643
[enrich] 9585/10500 RJ321643: tags=6 desc=762 img=hi [cached]
[cache] RJ115470
[enrich] 9586/10500 RJ115470: tags=6 desc=148 img=hi [cached]
[cache] RJ291629
[enrich] 9587/10500 RJ291629: tags=6 desc=1465 img=hi [cached]
[cache] RJ331538
[enrich] 9588/10500 RJ331538: tags=6 desc=1988 img=hi [cached]
[cache] RJ196713
[enrich] 9589/10500 RJ196713: tags=6 desc=496 img=hi [cached]
[cache] RJ236820
[enrich] 9590/10500 RJ236820: tags=6 desc=3780 img=hi [cached]
[cache] RJ01134111
[enrich] 9591/10500 RJ01134111: tags=6 desc=282 img=hi [cached]
[cache] RJ01176901
[enrich] 9592/10500 RJ01176901: tags=6 desc=630 img=hi [cached]
[cache] RJ244355
[enrich] 9593/10500 RJ244355: tags=6 desc=594 img=hi [cached]
[cache] RJ01317628
[enrich] 9594/10500 RJ01317628: tags=6 desc=711 img=hi [cached]
[cache] RJ237413
[enrich] 9595/10500 RJ237413: tags=4 desc=192 img=hi [cached]
[cache] RJ01322235
[enrich] 9596/10500 RJ01322235: tags=6 desc=1885 img=hi [cached]
[cache] RJ01236851
[enrich] 9597/10500 RJ01236851: tags=6 desc=505 img=hi [cached]
[cache] RJ138052
[enrich] 9598/10500 RJ138052: tags=6 desc=1064 img=hi [cached]
[cache] RJ324801
[enrich] 9599/10500 RJ324801: tags=6 desc=291 img=hi [cached]
[cache] RJ01106593
[enrich] 9600/10500 RJ01106593: tags=6 desc=2040 img=hi [cached]
[save] partial 9600/10500: 10500 works → /workspace/dlsite-promo-site/data/works.json
[cache] RJ01459374
[enrich] 9601/10500 RJ01459374: tags=6 desc=815 img=hi [cached]
[cache] RJ095489
[enrich] 9602/10500 RJ095489: tags=6 desc=954 img=hi [cached]
[cache] RJ271878
[enrich] 9603/10500 RJ271878: tags=6 desc=664 img=hi [cached]
[cache] RJ284375
[enrich] 9604/10500 RJ284375: tags=6 desc=1167 img=hi [cached]
[cache] RJ01200916
[enrich] 9605/10500 RJ01200916: tags=6 desc=3275 img=hi [cached]
[cache] RJ352204
[enrich] 9606/10500 RJ352204: tags=6 desc=2296 img=hi [cached]
[cache] RJ01259165
[enrich] 9607/10500 RJ01259165: tags=6 desc=1061 img=hi [cached]
[cache] RJ089717
[enrich] 9608/10500 RJ089717: tags=6 desc=584 img=hi [cached]
[cache] RJ065557
[enrich] 9609/10500 RJ065557: tags=4 desc=1154 img=hi [cached]
[cache] RJ103799
[enrich] 9610/10500 RJ103799: tags=6 desc=1024 img=hi [cached]
[cache] RJ01049483
[enrich] 9611/10500 RJ01049483: tags=6 desc=1518 img=hi [cached]
[cache] RJ01103222
[enrich] 9612/10500 RJ01103222: tags=6 desc=575 img=hi [cached]
[cache] RJ429880
[enrich] 9613/10500 RJ429880: tags=6 desc=1549 img=hi [cached]
[cache] RJ087067
[enrich] 9614/10500 RJ087067: tags=6 desc=979 img=hi [cached]
[cache] RJ01181202
[enrich] 9615/10500 RJ01181202: tags=6 desc=2098 img=hi [cached]
[cache] RJ311440
[enrich] 9616/10500 RJ311440: tags=5 desc=635 img=hi [cached]
[cache] RJ01044630
[enrich] 9617/10500 RJ01044630: tags=6 desc=857 img=hi [cached]
[cache] RJ01051748
[enrich] 9618/10500 RJ01051748: tags=6 desc=1857 img=hi [cached]
[cache] RJ01234994
[enrich] 9619/10500 RJ01234994: tags=6 desc=857 img=hi [cached]
[cache] RJ328480
[enrich] 9620/10500 RJ328480: tags=6 desc=390 img=hi [cached]
[cache] RJ306146
[enrich] 9621/10500 RJ306146: tags=6 desc=581 img=hi [cached]
[cache] RJ01406225
[enrich] 9622/10500 RJ01406225: tags=6 desc=1264 img=hi [cached]
[cache] RJ337924
[enrich] 9623/10500 RJ337924: tags=6 desc=1660 img=hi [cached]
[cache] RJ320931
[enrich] 9624/10500 RJ320931: tags=6 desc=3178 img=hi [cached]
[cache] RJ396721
[enrich] 9625/10500 RJ396721: tags=6 desc=723 img=hi [cached]
[save] partial 9625/10500: 10500 works → /workspace/dlsite-promo-site/data/works.json
[cache] RJ389593
[enrich] 9626/10500 RJ389593: tags=6 desc=388 img=hi [cached]
[cache] RJ358257
[enrich] 9627/10500 RJ358257: tags=6 desc=900 img=hi [cached]
[cache] RJ165898
[enrich] 9628/10500 RJ165898: tags=6 desc=1168 img=hi [cached]
[cache] RJ01387726
[enrich] 9629/10500 RJ01387726: tags=6 desc=571 img=hi [cached]
[cache] RJ363298
[enrich] 9630/10500 RJ363298: tags=6 desc=1493 img=hi [cached]
[cache] RJ134684
[enrich] 9631/10500 RJ134684: tags=6 desc=2241 img=hi [cached]
[cache] RJ01178390
[enrich] 9632/10500 RJ01178390: tags=6 desc=1455 img=hi [cached]
[cache] RJ294581
[enrich] 9633/10500 RJ294581: tags=6 desc=1452 img=hi [cached]
[cache] RJ315676
[enrich] 9634/10500 RJ315676: tags=6 desc=508 img=hi [cached]
[cache] RJ208787
[enrich] 9635/10500 RJ208787: tags=6 desc=825 img=hi [cached]
[cache] RJ225297
[enrich] 9636/10500 RJ225297: tags=6 desc=3597 img=hi [cached]
[cache] RJ150234
[enrich] 9637/10500 RJ150234: tags=6 desc=1213 img=hi [cached]
[cache] RJ354496
[enrich] 9638/10500 RJ354496: tags=6 desc=1074 img=hi [cached]
[cache] RJ01267193
[enrich] 9639/10500 RJ01267193: tags=6 desc=169 img=hi [cached]
[cache] RJ126019
[enrich] 9640/10500 RJ126019: tags=6 desc=1899 img=hi [cached]
[cache] RJ01151907
[enrich] 9641/10500 RJ01151907: tags=6 desc=785 img=hi [cached]
[cache] RJ260990
[enrich] 9642/10500 RJ260990: tags=6 desc=811 img=hi [cached]
[cache] RJ190200
[enrich] 9643/10500 RJ190200: tags=6 desc=505 img=hi [cached]
[cache] RJ329482
[enrich] 9644/10500 RJ329482: tags=6 desc=1004 img=hi [cached]
[cache] RJ01407092
[enrich] 9645/10500 RJ01407092: tags=6 desc=745 img=hi [cached]
[cache] RJ131077
[enrich] 9646/10500 RJ131077: tags=6 desc=1149 img=hi [cached]
[cache] RJ01137446
[enrich] 9647/10500 RJ01137446: tags=6 desc=1267 img=hi [cached]
[cache] RJ273120
[enrich] 9648/10500 RJ273120: tags=6 desc=333 img=hi [cached]
[cache] RJ215734
[enrich] 9649/10500 RJ215734: tags=6 desc=194 img=hi [cached]
[cache] RJ01337229
[enrich] 9650/10500 RJ01337229: tags=6 desc=964 img=hi [cached]
[save] partial 9650/10500: 10500 works → /workspace/dlsite-promo-site/data/works.json
[cache] RJ146843
[enrich] 9651/10500 RJ146843: tags=6 desc=643 img=hi [cached]
[cache] RJ225731
[enrich] 9652/10500 RJ225731: tags=2 desc=448 img=hi [cached]
[cache] RJ01014900
[enrich] 9653/10500 RJ01014900: tags=6 desc=104 img=hi [cached]
[cache] RJ246792
[enrich] 9654/10500 RJ246792: tags=6 desc=677 img=hi [cached]
[cache] RJ01315586
[enrich] 9655/10500 RJ01315586: tags=6 desc=649 img=hi [cached]
[cache] RJ172048
[enrich] 9656/10500 RJ172048: tags=5 desc=954 img=hi [cached]
[cache] RJ435381
[enrich] 9657/10500 RJ435381: tags=6 desc=587 img=hi [cached]
[cache] RJ383845
[enrich] 9658/10500 RJ383845: tags=6 desc=717 img=hi [cached]
[cache] RJ159695
[enrich] 9659/10500 RJ159695: tags=6 desc=168 img=hi [cached]
[cache] RJ337435
[enrich] 9660/10500 RJ337435: tags=6 desc=776 img=hi [cached]
[cache] RJ01208817
[enrich] 9661/10500 RJ01208817: tags=6 desc=766 img=hi [cached]
[cache] RJ190739
[enrich] 9662/10500 RJ190739: tags=6 desc=781 img=hi [cached]
[cache] RJ145726
[enrich] 9663/10500 RJ145726: tags=6 desc=855 img=hi [cached]
[enrich] 9664/10500 RJ01026506: tags=0 desc=8 img=hi
[cache] RJ013899
[enrich] 9665/10500 RJ013899: tags=6 desc=386 img=hi [cached]
[cache] RJ415680
[enrich] 9666/10500 RJ415680: tags=6 desc=1940 img=hi [cached]
[cache] RJ155385
[enrich] 9667/10500 RJ155385: tags=6 desc=891 img=hi [cached]
[cache] RJ01306584
[enrich] 9668/10500 RJ01306584: tags=6 desc=1220 img=hi [cached]
[cache] RJ248430
[enrich] 9669/10500 RJ248430: tags=6 desc=909 img=hi [cached]
[cache] RJ01153473
[enrich] 9670/10500 RJ01153473: tags=6 desc=278 img=hi [cached]
[cache] RJ383022
[enrich] 9671/10500 RJ383022: tags=6 desc=717 img=hi [cached]
[cache] RJ273197
[enrich] 9672/10500 RJ273197: tags=6 desc=772 img=hi [cached]
[cache] RJ180795
[enrich] 9673/10500 RJ180795: tags=6 desc=1742 img=hi [cached]
[cache] RJ01023920
[enrich] 9674/10500 RJ01023920: tags=6 desc=3282 img=hi [cached]
[cache] RJ170963
[enrich] 9675/10500 RJ170963: tags=6 desc=2319 img=hi [cached]
[save] partial 9675/10500: 10500 works → /workspace/dlsite-promo-site/data/works.json
[cache] RJ01395269
[enrich] 9676/10500 RJ01395269: tags=6 desc=1490 img=hi [cached]
[cache] RJ01377007
[enrich] 9677/10500 RJ01377007: tags=6 desc=972 img=hi [cached]
[cache] RJ320300
[enrich] 9678/10500 RJ320300: tags=6 desc=663 img=hi [cached]
[cache] RJ333113
[enrich] 9679/10500 RJ333113: tags=6 desc=1607 img=hi [cached]
[cache] RJ388373
[enrich] 9680/10500 RJ388373: tags=6 desc=711 img=hi [cached]
[cache] RJ256812
[enrich] 9681/10500 RJ256812: tags=6 desc=614 img=hi [cached]
[cache] RJ137447
[enrich] 9682/10500 RJ137447: tags=6 desc=2410 img=hi [cached]
[cache] RJ175399
[enrich] 9683/10500 RJ175399: tags=6 desc=1130 img=hi [cached]
[cache] RJ245859
[enrich] 9684/10500 RJ245859: tags=6 desc=1989 img=hi [cached]
[cache] RJ01098415
[enrich] 9685/10500 RJ01098415: tags=6 desc=1348 img=hi [cached]
[cache] RJ01207277
[enrich] 9686/10500 RJ01207277: tags=6 desc=730 img=hi [cached]
[cache] RJ284439
[enrich] 9687/10500 RJ284439: tags=6 desc=2013 img=hi [cached]
[cache] RJ273459
[enrich] 9688/10500 RJ273459: tags=6 desc=1095 img=hi [cached]
[cache] RJ01055794
[enrich] 9689/10500 RJ01055794: tags=6 desc=686 img=hi [cached]
[cache] RJ220443
[enrich] 9690/10500 RJ220443: tags=6 desc=901 img=hi [cached]
[cache] RJ270106
[enrich] 9691/10500 RJ270106: tags=6 desc=1926 img=hi [cached]
[cache] RJ221052
[enrich] 9692/10500 RJ221052: tags=6 desc=2588 img=hi [cached]
[cache] RJ01041845
[enrich] 9693/10500 RJ01041845: tags=6 desc=363 img=hi [cached]
[cache] RJ270815
[enrich] 9694/10500 RJ270815: tags=6 desc=2252 img=hi [cached]
[cache] RJ01072177
[enrich] 9695/10500 RJ01072177: tags=6 desc=1525 img=hi [cached]
[cache] RJ01163013
[enrich] 9696/10500 RJ01163013: tags=6 desc=2090 img=hi [cached]
[cache] RJ01257990
[enrich] 9697/10500 RJ01257990: tags=6 desc=885 img=hi [cached]
[cache] RJ01474906
[enrich] 9698/10500 RJ01474906: tags=6 desc=1280 img=hi [cached]
[cache] RJ201957
[enrich] 9699/10500 RJ201957: tags=6 desc=723 img=hi [cached]
[cache] RJ217826
[enrich] 9700/10500 RJ217826: tags=6 desc=1970 img=hi [cached]
[save] partial 9700/10500: 10500 works → /workspace/dlsite-promo-site/data/works.json
[cache] RJ257125
[enrich] 9701/10500 RJ257125: tags=6 desc=615 img=hi [cached]
[cache] RJ308802
[enrich] 9702/10500 RJ308802: tags=6 desc=1012 img=hi [cached]
[cache] RJ141482
[enrich] 9703/10500 RJ141482: tags=6 desc=823 img=hi [cached]
[cache] RJ127138
[enrich] 9704/10500 RJ127138: tags=5 desc=536 img=hi [cached]
[cache] RJ434944
[enrich] 9705/10500 RJ434944: tags=6 desc=1564 img=hi [cached]
[cache] RJ407310
[enrich] 9706/10500 RJ407310: tags=6 desc=717 img=hi [cached]
[cache] RJ318368
[enrich] 9707/10500 RJ318368: tags=6 desc=646 img=hi [cached]
[cache] RJ280179
[enrich] 9708/10500 RJ280179: tags=6 desc=1390 img=hi [cached]
[cache] RJ388374
[enrich] 9709/10500 RJ388374: tags=6 desc=560 img=hi [cached]
[cache] RJ01305436
[enrich] 9710/10500 RJ01305436: tags=6 desc=298 img=hi [cached]
[cache] RJ246202
[enrich] 9711/10500 RJ246202: tags=6 desc=808 img=hi [cached]
[cache] RJ289049
[enrich] 9712/10500 RJ289049: tags=6 desc=790 img=hi [cached]
[cache] RJ01380288
[enrich] 9713/10500 RJ01380288: tags=6 desc=618 img=hi [cached]
[cache] RJ308877
[enrich] 9714/10500 RJ308877: tags=6 desc=571 img=hi [cached]
[cache] RJ164325
[enrich] 9715/10500 RJ164325: tags=5 desc=1711 img=hi [cached]
[cache] RJ274236
[enrich] 9716/10500 RJ274236: tags=6 desc=2448 img=hi [cached]
[cache] RJ212620
[enrich] 9717/10500 RJ212620: tags=6 desc=1725 img=hi [cached]
[cache] RJ194726
[enrich] 9718/10500 RJ194726: tags=6 desc=659 img=hi [cached]
[cache] RJ217876
[enrich] 9719/10500 RJ217876: tags=6 desc=1453 img=hi [cached]
[cache] RJ272367
[enrich] 9720/10500 RJ272367: tags=6 desc=736 img=hi [cached]
[cache] RJ290996
[enrich] 9721/10500 RJ290996: tags=6 desc=476 img=hi [cached]
[cache] RJ415429
[enrich] 9722/10500 RJ415429: tags=6 desc=1137 img=hi [cached]
[cache] RJ197619
[enrich] 9723/10500 RJ197619: tags=6 desc=693 img=hi [cached]
[cache] RJ088540
[enrich] 9724/10500 RJ088540: tags=6 desc=1091 img=hi [cached]
[cache] RJ01272019
[enrich] 9725/10500 RJ01272019: tags=6 desc=584 img=hi [cached]
[save] partial 9725/10500: 10500 works → /workspace/dlsite-promo-site/data/works.json
[cache] RJ01268655
[enrich] 9726/10500 RJ01268655: tags=6 desc=548 img=hi [cached]
[cache] RJ204320
[enrich] 9727/10500 RJ204320: tags=6 desc=605 img=hi [cached]
[cache] RJ01023407
[enrich] 9728/10500 RJ01023407: tags=6 desc=680 img=hi [cached]
[cache] RJ01160412
[enrich] 9729/10500 RJ01160412: tags=6 desc=957 img=hi [cached]
[cache] RJ01049094
[enrich] 9730/10500 RJ01049094: tags=6 desc=1460 img=hi [cached]
[cache] RJ126382
[enrich] 9731/10500 RJ126382: tags=6 desc=586 img=hi [cached]
[cache] RJ01394379
[enrich] 9732/10500 RJ01394379: tags=6 desc=517 img=hi [cached]
[cache] RJ201140
[enrich] 9733/10500 RJ201140: tags=4 desc=576 img=hi [cached]
[cache] RJ01055361
[enrich] 9734/10500 RJ01055361: tags=6 desc=1852 img=hi [cached]
[cache] RJ01071190
[enrich] 9735/10500 RJ01071190: tags=6 desc=1440 img=hi [cached]
[cache] RJ305302
[enrich] 9736/10500 RJ305302: tags=6 desc=2126 img=hi [cached]
[cache] RJ01375189
[enrich] 9737/10500 RJ01375189: tags=6 desc=1143 img=hi [cached]
[cache] RJ268713
[enrich] 9738/10500 RJ268713: tags=6 desc=984 img=hi [cached]
[cache] RJ130835
[enrich] 9739/10500 RJ130835: tags=6 desc=1504 img=hi [cached]
[cache] RJ01448226
[enrich] 9740/10500 RJ01448226: tags=6 desc=425 img=hi [cached]
[cache] RJ01150172
[enrich] 9741/10500 RJ01150172: tags=6 desc=1600 img=hi [cached]
[cache] RJ330126
[enrich] 9742/10500 RJ330126: tags=6 desc=256 img=hi [cached]
[cache] RJ154928
[enrich] 9743/10500 RJ154928: tags=5 desc=1672 img=hi [cached]
[cache] RJ01064780
[enrich] 9744/10500 RJ01064780: tags=6 desc=145 img=hi [cached]
[cache] RJ01119288
[enrich] 9745/10500 RJ01119288: tags=6 desc=272 img=hi [cached]
[cache] RJ01121299
[enrich] 9746/10500 RJ01121299: tags=6 desc=2758 img=hi [cached]
[cache] RJ431013
[enrich] 9747/10500 RJ431013: tags=6 desc=396 img=hi [cached]
[cache] RJ317779
[enrich] 9748/10500 RJ317779: tags=6 desc=2168 img=hi [cached]
[cache] RJ264858
[enrich] 9749/10500 RJ264858: tags=6 desc=1171 img=hi [cached]
[cache] RJ01074892
[enrich] 9750/10500 RJ01074892: tags=6 desc=1271 img=hi [cached]
[save] partial 9750/10500: 10500 works → /workspace/dlsite-promo-site/data/works.json
[cache] RJ01380674
[enrich] 9751/10500 RJ01380674: tags=6 desc=582 img=hi [cached]
[cache] RJ150929
[enrich] 9752/10500 RJ150929: tags=6 desc=532 img=hi [cached]
[cache] RJ01123118
[enrich] 9753/10500 RJ01123118: tags=6 desc=1193 img=hi [cached]
[cache] RJ302205
[enrich] 9754/10500 RJ302205: tags=6 desc=1110 img=hi [cached]
[cache] RJ01071176
[enrich] 9755/10500 RJ01071176: tags=6 desc=1615 img=hi [cached]
[cache] RJ256859
[enrich] 9756/10500 RJ256859: tags=6 desc=1696 img=hi [cached]
[cache] RJ324587
[enrich] 9757/10500 RJ324587: tags=6 desc=806 img=hi [cached]
[cache] RJ01336041
[enrich] 9758/10500 RJ01336041: tags=6 desc=559 img=hi [cached]
[cache] RJ368036
[enrich] 9759/10500 RJ368036: tags=6 desc=347 img=hi [cached]
[cache] RJ01027267
[enrich] 9760/10500 RJ01027267: tags=6 desc=830 img=hi [cached]
[cache] RJ01178431
[enrich] 9761/10500 RJ01178431: tags=6 desc=669 img=hi [cached]
[cache] RJ431404
[enrich] 9762/10500 RJ431404: tags=6 desc=370 img=hi [cached]
[cache] RJ01086779
[enrich] 9763/10500 RJ01086779: tags=5 desc=222 img=hi [cached]
[cache] RJ01080984
[enrich] 9764/10500 RJ01080984: tags=6 desc=391 img=hi [cached]
[cache] RJ01008526
[enrich] 9765/10500 RJ01008526: tags=6 desc=152 img=hi [cached]
[cache] RJ290660
[enrich] 9766/10500 RJ290660: tags=6 desc=516 img=hi [cached]
[cache] RJ01074416
[enrich] 9767/10500 RJ01074416: tags=4 desc=664 img=hi [cached]
[cache] RJ01206946
[enrich] 9768/10500 RJ01206946: tags=3 desc=615 img=hi [cached]
[cache] RJ01521886
[enrich] 9769/10500 RJ01521886: tags=6 desc=960 img=hi [cached]
[cache] RJ01013700
[enrich] 9770/10500 RJ01013700: tags=6 desc=92 img=hi [cached]
[cache] RJ388967
[enrich] 9771/10500 RJ388967: tags=6 desc=536 img=hi [cached]
[cache] RJ322316
[enrich] 9772/10500 RJ322316: tags=6 desc=169 img=hi [cached]
[cache] RJ415471
[enrich] 9773/10500 RJ415471: tags=3 desc=132 img=hi [cached]
[cache] RJ074105
[enrich] 9774/10500 RJ074105: tags=5 desc=605 img=hi [cached]
[cache] RJ01141253
[enrich] 9775/10500 RJ01141253: tags=6 desc=1297 img=hi [cached]
[save] partial 9775/10500: 10500 works → /workspace/dlsite-promo-site/data/works.json
[cache] RJ01106188
[enrich] 9776/10500 RJ01106188: tags=6 desc=268 img=hi [cached]
[cache] RJ391905
[enrich] 9777/10500 RJ391905: tags=6 desc=1434 img=hi [cached]
[cache] RJ251141
[enrich] 9778/10500 RJ251141: tags=6 desc=240 img=hi [cached]
[cache] RJ01118585
[enrich] 9779/10500 RJ01118585: tags=6 desc=209 img=hi [cached]
[cache] RJ01033354
[enrich] 9780/10500 RJ01033354: tags=6 desc=955 img=hi [cached]
[cache] RJ262444
[enrich] 9781/10500 RJ262444: tags=6 desc=347 img=hi [cached]
[cache] RJ01137541
[enrich] 9782/10500 RJ01137541: tags=5 desc=164 img=hi [cached]
[cache] RJ281203
[enrich] 9783/10500 RJ281203: tags=6 desc=87 img=hi [cached]
[cache] RJ218445
[enrich] 9784/10500 RJ218445: tags=6 desc=372 img=hi [cached]
[cache] RJ302239
[enrich] 9785/10500 RJ302239: tags=6 desc=524 img=hi [cached]
[cache] RJ01097714
[enrich] 9786/10500 RJ01097714: tags=6 desc=792 img=hi [cached]
[cache] RJ01102369
[enrich] 9787/10500 RJ01102369: tags=6 desc=355 img=hi [cached]
[cache] RJ012109
[enrich] 9788/10500 RJ012109: tags=1 desc=182 img=hi [cached]
[cache] RJ369420
[enrich] 9789/10500 RJ369420: tags=2 desc=40 img=hi [cached]
[cache] RJ143649
[enrich] 9790/10500 RJ143649: tags=6 desc=292 img=hi [cached]
[cache] RJ01174655
[enrich] 9791/10500 RJ01174655: tags=6 desc=632 img=hi [cached]
[cache] RJ314227
[enrich] 9792/10500 RJ314227: tags=6 desc=116 img=hi [cached]
[cache] RJ01303610
[enrich] 9793/10500 RJ01303610: tags=6 desc=339 img=hi [cached]
[cache] RJ420934
[enrich] 9794/10500 RJ420934: tags=6 desc=614 img=hi [cached]
[cache] RJ405835
[enrich] 9795/10500 RJ405835: tags=6 desc=218 img=hi [cached]
[cache] RJ01093654
[enrich] 9796/10500 RJ01093654: tags=6 desc=1521 img=hi [cached]
[cache] RJ401802
[enrich] 9797/10500 RJ401802: tags=6 desc=263 img=hi [cached]
[cache] RJ286405
[enrich] 9798/10500 RJ286405: tags=2 desc=84 img=hi [cached]
[cache] RJ01401118
[enrich] 9799/10500 RJ01401118: tags=6 desc=192 img=hi [cached]
[cache] RJ01158222
[enrich] 9800/10500 RJ01158222: tags=6 desc=163 img=hi [cached]
[save] partial 9800/10500: 10500 works → /workspace/dlsite-promo-site/data/works.json
[cache] RJ144951
[enrich] 9801/10500 RJ144951: tags=6 desc=467 img=hi [cached]
[cache] RJ01448543
[enrich] 9802/10500 RJ01448543: tags=6 desc=248 img=hi [cached]
[cache] RJ01457385
[enrich] 9803/10500 RJ01457385: tags=6 desc=210 img=hi [cached]
[cache] RJ283134
[enrich] 9804/10500 RJ283134: tags=6 desc=174 img=hi [cached]
[cache] RJ01225097
[enrich] 9805/10500 RJ01225097: tags=6 desc=826 img=hi [cached]
[cache] RJ207070
[enrich] 9806/10500 RJ207070: tags=5 desc=239 img=hi [cached]
[cache] RJ433083
[enrich] 9807/10500 RJ433083: tags=6 desc=434 img=hi [cached]
[cache] RJ01281543
[enrich] 9808/10500 RJ01281543: tags=6 desc=283 img=hi [cached]
[cache] RJ01008233
[enrich] 9809/10500 RJ01008233: tags=6 desc=141 img=hi [cached]
[cache] RJ365119
[enrich] 9810/10500 RJ365119: tags=6 desc=234 img=hi [cached]
[cache] RJ01203627
[enrich] 9811/10500 RJ01203627: tags=6 desc=282 img=hi [cached]
[cache] RJ01098533
[enrich] 9812/10500 RJ01098533: tags=6 desc=111 img=hi [cached]
[cache] RJ392031
[enrich] 9813/10500 RJ392031: tags=6 desc=130 img=hi [cached]
[cache] RJ297653
[enrich] 9814/10500 RJ297653: tags=6 desc=172 img=hi [cached]
[cache] RJ01238338
[enrich] 9815/10500 RJ01238338: tags=6 desc=565 img=hi [cached]
[cache] RJ01210587
[enrich] 9816/10500 RJ01210587: tags=6 desc=60 img=hi [cached]
[cache] RJ418379
[enrich] 9817/10500 RJ418379: tags=6 desc=183 img=hi [cached]
[cache] RJ01067509
[enrich] 9818/10500 RJ01067509: tags=5 desc=263 img=hi [cached]
[cache] RJ01244894
[enrich] 9819/10500 RJ01244894: tags=6 desc=97 img=hi [cached]
[cache] RJ01070760
[enrich] 9820/10500 RJ01070760: tags=6 desc=336 img=hi [cached]
[cache] RJ437526
[enrich] 9821/10500 RJ437526: tags=6 desc=644 img=hi [cached]
[cache] RJ01137414
[enrich] 9822/10500 RJ01137414: tags=6 desc=520 img=hi [cached]
[cache] RJ221632
[enrich] 9823/10500 RJ221632: tags=6 desc=487 img=hi [cached]
[cache] RJ022177
[enrich] 9824/10500 RJ022177: tags=3 desc=141 img=hi [cached]
[cache] RJ298843
[enrich] 9825/10500 RJ298843: tags=6 desc=227 img=hi [cached]
[save] partial 9825/10500: 10500 works → /workspace/dlsite-promo-site/data/works.json
[cache] RJ01299007
[enrich] 9826/10500 RJ01299007: tags=6 desc=313 img=hi [cached]
[cache] RJ01275822
[enrich] 9827/10500 RJ01275822: tags=6 desc=156 img=hi [cached]
[cache] RJ407346
[enrich] 9828/10500 RJ407346: tags=6 desc=184 img=hi [cached]
[cache] RJ370901
[enrich] 9829/10500 RJ370901: tags=6 desc=172 img=hi [cached]
[cache] RJ360233
[enrich] 9830/10500 RJ360233: tags=6 desc=264 img=hi [cached]
[cache] RJ263956
[enrich] 9831/10500 RJ263956: tags=3 desc=716 img=hi [cached]
[cache] RJ437010
[enrich] 9832/10500 RJ437010: tags=6 desc=316 img=hi [cached]
[cache] RJ01182158
[enrich] 9833/10500 RJ01182158: tags=6 desc=2167 img=hi [cached]
[cache] RJ226417
[enrich] 9834/10500 RJ226417: tags=6 desc=459 img=hi [cached]
[cache] RJ01205785
[enrich] 9835/10500 RJ01205785: tags=6 desc=526 img=hi [cached]
[cache] RJ297098
[enrich] 9836/10500 RJ297098: tags=6 desc=167 img=hi [cached]
[cache] RJ433096
[enrich] 9837/10500 RJ433096: tags=6 desc=505 img=hi [cached]
[cache] RJ01355161
[enrich] 9838/10500 RJ01355161: tags=6 desc=505 img=hi [cached]
[cache] RJ177941
[enrich] 9839/10500 RJ177941: tags=6 desc=887 img=hi [cached]
[cache] RJ01056924
[enrich] 9840/10500 RJ01056924: tags=6 desc=265 img=hi [cached]
[cache] RJ01086103
[enrich] 9841/10500 RJ01086103: tags=6 desc=501 img=hi [cached]
[cache] RJ01341938
[enrich] 9842/10500 RJ01341938: tags=5 desc=299 img=hi [cached]
[cache] RJ387305
[enrich] 9843/10500 RJ387305: tags=6 desc=458 img=hi [cached]
[cache] RJ01234418
[enrich] 9844/10500 RJ01234418: tags=6 desc=420 img=hi [cached]
[cache] RJ370211
[enrich] 9845/10500 RJ370211: tags=6 desc=238 img=hi [cached]
[cache] RJ337580
[enrich] 9846/10500 RJ337580: tags=6 desc=907 img=hi [cached]
[cache] RJ01398943
[enrich] 9847/10500 RJ01398943: tags=6 desc=99 img=hi [cached]
[cache] RJ01298876
[enrich] 9848/10500 RJ01298876: tags=6 desc=1370 img=hi [cached]
[cache] RJ01044555
[enrich] 9849/10500 RJ01044555: tags=6 desc=286 img=hi [cached]
[cache] RJ01111571
[enrich] 9850/10500 RJ01111571: tags=6 desc=205 img=hi [cached]
[save] partial 9850/10500: 10500 works → /workspace/dlsite-promo-site/data/works.json
[cache] RJ01092646
[enrich] 9851/10500 RJ01092646: tags=6 desc=680 img=hi [cached]
[cache] RJ01244070
[enrich] 9852/10500 RJ01244070: tags=6 desc=300 img=hi [cached]
[cache] RJ057942
[enrich] 9853/10500 RJ057942: tags=6 desc=504 img=hi [cached]
[cache] RJ01144724
[enrich] 9854/10500 RJ01144724: tags=6 desc=298 img=hi [cached]
[cache] RJ069435
[enrich] 9855/10500 RJ069435: tags=5 desc=300 img=hi [cached]
[cache] RJ01024494
[enrich] 9856/10500 RJ01024494: tags=6 desc=351 img=hi [cached]
[cache] RJ090546
[enrich] 9857/10500 RJ090546: tags=6 desc=1287 img=hi [cached]
[cache] RJ01286028
[enrich] 9858/10500 RJ01286028: tags=6 desc=349 img=hi [cached]
[cache] RJ233496
[enrich] 9859/10500 RJ233496: tags=6 desc=374 img=hi [cached]
[cache] RJ193455
[enrich] 9860/10500 RJ193455: tags=6 desc=231 img=hi [cached]
[cache] RJ01132269
[enrich] 9861/10500 RJ01132269: tags=6 desc=187 img=hi [cached]
[cache] RJ01142255
[enrich] 9862/10500 RJ01142255: tags=5 desc=92 img=hi [cached]
[cache] RJ308363
[enrich] 9863/10500 RJ308363: tags=6 desc=929 img=hi [cached]
[enrich] 9864/10500 RJ01121859: tags=0 desc=8 img=hi
[cache] RJ01220265
[enrich] 9865/10500 RJ01220265: tags=6 desc=1764 img=hi [cached]
[cache] RJ01222427
[enrich] 9866/10500 RJ01222427: tags=6 desc=1701 img=hi [cached]
[cache] RJ211777
[enrich] 9867/10500 RJ211777: tags=6 desc=610 img=hi [cached]
[cache] RJ081360
[enrich] 9868/10500 RJ081360: tags=6 desc=915 img=hi [cached]
[cache] RJ214112
[enrich] 9869/10500 RJ214112: tags=6 desc=1246 img=hi [cached]
[cache] RJ106956
[enrich] 9870/10500 RJ106956: tags=6 desc=1026 img=hi [cached]
[cache] RJ186829
[enrich] 9871/10500 RJ186829: tags=6 desc=319 img=hi [cached]
[cache] RJ308526
[enrich] 9872/10500 RJ308526: tags=6 desc=585 img=hi [cached]
[cache] RJ208246
[enrich] 9873/10500 RJ208246: tags=6 desc=1690 img=hi [cached]
[cache] RJ056594
[enrich] 9874/10500 RJ056594: tags=6 desc=442 img=hi [cached]
[cache] RJ100008
[enrich] 9875/10500 RJ100008: tags=6 desc=1295 img=hi [cached]
[save] partial 9875/10500: 10500 works → /workspace/dlsite-promo-site/data/works.json
[cache] RJ215722
[enrich] 9876/10500 RJ215722: tags=5 desc=906 img=hi [cached]
[cache] RJ117028
[enrich] 9877/10500 RJ117028: tags=6 desc=2735 img=hi [cached]
[cache] RJ289204
[enrich] 9878/10500 RJ289204: tags=6 desc=740 img=hi [cached]
[cache] RJ01313478
[enrich] 9879/10500 RJ01313478: tags=6 desc=365 img=hi [cached]
[cache] RJ161973
[enrich] 9880/10500 RJ161973: tags=6 desc=614 img=hi [cached]
[cache] RJ165072
[enrich] 9881/10500 RJ165072: tags=6 desc=1004 img=hi [cached]
[cache] RJ01283499
[enrich] 9882/10500 RJ01283499: tags=6 desc=1025 img=hi [cached]
[cache] RJ01252613
[enrich] 9883/10500 RJ01252613: tags=6 desc=1236 img=hi [cached]
[cache] RJ202592
[enrich] 9884/10500 RJ202592: tags=6 desc=3236 img=hi [cached]
[cache] RJ316274
[enrich] 9885/10500 RJ316274: tags=6 desc=633 img=hi [cached]
[cache] RJ01345889
[enrich] 9886/10500 RJ01345889: tags=6 desc=948 img=hi [cached]
[cache] RJ095760
[enrich] 9887/10500 RJ095760: tags=6 desc=1160 img=hi [cached]
[cache] RJ151607
[enrich] 9888/10500 RJ151607: tags=6 desc=961 img=hi [cached]
[cache] RJ01123703
[enrich] 9889/10500 RJ01123703: tags=6 desc=1078 img=hi [cached]
[cache] RJ266327
[enrich] 9890/10500 RJ266327: tags=6 desc=793 img=hi [cached]
[cache] RJ022842
[enrich] 9891/10500 RJ022842: tags=6 desc=609 img=hi [cached]
[cache] RJ01003428
[enrich] 9892/10500 RJ01003428: tags=6 desc=55 img=hi [cached]
[cache] RJ269953
[enrich] 9893/10500 RJ269953: tags=4 desc=779 img=hi [cached]
[cache] RJ016261
[enrich] 9894/10500 RJ016261: tags=2 desc=686 img=hi [cached]
[cache] RJ255975
[enrich] 9895/10500 RJ255975: tags=6 desc=1470 img=hi [cached]
[cache] RJ013851
[enrich] 9896/10500 RJ013851: tags=3 desc=272 img=hi [cached]
[cache] RJ014121
[enrich] 9897/10500 RJ014121: tags=4 desc=467 img=hi [cached]
[cache] RJ118202
[enrich] 9898/10500 RJ118202: tags=6 desc=1031 img=hi [cached]
[cache] RJ153210
[enrich] 9899/10500 RJ153210: tags=4 desc=1153 img=hi [cached]
[cache] RJ01312461
[enrich] 9900/10500 RJ01312461: tags=6 desc=1164 img=hi [cached]
[save] partial 9900/10500: 10500 works → /workspace/dlsite-promo-site/data/works.json
[cache] RJ117178
[enrich] 9901/10500 RJ117178: tags=6 desc=1725 img=hi [cached]
[cache] RJ01047424
[enrich] 9902/10500 RJ01047424: tags=6 desc=780 img=hi [cached]
[cache] RJ137780
[enrich] 9903/10500 RJ137780: tags=6 desc=982 img=hi [cached]
[cache] RJ117794
[enrich] 9904/10500 RJ117794: tags=6 desc=583 img=hi [cached]
[cache] RJ126113
[enrich] 9905/10500 RJ126113: tags=6 desc=424 img=hi [cached]
[cache] RJ042798
[enrich] 9906/10500 RJ042798: tags=6 desc=451 img=hi [cached]
[cache] RJ188734
[enrich] 9907/10500 RJ188734: tags=6 desc=620 img=hi [cached]
[cache] RJ194385
[enrich] 9908/10500 RJ194385: tags=5 desc=765 img=hi [cached]
[cache] RJ197014
[enrich] 9909/10500 RJ197014: tags=6 desc=1438 img=hi [cached]
[cache] RJ095944
[enrich] 9910/10500 RJ095944: tags=6 desc=1055 img=hi [cached]
[cache] RJ069950
[enrich] 9911/10500 RJ069950: tags=6 desc=1901 img=hi [cached]
[cache] RJ01115808
[enrich] 9912/10500 RJ01115808: tags=6 desc=1379 img=hi [cached]
[cache] RJ105452
[enrich] 9913/10500 RJ105452: tags=6 desc=690 img=hi [cached]
[cache] RJ360464
[enrich] 9914/10500 RJ360464: tags=4 desc=379 img=hi [cached]
[cache] RJ224037
[enrich] 9915/10500 RJ224037: tags=6 desc=862 img=hi [cached]
[cache] RJ350820
[enrich] 9916/10500 RJ350820: tags=6 desc=580 img=hi [cached]
[cache] RJ028360
[enrich] 9917/10500 RJ028360: tags=6 desc=633 img=hi [cached]
[cache] RJ132987
[enrich] 9918/10500 RJ132987: tags=6 desc=1415 img=hi [cached]
[cache] RJ054616
[enrich] 9919/10500 RJ054616: tags=6 desc=584 img=hi [cached]
[cache] RJ094228
[enrich] 9920/10500 RJ094228: tags=6 desc=1332 img=hi [cached]
[cache] RJ01035544
[enrich] 9921/10500 RJ01035544: tags=6 desc=1894 img=hi [cached]
[cache] RJ307838
[enrich] 9922/10500 RJ307838: tags=6 desc=347 img=hi [cached]
[cache] RJ090148
[enrich] 9923/10500 RJ090148: tags=6 desc=971 img=hi [cached]
[cache] RJ054807
[enrich] 9924/10500 RJ054807: tags=6 desc=1099 img=hi [cached]
[cache] RJ126633
[enrich] 9925/10500 RJ126633: tags=6 desc=1951 img=hi [cached]
[save] partial 9925/10500: 10500 works → /workspace/dlsite-promo-site/data/works.json
[cache] RJ072925
[enrich] 9926/10500 RJ072925: tags=6 desc=394 img=hi [cached]
[cache] RJ048860
[enrich] 9927/10500 RJ048860: tags=6 desc=806 img=hi [cached]
[cache] RJ028722
[enrich] 9928/10500 RJ028722: tags=6 desc=209 img=hi [cached]
[cache] RJ181514
[enrich] 9929/10500 RJ181514: tags=6 desc=486 img=hi [cached]
[cache] RJ262908
[enrich] 9930/10500 RJ262908: tags=6 desc=1148 img=hi [cached]
[cache] RJ308502
[enrich] 9931/10500 RJ308502: tags=6 desc=920 img=hi [cached]
[cache] RJ135840
[enrich] 9932/10500 RJ135840: tags=6 desc=464 img=hi [cached]
[cache] RJ218484
[enrich] 9933/10500 RJ218484: tags=6 desc=779 img=hi [cached]
[cache] RJ007838
[enrich] 9934/10500 RJ007838: tags=3 desc=166 img=hi [cached]
[cache] RJ110700
[enrich] 9935/10500 RJ110700: tags=6 desc=805 img=hi [cached]
[cache] RJ211353
[enrich] 9936/10500 RJ211353: tags=6 desc=993 img=hi [cached]
[cache] RJ253321
[enrich] 9937/10500 RJ253321: tags=6 desc=693 img=hi [cached]
[cache] RJ039495
[enrich] 9938/10500 RJ039495: tags=6 desc=851 img=hi [cached]
[cache] RJ137959
[enrich] 9939/10500 RJ137959: tags=5 desc=1474 img=hi [cached]
[cache] RJ074045
[enrich] 9940/10500 RJ074045: tags=6 desc=1111 img=hi [cached]
[cache] RJ097640
[enrich] 9941/10500 RJ097640: tags=6 desc=991 img=hi [cached]
[enrich] 9942/10500 RJ01035104: tags=0 desc=8 img=hi
[cache] RJ147151
[enrich] 9943/10500 RJ147151: tags=6 desc=622 img=hi [cached]
[cache] RJ407061
[enrich] 9944/10500 RJ407061: tags=6 desc=2890 img=hi [cached]
[cache] RJ236148
[enrich] 9945/10500 RJ236148: tags=6 desc=1345 img=hi [cached]
[cache] RJ007649
[enrich] 9946/10500 RJ007649: tags=0 desc=240 img=hi [cached]
[cache] RJ157381
[enrich] 9947/10500 RJ157381: tags=6 desc=491 img=hi [cached]
[cache] RJ104205
[enrich] 9948/10500 RJ104205: tags=6 desc=2123 img=hi [cached]
[cache] RJ086258
[enrich] 9949/10500 RJ086258: tags=6 desc=2557 img=hi [cached]
[cache] RJ051489
[enrich] 9950/10500 RJ051489: tags=6 desc=195 img=hi [cached]
[save] partial 9950/10500: 10500 works → /workspace/dlsite-promo-site/data/works.json
[enrich] 9951/10500 RJ138382: tags=5 desc=1104 img=hi
[enrich] 9952/10500 RJ174345: tags=6 desc=281 img=hi
[enrich] 9953/10500 RJ048451: tags=6 desc=1253 img=hi
[enrich] 9954/10500 RJ181268: tags=6 desc=821 img=hi
[enrich] 9955/10500 RJ241477: tags=5 desc=655 img=hi
[enrich] 9956/10500 RJ045059: tags=6 desc=611 img=hi
[enrich] 9957/10500 RJ033253: tags=6 desc=344 img=hi
[enrich] 9958/10500 RJ158745: tags=6 desc=1493 img=hi
[enrich] 9959/10500 RJ058528: tags=6 desc=841 img=hi
[enrich] 9960/10500 RJ314848: tags=6 desc=2077 img=hi
[enrich] 9961/10500 RJ340939: tags=6 desc=216 img=hi
[enrich] 9962/10500 RJ007975: tags=4 desc=193 img=hi
[enrich] 9963/10500 RJ154415: tags=6 desc=530 img=hi
[enrich] 9964/10500 RJ086631: tags=6 desc=965 img=hi
[enrich] 9965/10500 RJ087177: tags=6 desc=1166 img=hi
[enrich] 9966/10500 RJ271624: tags=6 desc=780 img=hi
[enrich] 9967/10500 RJ049740: tags=6 desc=519 img=hi
[enrich] 9968/10500 RJ093457: tags=6 desc=470 img=hi
[enrich] 9969/10500 RJ055627: tags=6 desc=1051 img=hi
[enrich] 9970/10500 RJ074656: tags=6 desc=941 img=hi
[enrich] 9971/10500 RJ205281: tags=3 desc=182 img=hi
[enrich] 9972/10500 RJ094086: tags=6 desc=1704 img=hi
[enrich] 9973/10500 RJ024226: tags=6 desc=189 img=hi
[enrich] 9974/10500 RJ133118: tags=6 desc=1319 img=hi
[enrich] 9975/10500 RJ107657: tags=6 desc=2472 img=hi
[save] partial 9975/10500: 10500 works → /workspace/dlsite-promo-site/data/works.json
[enrich] 9976/10500 RJ056413: tags=6 desc=771 img=hi
[enrich] 9977/10500 RJ042353: tags=6 desc=1053 img=hi
[enrich] 9978/10500 RJ043117: tags=4 desc=776 img=hi
[enrich] 9979/10500 RJ081901: tags=6 desc=1255 img=hi
[enrich] 9980/10500 RJ123519: tags=5 desc=729 img=hi
[enrich] 9981/10500 RJ165799: tags=5 desc=724 img=hi
[enrich] 9982/10500 RJ133146: tags=6 desc=725 img=hi
[enrich] 9983/10500 RJ167130: tags=6 desc=1068 img=hi
[enrich] 9984/10500 RJ067224: tags=6 desc=315 img=hi
[enrich] 9985/10500 RJ01619610: tags=6 desc=536 img=hi
[enrich] 9986/10500 RJ032644: tags=6 desc=179 img=hi
[enrich] 9987/10500 RJ039843: tags=4 desc=843 img=hi
[enrich] 9988/10500 RJ029100: tags=6 desc=685 img=hi
[enrich] 9989/10500 RJ134775: tags=6 desc=916 img=hi
[enrich] 9990/10500 RJ018774: tags=6 desc=172 img=hi
[enrich] 9991/10500 RJ174300: tags=6 desc=487 img=hi
[enrich] 9992/10500 RJ170779: tags=6 desc=4479 img=hi
[enrich] 9993/10500 RJ323543: tags=6 desc=418 img=hi
[enrich] 9994/10500 RJ373134: tags=6 desc=559 img=hi
[enrich] 9995/10500 RJ262975: tags=6 desc=1475 img=hi
[enrich] 9996/10500 RJ040135: tags=6 desc=554 img=hi
[enrich] 9997/10500 RJ030397: tags=6 desc=367 img=hi
[enrich] 9998/10500 RJ055464: tags=6 desc=471 img=hi
[enrich] 9999/10500 RJ185754: tags=6 desc=1327 img=hi
[enrich] 10000/10500 RJ265304: tags=6 desc=763 img=hi
[save] partial 10000/10500: 10500 works → /workspace/dlsite-promo-site/data/works.json
[enrich] 10001/10500 RJ01188792: tags=6 desc=2294 img=hi
[enrich] 10002/10500 RJ059796: tags=6 desc=1570 img=hi
[enrich] 10003/10500 RJ090860: tags=4 desc=954 img=hi
[enrich] 10004/10500 RJ291643: tags=6 desc=971 img=hi
[enrich] 10005/10500 RJ01118480: tags=6 desc=94 img=hi
[enrich] 10006/10500 RJ227817: tags=6 desc=1696 img=hi
[enrich] 10007/10500 RJ243588: tags=5 desc=981 img=hi
[enrich] 10008/10500 RJ085217: tags=5 desc=2055 img=hi
[enrich] 10009/10500 RJ274004: tags=6 desc=1479 img=hi
[enrich] 10010/10500 RJ130950: tags=4 desc=255 img=hi
[enrich] 10011/10500 RJ149039: tags=6 desc=511 img=hi
[enrich] 10012/10500 RJ01283467: tags=6 desc=627 img=hi
[enrich] 10013/10500 RJ202327: tags=6 desc=1840 img=hi
[enrich] 10014/10500 RJ190088: tags=6 desc=509 img=hi
[enrich] 10015/10500 RJ138118: tags=6 desc=415 img=hi
[enrich] 10016/10500 RJ105453: tags=6 desc=784 img=hi
[enrich] 10017/10500 RJ091006: tags=4 desc=833 img=hi
[enrich] 10018/10500 RJ388106: tags=6 desc=898 img=hi
[enrich] 10019/10500 RJ220424: tags=3 desc=260 img=hi
[enrich] 10020/10500 RJ01259208: tags=6 desc=1115 img=hi
[enrich] 10021/10500 RJ258255: tags=6 desc=550 img=hi
[enrich] 10022/10500 RJ204155: tags=6 desc=999 img=hi
[enrich] 10023/10500 RJ035204: tags=6 desc=310 img=hi
[enrich] 10024/10500 RJ124060: tags=4 desc=287 img=hi
[enrich] 10025/10500 RJ300832: tags=6 desc=542 img=hi
[save] partial 10025/10500: 10500 works → /workspace/dlsite-promo-site/data/works.json
[enrich] 10026/10500 RJ352096: tags=6 desc=739 img=hi
[enrich] 10027/10500 RJ181531: tags=4 desc=508 img=hi
[enrich] 10028/10500 RJ228309: tags=2 desc=383 img=hi
[enrich] 10029/10500 RJ249818: tags=6 desc=874 img=hi
[enrich] 10030/10500 RJ365237: tags=6 desc=904 img=hi
[enrich] 10031/10500 RJ213266: tags=2 desc=406 img=hi
[enrich] 10032/10500 RJ01340271: tags=6 desc=966 img=hi
[enrich] 10033/10500 RJ118029: tags=4 desc=1360 img=hi
[enrich] 10034/10500 RJ01030487: tags=6 desc=617 img=hi
[enrich] 10035/10500 RJ299893: tags=6 desc=584 img=hi
[enrich] 10036/10500 RJ252740: tags=6 desc=454 img=hi
[enrich] 10037/10500 RJ229901: tags=5 desc=308 img=hi
[enrich] 10038/10500 RJ01396913: tags=6 desc=561 img=hi
[enrich] 10039/10500 RJ242926: tags=6 desc=77 img=hi
[enrich] 10040/10500 RJ202155: tags=4 desc=74 img=hi
[enrich] 10041/10500 RJ115493: tags=6 desc=777 img=hi
[enrich] 10042/10500 RJ345040: tags=6 desc=917 img=hi
[enrich] 10043/10500 RJ346026: tags=6 desc=636 img=hi
[enrich] 10044/10500 RJ309632: tags=6 desc=126 img=hi
[enrich] 10045/10500 RJ269367: tags=6 desc=924 img=hi
[enrich] 10046/10500 RJ136960: tags=6 desc=498 img=hi
[enrich] 10047/10500 RJ426393: tags=6 desc=319 img=hi
[enrich] 10048/10500 RJ195678: tags=6 desc=343 img=hi
[enrich] 10049/10500 RJ306052: tags=6 desc=1556 img=hi
[enrich] 10050/10500 RJ118912: tags=6 desc=1028 img=hi
[save] partial 10050/10500: 10500 works → /workspace/dlsite-promo-site/data/works.json
[enrich] 10051/10500 RJ031080: tags=6 desc=525 img=hi
[enrich] 10052/10500 RJ356582: tags=6 desc=482 img=hi
[enrich] 10053/10500 RJ032766: tags=5 desc=191 img=hi
[enrich] 10054/10500 RJ207981: tags=6 desc=640 img=hi
[enrich] 10055/10500 RJ179497: tags=5 desc=264 img=hi
[enrich] 10056/10500 RJ01195678: tags=6 desc=253 img=hi
[enrich] 10057/10500 RJ01009167: tags=6 desc=603 img=hi
[enrich] 10058/10500 RJ226485: tags=6 desc=803 img=hi
[enrich] 10059/10500 RJ353611: tags=4 desc=216 img=hi
[enrich] 10060/10500 RJ395080: tags=6 desc=507 img=hi
[enrich] 10061/10500 RJ168447: tags=3 desc=1010 img=hi
[enrich] 10062/10500 RJ314170: tags=6 desc=787 img=hi
[enrich] 10063/10500 RJ388371: tags=2 desc=417 img=hi
[enrich] 10064/10500 RJ156291: tags=5 desc=885 img=hi
[enrich] 10065/10500 RJ210185: tags=6 desc=455 img=hi
[enrich] 10066/10500 RJ01274186: tags=6 desc=585 img=hi
[enrich] 10067/10500 RJ216050: tags=6 desc=95 img=hi
[enrich] 10068/10500 RJ161706: tags=6 desc=933 img=hi
[enrich] 10069/10500 RJ312275: tags=6 desc=490 img=hi
[enrich] 10070/10500 RJ081575: tags=5 desc=715 img=hi
[enrich] 10071/10500 RJ324509: tags=6 desc=112 img=hi
[enrich] 10072/10500 RJ179323: tags=5 desc=290 img=hi
[enrich] 10073/10500 RJ254663: tags=6 desc=284 img=hi
[enrich] 10074/10500 RJ184879: tags=6 desc=1743 img=hi
[enrich] 10075/10500 RJ189207: tags=6 desc=150 img=hi
[save] partial 10075/10500: 10500 works → /workspace/dlsite-promo-site/data/works.json
[enrich] 10076/10500 RJ438556: tags=6 desc=157 img=hi
[enrich] 10077/10500 RJ434044: tags=6 desc=358 img=hi
[enrich] 10078/10500 RJ222827: tags=6 desc=1274 img=hi
[enrich] 10079/10500 RJ01355083: tags=6 desc=821 img=hi
[enrich] 10080/10500 RJ174937: tags=6 desc=725 img=hi
[enrich] 10081/10500 RJ302754: tags=6 desc=517 img=hi
[enrich] 10082/10500 RJ146011: tags=6 desc=683 img=hi
[enrich] 10083/10500 RJ239548: tags=6 desc=1070 img=hi
[enrich] 10084/10500 RJ221222: tags=4 desc=91 img=hi
[enrich] 10085/10500 RJ145483: tags=6 desc=435 img=hi
[enrich] 10086/10500 RJ107692: tags=2 desc=217 img=hi
[enrich] 10087/10500 RJ098159: tags=3 desc=143 img=hi
[enrich] 10088/10500 RJ243602: tags=6 desc=674 img=hi
[enrich] 10089/10500 RJ024705: tags=4 desc=112 img=hi
[enrich] 10090/10500 RJ208188: tags=6 desc=521 img=hi
[enrich] 10091/10500 RJ302268: tags=6 desc=831 img=hi
[enrich] 10092/10500 RJ01229831: tags=6 desc=560 img=hi
[enrich] 10093/10500 RJ312287: tags=6 desc=1330 img=hi
[enrich] 10094/10500 RJ302830: tags=6 desc=229 img=hi
[enrich] 10095/10500 RJ086415: tags=6 desc=285 img=hi
[enrich] 10096/10500 RJ01067915: tags=6 desc=1385 img=hi
[enrich] 10097/10500 RJ231996: tags=5 desc=1260 img=hi
[enrich] 10098/10500 RJ139335: tags=6 desc=778 img=hi
[enrich] 10099/10500 RJ123918: tags=4 desc=288 img=hi
[enrich] 10100/10500 RJ306465: tags=6 desc=514 img=hi
[save] partial 10100/10500: 10500 works → /workspace/dlsite-promo-site/data/works.json
[enrich] 10101/10500 RJ240660: tags=6 desc=279 img=hi
[enrich] 10102/10500 RJ166807: tags=5 desc=510 img=hi
[enrich] 10103/10500 RJ255427: tags=6 desc=554 img=hi
[enrich] 10104/10500 RJ139129: tags=6 desc=812 img=hi
[enrich] 10105/10500 RJ103143: tags=6 desc=171 img=hi
[enrich] 10106/10500 RJ231809: tags=6 desc=245 img=hi
[enrich] 10107/10500 RJ228538: tags=5 desc=372 img=hi
[enrich] 10108/10500 RJ01049478: tags=6 desc=2281 img=hi
[enrich] 10109/10500 RJ084268: tags=6 desc=1061 img=hi
[enrich] 10110/10500 RJ01208565: tags=6 desc=1095 img=hi
[enrich] 10111/10500 RJ137218: tags=4 desc=106 img=hi
[enrich] 10112/10500 RJ011518: tags=1 desc=127 img=hi
[enrich] 10113/10500 RJ01452139: tags=6 desc=44 img=hi
[enrich] 10114/10500 RJ093325: tags=6 desc=1517 img=hi
[enrich] 10115/10500 RJ01337324: tags=6 desc=218 img=hi
[enrich] 10116/10500 RJ040561: tags=6 desc=612 img=hi
[enrich] 10117/10500 RJ167915: tags=6 desc=294 img=hi
[enrich] 10118/10500 RJ380338: tags=6 desc=535 img=hi
[enrich] 10119/10500 RJ392727: tags=6 desc=217 img=hi
[enrich] 10120/10500 RJ027543: tags=4 desc=516 img=hi
[enrich] 10121/10500 RJ033192: tags=5 desc=343 img=hi
[enrich] 10122/10500 RJ098354: tags=6 desc=1158 img=hi
[enrich] 10123/10500 RJ030214: tags=2 desc=612 img=hi
[enrich] 10124/10500 RJ074736: tags=4 desc=806 img=hi
[enrich] 10125/10500 RJ01513213: tags=6 desc=776 img=hi
[save] partial 10125/10500: 10500 works → /workspace/dlsite-promo-site/data/works.json
[enrich] 10126/10500 RJ021287: tags=6 desc=860 img=hi
[enrich] 10127/10500 RJ033012: tags=5 desc=537 img=hi
[enrich] 10128/10500 RJ052154: tags=4 desc=104 img=hi
[enrich] 10129/10500 RJ417812: tags=6 desc=351 img=hi
[enrich] 10130/10500 RJ256604: tags=6 desc=363 img=hi
[enrich] 10131/10500 RJ266795: tags=6 desc=291 img=hi
[enrich] 10132/10500 RJ384248: tags=6 desc=294 img=hi
[enrich] 10133/10500 RJ01547914: tags=6 desc=3666 img=hi
[enrich] 10134/10500 RJ01503690: tags=6 desc=1626 img=hi
[enrich] 10135/10500 RJ385057: tags=5 desc=730 img=hi
[enrich] 10136/10500 RJ01382282: tags=6 desc=561 img=hi
[enrich] 10137/10500 RJ267619: tags=6 desc=216 img=hi
[enrich] 10138/10500 RJ424703: tags=6 desc=315 img=hi
[enrich] 10139/10500 RJ01433631: tags=6 desc=277 img=hi
[enrich] 10140/10500 RJ040780: tags=3 desc=505 img=hi
[enrich] 10141/10500 RJ227413: tags=6 desc=234 img=hi
[enrich] 10142/10500 RJ01580649: tags=6 desc=1325 img=hi
[enrich] 10143/10500 RJ204993: tags=6 desc=1100 img=hi
[enrich] 10144/10500 RJ144700: tags=6 desc=490 img=hi
[enrich] 10145/10500 RJ01372427: tags=6 desc=334 img=hi
[enrich] 10146/10500 RJ294183: tags=6 desc=487 img=hi
[enrich] 10147/10500 RJ01573483: tags=6 desc=977 img=hi
[enrich] 10148/10500 RJ067516: tags=6 desc=1345 img=hi
[enrich] 10149/10500 RJ371029: tags=6 desc=194 img=hi
[enrich] 10150/10500 RJ017261: tags=3 desc=380 img=hi
[save] partial 10150/10500: 10500 works → /workspace/dlsite-promo-site/data/works.json
[enrich] 10151/10500 RJ128954: tags=6 desc=130 img=hi
[enrich] 10152/10500 RJ262736: tags=6 desc=261 img=hi
[enrich] 10153/10500 RJ131451: tags=6 desc=242 img=hi
[enrich] 10154/10500 RJ223451: tags=6 desc=968 img=hi
[enrich] 10155/10500 RJ130004: tags=5 desc=222 img=hi
[enrich] 10156/10500 RJ01386649: tags=6 desc=94 img=hi
[enrich] 10157/10500 RJ096863: tags=6 desc=765 img=hi
[enrich] 10158/10500 RJ042895: tags=5 desc=626 img=hi
[enrich] 10159/10500 RJ185470: tags=6 desc=386 img=hi
[enrich] 10160/10500 RJ200195: tags=6 desc=2836 img=hi
[enrich] 10161/10500 RJ01085455: tags=6 desc=200 img=hi
[enrich] 10162/10500 RJ107913: tags=6 desc=124 img=hi
[enrich] 10163/10500 RJ264386: tags=6 desc=515 img=hi
[enrich] 10164/10500 RJ180618: tags=6 desc=1350 img=hi
[enrich] 10165/10500 RJ184683: tags=6 desc=357 img=hi
[enrich] 10166/10500 RJ01060703: tags=2 desc=233 img=hi
[enrich] 10167/10500 RJ175048: tags=6 desc=935 img=hi
[enrich] 10168/10500 RJ01325692: tags=6 desc=607 img=hi
[enrich] 10169/10500 RJ233176: tags=6 desc=228 img=hi
[enrich] 10170/10500 RJ017457: tags=2 desc=189 img=hi
[enrich] 10171/10500 RJ01127833: tags=6 desc=187 img=hi
[enrich] 10172/10500 RJ090992: tags=6 desc=639 img=hi
[enrich] 10173/10500 RJ200875: tags=6 desc=157 img=hi
[enrich] 10174/10500 RJ01149109: tags=6 desc=2174 img=hi
[enrich] 10175/10500 RJ071575: tags=6 desc=587 img=hi
[save] partial 10175/10500: 10500 works → /workspace/dlsite-promo-site/data/works.json
[enrich] 10176/10500 RJ399912: tags=6 desc=845 img=hi
[enrich] 10177/10500 RJ01353620: tags=6 desc=2511 img=hi
[enrich] 10178/10500 RJ299467: tags=6 desc=707 img=hi
[enrich] 10179/10500 RJ01082233: tags=6 desc=217 img=hi
[enrich] 10180/10500 RJ038448: tags=5 desc=653 img=hi
[enrich] 10181/10500 RJ182386: tags=6 desc=575 img=hi
[enrich] 10182/10500 RJ155410: tags=6 desc=753 img=hi
[enrich] 10183/10500 RJ01395694: tags=4 desc=1112 img=hi
[enrich] 10184/10500 RJ106096: tags=5 desc=188 img=hi
[enrich] 10185/10500 RJ094002: tags=6 desc=305 img=hi
[enrich] 10186/10500 RJ322510: tags=6 desc=988 img=hi
[enrich] 10187/10500 RJ01340879: tags=6 desc=742 img=hi
[enrich] 10188/10500 RJ01315218: tags=6 desc=95 img=hi
[enrich] 10189/10500 RJ062679: tags=4 desc=928 img=hi
[enrich] 10190/10500 RJ01083648: tags=6 desc=635 img=hi
[enrich] 10191/10500 RJ034696: tags=6 desc=899 img=hi
[enrich] 10192/10500 RJ151523: tags=6 desc=165 img=hi
[enrich] 10193/10500 RJ182998: tags=6 desc=984 img=hi
[enrich] 10194/10500 RJ241597: tags=6 desc=690 img=hi
[enrich] 10195/10500 RJ401552: tags=6 desc=403 img=hi
[enrich] 10196/10500 RJ01406425: tags=5 desc=57 img=hi
[enrich] 10197/10500 RJ165276: tags=6 desc=197 img=hi
[enrich] 10198/10500 RJ01133381: tags=6 desc=289 img=hi
[enrich] 10199/10500 RJ131260: tags=0 desc=536 img=hi
[enrich] 10200/10500 RJ368616: tags=0 desc=740 img=hi
[save] partial 10200/10500: 10500 works → /workspace/dlsite-promo-site/data/works.json
[enrich] 10201/10500 RJ130974: tags=0 desc=193 img=hi
[enrich] 10202/10500 RJ022803: tags=0 desc=59 img=hi
[enrich] 10203/10500 RJ268529: tags=0 desc=385 img=hi
[enrich] 10204/10500 RJ01182661: tags=6 desc=313 img=hi
[enrich] 10205/10500 RJ215606: tags=1 desc=624 img=hi
[enrich] 10206/10500 RJ250607: tags=0 desc=2445 img=hi
[enrich] 10207/10500 RJ178636: tags=0 desc=170 img=hi
[enrich] 10208/10500 RJ280350: tags=5 desc=1054 img=hi
[enrich] 10209/10500 RJ199376: tags=0 desc=444 img=hi
[enrich] 10210/10500 RJ313793: tags=1 desc=1620 img=hi
[enrich] 10211/10500 RJ226923: tags=6 desc=11 img=hi
[enrich] 10212/10500 RJ01134794: tags=6 desc=366 img=hi
[enrich] 10213/10500 RJ214056: tags=6 desc=46 img=hi
[enrich] 10214/10500 RJ274844: tags=0 desc=467 img=hi
[enrich] 10215/10500 RJ226983: tags=0 desc=735 img=hi
[enrich] 10216/10500 RJ272352: tags=5 desc=415 img=hi
[enrich] 10217/10500 RJ01401611: tags=6 desc=1740 img=hi
[enrich] 10218/10500 RJ313789: tags=1 desc=1526 img=hi
[enrich] 10219/10500 RJ178630: tags=1 desc=346 img=hi
[enrich] 10220/10500 RJ178633: tags=0 desc=191 img=hi
[enrich] 10221/10500 RJ369383: tags=6 desc=303 img=hi
[enrich] 10222/10500 RJ207641: tags=0 desc=844 img=hi
[enrich] 10223/10500 RJ159214: tags=0 desc=2075 img=hi
[enrich] 10224/10500 RJ280733: tags=1 desc=814 img=hi
[enrich] 10225/10500 RJ01054800: tags=0 desc=1248 img=hi
[save] partial 10225/10500: 10500 works → /workspace/dlsite-promo-site/data/works.json
[enrich] 10226/10500 RJ295658: tags=5 desc=6 img=hi
[enrich] 10227/10500 RJ259531: tags=0 desc=581 img=hi
[enrich] 10228/10500 RJ212108: tags=1 desc=1350 img=hi
[enrich] 10229/10500 RJ268525: tags=0 desc=1090 img=hi
[enrich] 10230/10500 RJ199377: tags=0 desc=470 img=hi
[enrich] 10231/10500 RJ313792: tags=1 desc=1577 img=hi
[enrich] 10232/10500 RJ164916: tags=1 desc=709 img=hi
[enrich] 10233/10500 RJ158357: tags=0 desc=2468 img=hi
[enrich] 10234/10500 RJ183765: tags=0 desc=532 img=hi
[enrich] 10235/10500 RJ200994: tags=0 desc=316 img=hi
[enrich] 10236/10500 RJ036595: tags=0 desc=124 img=hi
[enrich] 10237/10500 RJ304765: tags=0 desc=853 img=hi
[enrich] 10238/10500 RJ254949: tags=1 desc=1088 img=hi
[enrich] 10239/10500 RJ199319: tags=5 desc=903 img=hi
[enrich] 10240/10500 RJ420572: tags=0 desc=1221 img=hi
[enrich] 10241/10500 RJ131186: tags=0 desc=500 img=hi
[enrich] 10242/10500 RJ100997: tags=1 desc=271 img=hi
[enrich] 10243/10500 RJ032029: tags=0 desc=262 img=hi
[enrich] 10244/10500 RJ400737: tags=4 desc=2267 img=hi
[enrich] 10245/10500 RJ01225774: tags=0 desc=8 img=hi
[enrich] 10246/10500 RJ234371: tags=0 desc=1074 img=hi
[enrich] 10247/10500 RJ173341: tags=2 desc=732 img=hi
[enrich] 10248/10500 RJ144284: tags=0 desc=1020 img=hi
[enrich] 10249/10500 RJ048439: tags=1 desc=81 img=hi
[enrich] 10250/10500 RJ234252: tags=6 desc=116 img=hi
[save] partial 10250/10500: 10500 works → /workspace/dlsite-promo-site/data/works.json
[enrich] 10251/10500 RJ131585: tags=0 desc=1083 img=hi
[enrich] 10252/10500 RJ129609: tags=1 desc=1251 img=hi
[enrich] 10253/10500 RJ090294: tags=1 desc=725 img=hi
[enrich] 10254/10500 RJ158926: tags=6 desc=841 img=hi
[enrich] 10255/10500 RJ178639: tags=1 desc=289 img=hi
[enrich] 10256/10500 RJ237191: tags=6 desc=1239 img=hi
[enrich] 10257/10500 RJ072160: tags=1 desc=185 img=hi
[enrich] 10258/10500 RJ048441: tags=1 desc=166 img=hi
[enrich] 10259/10500 RJ01033578: tags=1 desc=765 img=hi
[enrich] 10260/10500 RJ01533628: tags=6 desc=1060 img=hi
[enrich] 10261/10500 RJ01107272: tags=6 desc=186 img=hi
[enrich] 10262/10500 RJ353578: tags=0 desc=1281 img=hi
[enrich] 10263/10500 RJ128900: tags=0 desc=466 img=hi
[enrich] 10264/10500 RJ136808: tags=0 desc=508 img=hi
[enrich] 10265/10500 RJ205715: tags=3 desc=641 img=hi
[enrich] 10266/10500 RJ046176: tags=0 desc=492 img=hi
[enrich] 10267/10500 RJ299592: tags=6 desc=693 img=hi
[enrich] 10268/10500 RJ164919: tags=1 desc=664 img=hi
[enrich] 10269/10500 RJ201316: tags=4 desc=564 img=hi
[enrich] 10270/10500 RJ280379: tags=6 desc=3000 img=hi
[enrich] 10271/10500 RJ019925: tags=0 desc=63 img=hi
[enrich] 10272/10500 RJ387255: tags=0 desc=827 img=hi
[enrich] 10273/10500 RJ299694: tags=6 desc=155 img=hi
[enrich] 10274/10500 RJ280212: tags=6 desc=266 img=hi
[enrich] 10275/10500 RJ307963: tags=0 desc=841 img=hi
[save] partial 10275/10500: 10500 works → /workspace/dlsite-promo-site/data/works.json
[enrich] 10276/10500 RJ01250059: tags=0 desc=8 img=hi
[enrich] 10277/10500 RJ048437: tags=1 desc=78 img=hi
[enrich] 10278/10500 RJ397592: tags=1 desc=660 img=hi
[enrich] 10279/10500 RJ300728: tags=5 desc=152 img=hi
[enrich] 10280/10500 RJ174265: tags=4 desc=866 img=hi
[enrich] 10281/10500 RJ215609: tags=2 desc=639 img=hi
[enrich] 10282/10500 RJ190407: tags=1 desc=376 img=hi
[enrich] 10283/10500 RJ279732: tags=1 desc=1380 img=hi
[enrich] 10284/10500 RJ279748: tags=0 desc=445 img=hi
[enrich] 10285/10500 RJ260054: tags=0 desc=914 img=hi
[enrich] 10286/10500 RJ01722828: tags=0 desc=8 img=hi
[enrich] 10287/10500 RJ01722826: tags=0 desc=8 img=hi
[enrich] 10288/10500 RJ01722774: tags=0 desc=8 img=hi
[enrich] 10289/10500 RJ01722766: tags=0 desc=8 img=hi
[enrich] 10290/10500 RJ01722728: tags=0 desc=8 img=hi
[enrich] 10291/10500 RJ01722726: tags=0 desc=8 img=hi
[enrich] 10292/10500 RJ01722724: tags=0 desc=8 img=hi
[enrich] 10293/10500 RJ01722722: tags=0 desc=8 img=hi
[enrich] 10294/10500 RJ01722716: tags=0 desc=8 img=hi
[enrich] 10295/10500 RJ01722704: tags=0 desc=8 img=hi
[enrich] 10296/10500 RJ01722700: tags=0 desc=8 img=hi
[enrich] 10297/10500 RJ01722637: tags=0 desc=8 img=hi
[enrich] 10298/10500 RJ01722635: tags=0 desc=8 img=hi
[enrich] 10299/10500 RJ01722599: tags=0 desc=8 img=hi
[enrich] 10300/10500 RJ01722586: tags=0 desc=8 img=hi
[save] partial 10300/10500: 10500 works → /workspace/dlsite-promo-site/data/works.json
[enrich] 10301/10500 RJ01725020: tags=5 desc=223 img=hi
[enrich] 10302/10500 RJ01724913: tags=5 desc=432 img=hi
[enrich] 10303/10500 RJ01724867: tags=2 desc=1114 img=hi
[enrich] 10304/10500 RJ01724830: tags=4 desc=170 img=hi
[enrich] 10305/10500 RJ01724790: tags=1 desc=59 img=hi
[enrich] 10306/10500 RJ01724764: tags=6 desc=763 img=hi
[enrich] 10307/10500 RJ01724660: tags=6 desc=286 img=hi
[enrich] 10308/10500 RJ01724492: tags=6 desc=518 img=hi
[enrich] 10309/10500 RJ01722416: tags=0 desc=8 img=hi
[enrich] 10310/10500 RJ01722383: tags=0 desc=8 img=hi
[enrich] 10311/10500 RJ01722351: tags=0 desc=8 img=hi
[enrich] 10312/10500 RJ01722291: tags=0 desc=8 img=hi
[enrich] 10313/10500 RJ01722274: tags=0 desc=8 img=hi
[enrich] 10314/10500 RJ01722267: tags=0 desc=8 img=hi
[enrich] 10315/10500 RJ01722254: tags=0 desc=8 img=hi
[enrich] 10316/10500 RJ01722246: tags=0 desc=8 img=hi
[enrich] 10317/10500 RJ01722244: tags=0 desc=8 img=hi
[enrich] 10318/10500 RJ01722243: tags=0 desc=8 img=hi
[enrich] 10319/10500 RJ01722217: tags=0 desc=8 img=hi
[enrich] 10320/10500 RJ01722207: tags=0 desc=8 img=hi
[enrich] 10321/10500 RJ01722192: tags=0 desc=8 img=hi
[enrich] 10322/10500 RJ01722160: tags=0 desc=8 img=hi
[enrich] 10323/10500 RJ01722145: tags=0 desc=8 img=hi
[enrich] 10324/10500 RJ01722143: tags=0 desc=8 img=hi
[enrich] 10325/10500 RJ01722142: tags=0 desc=8 img=hi
[save] partial 10325/10500: 10500 works → /workspace/dlsite-promo-site/data/works.json
[enrich] 10326/10500 RJ01722138: tags=0 desc=8 img=hi
[enrich] 10327/10500 RJ01722136: tags=0 desc=8 img=hi
[enrich] 10328/10500 RJ01722109: tags=0 desc=8 img=hi
[enrich] 10329/10500 RJ01722105: tags=0 desc=8 img=hi
[enrich] 10330/10500 RJ01722097: tags=0 desc=8 img=hi
[cache] RJ01706420
[enrich] 10331/10500 RJ01706420: tags=6 desc=1374 img=hi [cached]
[cache] RJ01706304
[enrich] 10332/10500 RJ01706304: tags=6 desc=441 img=hi [cached]
[cache] RJ01706228
[enrich] 10333/10500 RJ01706228: tags=6 desc=1311 img=hi [cached]
[cache] RJ01705956
[enrich] 10334/10500 RJ01705956: tags=6 desc=1558 img=hi [cached]
[enrich] 10335/10500 RJ01705730: tags=5 desc=322 img=hi
[enrich] 10336/10500 RJ01705703: tags=6 desc=860 img=hi
[enrich] 10337/10500 RJ01705702: tags=6 desc=240 img=hi
[enrich] 10338/10500 RJ01705060: tags=6 desc=2370 img=hi
[enrich] 10339/10500 RJ01705007: tags=6 desc=1100 img=hi
[enrich] 10340/10500 RJ01704753: tags=6 desc=1994 img=hi
[enrich] 10341/10500 RJ01704599: tags=6 desc=1116 img=hi
[enrich] 10342/10500 RJ01697159: tags=6 desc=1238 img=hi
[enrich] 10343/10500 RJ01677979: tags=6 desc=1204 img=hi
[enrich] 10344/10500 RJ01657819: tags=3 desc=219 img=hi
[enrich] 10345/10500 RJ01635913: tags=6 desc=250 img=hi
[enrich] 10346/10500 RJ01706930: tags=2 desc=399 img=hi
[enrich] 10347/10500 RJ01706745: tags=6 desc=149 img=hi
[enrich] 10348/10500 RJ01706483: tags=6 desc=541 img=hi
[enrich] 10349/10500 RJ01706472: tags=6 desc=1114 img=hi
[enrich] 10350/10500 RJ01706447: tags=6 desc=1319 img=hi
[save] partial 10350/10500: 10500 works → /workspace/dlsite-promo-site/data/works.json
[enrich] 10351/10500 RJ01706297: tags=5 desc=234 img=hi
[enrich] 10352/10500 RJ01706262: tags=6 desc=689 img=hi
[enrich] 10353/10500 RJ01705695: tags=6 desc=1211 img=hi
[enrich] 10354/10500 RJ01705637: tags=4 desc=733 img=hi
[enrich] 10355/10500 RJ01705579: tags=6 desc=694 img=hi
[enrich] 10356/10500 RJ01705331: tags=6 desc=1918 img=hi
[enrich] 10357/10500 RJ01705253: tags=6 desc=1103 img=hi
[enrich] 10358/10500 RJ01705205: tags=6 desc=544 img=hi
[enrich] 10359/10500 RJ01705161: tags=6 desc=1555 img=hi
[enrich] 10360/10500 RJ01704775: tags=6 desc=2323 img=hi
[enrich] 10361/10500 RJ01704685: tags=6 desc=1605 img=hi
[enrich] 10362/10500 RJ01704518: tags=6 desc=2364 img=hi
[enrich] 10363/10500 RJ01704189: tags=6 desc=1970 img=hi
[enrich] 10364/10500 RJ01704173: tags=4 desc=279 img=hi
[enrich] 10365/10500 RJ01703626: tags=6 desc=617 img=hi
[enrich] 10366/10500 RJ01703549: tags=6 desc=437 img=hi
[enrich] 10367/10500 RJ01703437: tags=6 desc=1071 img=hi
[enrich] 10368/10500 RJ01703405: tags=6 desc=1755 img=hi
[enrich] 10369/10500 RJ01702023: tags=6 desc=2385 img=hi
[enrich] 10370/10500 RJ01700405: tags=6 desc=1610 img=hi
[enrich] 10371/10500 RJ01699744: tags=6 desc=904 img=hi
[enrich] 10372/10500 RJ01698671: tags=5 desc=414 img=hi
[enrich] 10373/10500 RJ01698126: tags=6 desc=343 img=hi
[enrich] 10374/10500 RJ01696412: tags=6 desc=409 img=hi
[enrich] 10375/10500 RJ01695094: tags=6 desc=475 img=hi
[save] partial 10375/10500: 10500 works → /workspace/dlsite-promo-site/data/works.json
[enrich] 10376/10500 RJ01690433: tags=6 desc=1761 img=hi
[enrich] 10377/10500 RJ01690014: tags=6 desc=1902 img=hi
[enrich] 10378/10500 RJ01676194: tags=5 desc=643 img=hi
[enrich] 10379/10500 RJ01673241: tags=6 desc=1127 img=hi
[enrich] 10380/10500 RJ01612193: tags=2 desc=352 img=hi
[enrich] 10381/10500 RJ01588225: tags=6 desc=365 img=hi
[enrich] 10382/10500 RJ01706693: tags=6 desc=1014 img=hi
[enrich] 10383/10500 RJ01706422: tags=6 desc=1216 img=hi
[enrich] 10384/10500 RJ01706414: tags=6 desc=1405 img=hi
[enrich] 10385/10500 RJ01706395: tags=4 desc=583 img=hi
[enrich] 10386/10500 RJ01695885: tags=4 desc=586 img=hi
[enrich] 10387/10500 RJ01695884: tags=1 desc=586 img=hi
[enrich] 10388/10500 RJ01695882: tags=1 desc=586 img=hi
[enrich] 10389/10500 RJ01695880: tags=3 desc=586 img=hi
[enrich] 10390/10500 RJ01695878: tags=2 desc=586 img=hi
[enrich] 10391/10500 RJ01695871: tags=2 desc=586 img=hi
[enrich] 10392/10500 RJ01694359: tags=6 desc=1566 img=hi
[enrich] 10393/10500 RJ01630909: tags=6 desc=2574 img=hi
[enrich] 10394/10500 RJ01706134: tags=6 desc=290 img=hi
[enrich] 10395/10500 RJ01706023: tags=3 desc=1047 img=hi
[enrich] 10396/10500 RJ01705873: tags=3 desc=786 img=hi
[enrich] 10397/10500 RJ01705574: tags=2 desc=807 img=hi
[enrich] 10398/10500 RJ01705570: tags=1 desc=700 img=hi
[enrich] 10399/10500 RJ01705568: tags=1 desc=578 img=hi
[enrich] 10400/10500 RJ01705562: tags=1 desc=577 img=hi
[save] partial 10400/10500: 10500 works → /workspace/dlsite-promo-site/data/works.json
[enrich] 10401/10500 RJ01705560: tags=1 desc=500 img=hi
[enrich] 10402/10500 RJ01705512: tags=6 desc=714 img=hi
[enrich] 10403/10500 RJ01705509: tags=5 desc=236 img=hi
[enrich] 10404/10500 RJ01705423: tags=6 desc=985 img=hi
[enrich] 10405/10500 RJ01704055: tags=6 desc=820 img=hi
[enrich] 10406/10500 RJ01703423: tags=6 desc=1472 img=hi
[enrich] 10407/10500 RJ01703016: tags=4 desc=387 img=hi
[enrich] 10408/10500 RJ01702593: tags=6 desc=2755 img=hi
[enrich] 10409/10500 RJ01701873: tags=6 desc=228 img=hi
[enrich] 10410/10500 RJ01700582: tags=6 desc=924 img=hi
[enrich] 10411/10500 RJ01699758: tags=6 desc=1648 img=hi
[enrich] 10412/10500 RJ01699722: tags=6 desc=1119 img=hi
[enrich] 10413/10500 RJ01697744: tags=3 desc=585 img=hi
[enrich] 10414/10500 RJ01696051: tags=6 desc=2415 img=hi
[enrich] 10415/10500 RJ01694519: tags=6 desc=2159 img=hi
[enrich] 10416/10500 RJ01690409: tags=6 desc=1607 img=hi
[enrich] 10417/10500 RJ01690351: tags=6 desc=808 img=hi
[enrich] 10418/10500 RJ01651270: tags=6 desc=745 img=hi
[enrich] 10419/10500 RJ01705536: tags=1 desc=494 img=hi
[enrich] 10420/10500 RJ01705050: tags=5 desc=369 img=hi
[enrich] 10421/10500 RJ01695870: tags=2 desc=447 img=hi
[enrich] 10422/10500 RJ01693570: tags=6 desc=184 img=hi
[enrich] 10423/10500 RJ01704042: tags=6 desc=871 img=hi
[enrich] 10424/10500 RJ01703217: tags=6 desc=1334 img=hi
[enrich] 10425/10500 RJ01701924: tags=6 desc=1481 img=hi
[save] partial 10425/10500: 10500 works → /workspace/dlsite-promo-site/data/works.json
[enrich] 10426/10500 RJ01705407: tags=6 desc=422 img=hi
[enrich] 10427/10500 RJ01704887: tags=5 desc=229 img=hi
[enrich] 10428/10500 RJ01698684: tags=6 desc=538 img=hi
[enrich] 10429/10500 RJ01704679: tags=6 desc=371 img=hi
[enrich] 10430/10500 RJ01704660: tags=5 desc=612 img=hi
[enrich] 10431/10500 RJ01704343: tags=6 desc=1394 img=hi
[enrich] 10432/10500 RJ01704321: tags=6 desc=345 img=hi
[enrich] 10433/10500 RJ01703398: tags=6 desc=1041 img=hi
[enrich] 10434/10500 RJ01703087: tags=1 desc=288 img=hi
[enrich] 10435/10500 RJ01702274: tags=6 desc=2088 img=hi
[enrich] 10436/10500 RJ01701454: tags=6 desc=1470 img=hi
[enrich] 10437/10500 RJ01690990: tags=6 desc=911 img=hi
[enrich] 10438/10500 RJ01662169: tags=1 desc=425 img=hi
[enrich] 10439/10500 RJ01704554: tags=6 desc=1102 img=hi
[enrich] 10440/10500 RJ01704386: tags=6 desc=1078 img=hi
[enrich] 10441/10500 RJ01704309: tags=5 desc=103 img=hi
[enrich] 10442/10500 RJ01704113: tags=4 desc=274 img=hi
[enrich] 10443/10500 RJ01703998: tags=1 desc=634 img=hi
[enrich] 10444/10500 RJ01703915: tags=6 desc=145 img=hi
[enrich] 10445/10500 RJ01703176: tags=5 desc=932 img=hi
[enrich] 10446/10500 RJ01703990: tags=2 desc=522 img=hi
[enrich] 10447/10500 RJ01703971: tags=5 desc=233 img=hi
[enrich] 10448/10500 RJ01703863: tags=6 desc=1077 img=hi
[enrich] 10449/10500 RJ01703634: tags=6 desc=299 img=hi
[enrich] 10450/10500 RJ01703279: tags=6 desc=778 img=hi
[save] partial 10450/10500: 10500 works → /workspace/dlsite-promo-site/data/works.json
[enrich] 10451/10500 RJ01703277: tags=6 desc=974 img=hi
[enrich] 10452/10500 RJ01703223: tags=6 desc=952 img=hi
[enrich] 10453/10500 RJ01701775: tags=1 desc=315 img=hi
[enrich] 10454/10500 RJ01698521: tags=6 desc=2161 img=hi
[enrich] 10455/10500 RJ01681615: tags=6 desc=3489 img=hi
[enrich] 10456/10500 RJ01677291: tags=6 desc=1129 img=hi
[enrich] 10457/10500 RJ01638094: tags=6 desc=499 img=hi
[enrich] 10458/10500 RJ01583491: tags=6 desc=2321 img=hi
[enrich] 10459/10500 RJ01703811: tags=6 desc=594 img=hi
[enrich] 10460/10500 RJ01703564: tags=6 desc=444 img=hi
[enrich] 10461/10500 RJ01703489: tags=5 desc=237 img=hi
[enrich] 10462/10500 RJ01698376: tags=6 desc=1665 img=hi
[enrich] 10463/10500 RJ01703084: tags=1 desc=302 img=hi
[enrich] 10464/10500 RJ01693774: tags=0 desc=8 img=hi
[enrich] 10465/10500 RJ01693657: tags=6 desc=402 img=hi
[enrich] 10466/10500 RJ01692891: tags=4 desc=146 img=hi
[enrich] 10467/10500 RJ01691010: tags=2 desc=676 img=hi
[enrich] 10468/10500 RJ01687992: tags=0 desc=8 img=hi
[enrich] 10469/10500 RJ01687887: tags=0 desc=8 img=hi
[enrich] 10470/10500 RJ01686682: tags=0 desc=8 img=hi
[enrich] 10471/10500 RJ01682790: tags=6 desc=898 img=hi
[enrich] 10472/10500 RJ01681183: tags=6 desc=472 img=hi
[enrich] 10473/10500 RJ01679439: tags=6 desc=904 img=hi
[enrich] 10474/10500 RJ01660824: tags=6 desc=861 img=hi
[enrich] 10475/10500 RJ01658372: tags=6 desc=863 img=hi
[save] partial 10475/10500: 10500 works → /workspace/dlsite-promo-site/data/works.json
[enrich] 10476/10500 RJ01694123: tags=4 desc=719 img=hi
[enrich] 10477/10500 RJ01688057: tags=0 desc=8 img=hi
[enrich] 10478/10500 RJ01656625: tags=6 desc=308 img=hi
[enrich] 10479/10500 RJ01695249: tags=2 desc=67 img=hi
[enrich] 10480/10500 RJ01695228: tags=1 desc=279 img=hi
[enrich] 10481/10500 RJ01695177: tags=1 desc=488 img=hi
[enrich] 10482/10500 RJ01695173: tags=0 desc=436 img=hi
[enrich] 10483/10500 RJ01695170: tags=0 desc=429 img=hi
[enrich] 10484/10500 RJ01695164: tags=0 desc=435 img=hi
[enrich] 10485/10500 RJ01695147: tags=0 desc=435 img=hi
[enrich] 10486/10500 RJ01694648: tags=6 desc=935 img=hi
[enrich] 10487/10500 RJ01691096: tags=6 desc=934 img=hi
[enrich] 10488/10500 RJ01690149: tags=6 desc=1105 img=hi
[enrich] 10489/10500 RJ01689366: tags=6 desc=1106 img=hi
[enrich] 10490/10500 RJ01669606: tags=6 desc=851 img=hi
[enrich] 10491/10500 RJ01694871: tags=2 desc=363 img=hi
[enrich] 10492/10500 RJ01693746: tags=0 desc=8 img=hi
[enrich] 10493/10500 RJ01685770: tags=0 desc=8 img=hi
[enrich] 10494/10500 RJ01694447: tags=6 desc=237 img=hi
[enrich] 10495/10500 RJ01692919: tags=6 desc=95 img=hi
[enrich] 10496/10500 RJ01689403: tags=6 desc=337 img=hi
[enrich] 10497/10500 RJ01686631: tags=0 desc=8 img=hi
[enrich] 10498/10500 RJ01686405: tags=0 desc=8 img=hi
[enrich] 10499/10500 RJ01686397: tags=0 desc=8 img=hi
[enrich] 10500/10500 RJ01658370: tags=6 desc=786 img=hi
[save] partial 10500/10500: 10500 works → /workspace/dlsite-promo-site/data/works.json
Wrote 10500 works → /workspace/dlsite-promo-site/data/works.json (enriched≈9842, desc≥20=9822, tags=9566, net_fetches≈1188)
live_fetch=True updated_at=2026-09-23T18:06:46.275763+09:00
SEO: 10500 work pages, 60 tag pages, 40 circle pages, sitemap urls=10605, siteUrl=https://doujin-pick.github.io
